id,ts_utc,date_pt,element_id,element_type,edition,name,rarity,price_omi,seller,buyer,seller_username,buyer_username
394342,2026-07-07 21:28:18,2026-07-07,0835a0a7-4283-4f92-be23-32716e5e58dc,COMIC_COVER,2870,Tales to Astonish Vol. 1,COMMON,4000.0,0x5198dbe1a55c10f37a27ca2cad3c246318637d06,0x0ae74be95286966e84332b55c4af6e4758000798,Josh7291,booth777
364753,2026-07-07 21:28:47,2026-07-07,0835a0a7-4283-4f92-be23-32716e5e58dc,COMIC_COVER,5918,Tales to Astonish Vol. 1,COMMON,10823.0,0xf819718352407efdac507bcc52ffe64a157facfc,0x0ae74be95286966e84332b55c4af6e4758000798,sourD,booth777
394336,2026-07-07 21:29:45,2026-07-07,0835a0a7-4283-4f92-be23-32716e5e58dc,COMIC_COVER,3586,Tales to Astonish Vol. 1,COMMON,4000.0,0x5198dbe1a55c10f37a27ca2cad3c246318637d06,0x0ae74be95286966e84332b55c4af6e4758000798,Josh7291,booth777
394338,2026-07-07 21:30:46,2026-07-07,0835a0a7-4283-4f92-be23-32716e5e58dc,COMIC_COVER,3423,Tales to Astonish Vol. 1,COMMON,4000.0,0x5198dbe1a55c10f37a27ca2cad3c246318637d06,0x0ae74be95286966e84332b55c4af6e4758000798,Josh7291,booth777
394339,2026-07-07 21:31:13,2026-07-07,0835a0a7-4283-4f92-be23-32716e5e58dc,COMIC_COVER,3394,Tales to Astonish Vol. 1,COMMON,4000.0,0x5198dbe1a55c10f37a27ca2cad3c246318637d06,0x0ae74be95286966e84332b55c4af6e4758000798,Josh7291,booth777
395323,2026-07-07 21:31:40,2026-07-07,c3d4955f-fe8e-4e24-a8e7-1c938d4dc400,COMIC_COVER,1460,Wolverine Vol. 2,COMMON,9500.0,0x0a55b9038ce2d15969365df8cc0be3ad3897313b,0x0af2d56de97e943da27bba50356650836f93d1cf,Zombi2,hliasolympiakos
394344,2026-07-07 21:32:11,2026-07-07,0835a0a7-4283-4f92-be23-32716e5e58dc,COMIC_COVER,2850,Tales to Astonish Vol. 1,COMMON,4000.0,0x5198dbe1a55c10f37a27ca2cad3c246318637d06,0x0ae74be95286966e84332b55c4af6e4758000798,Josh7291,booth777
395322,2026-07-07 21:33:15,2026-07-07,c3d4955f-fe8e-4e24-a8e7-1c938d4dc400,COMIC_COVER,1489,Wolverine Vol. 2,COMMON,9500.0,0x0a55b9038ce2d15969365df8cc0be3ad3897313b,0x0af2d56de97e943da27bba50356650836f93d1cf,Zombi2,hliasolympiakos
395321,2026-07-07 21:33:45,2026-07-07,c3d4955f-fe8e-4e24-a8e7-1c938d4dc400,COMIC_COVER,1593,Wolverine Vol. 2,COMMON,9500.0,0x0a55b9038ce2d15969365df8cc0be3ad3897313b,0x0af2d56de97e943da27bba50356650836f93d1cf,Zombi2,hliasolympiakos
371168,2026-07-07 21:37:19,2026-07-07,c3d4955f-fe8e-4e24-a8e7-1c938d4dc400,COMIC_COVER,2073,Wolverine Vol. 2,COMMON,10000.0,0xcba2f75208f2cedea08dc25ba7e4b218c1bd0bc4,0x0af2d56de97e943da27bba50356650836f93d1cf,jintokil,hliasolympiakos
371167,2026-07-07 21:39:03,2026-07-07,c3d4955f-fe8e-4e24-a8e7-1c938d4dc400,COMIC_COVER,2226,Wolverine Vol. 2,COMMON,10000.0,0xcba2f75208f2cedea08dc25ba7e4b218c1bd0bc4,0x0af2d56de97e943da27bba50356650836f93d1cf,jintokil,hliasolympiakos
395320,2026-07-07 21:39:49,2026-07-07,c3d4955f-fe8e-4e24-a8e7-1c938d4dc400,COMIC_COVER,2477,Wolverine Vol. 2,COMMON,9500.0,0x0a55b9038ce2d15969365df8cc0be3ad3897313b,0x0af2d56de97e943da27bba50356650836f93d1cf,Zombi2,hliasolympiakos
371165,2026-07-07 21:40:47,2026-07-07,c3d4955f-fe8e-4e24-a8e7-1c938d4dc400,COMIC_COVER,2723,Wolverine Vol. 2,COMMON,10000.0,0xcba2f75208f2cedea08dc25ba7e4b218c1bd0bc4,0x0af2d56de97e943da27bba50356650836f93d1cf,jintokil,hliasolympiakos
363192,2026-07-07 21:40:53,2026-07-07,0835a0a7-4283-4f92-be23-32716e5e58dc,COMIC_COVER,14768,Tales to Astonish Vol. 1,COMMON,10504.0,0x0ac33c5ff4467c2daf8addc422386c4df25b224a,0x0ae74be95286966e84332b55c4af6e4758000798,phoniaton,booth777
364751,2026-07-07 21:41:19,2026-07-07,0835a0a7-4283-4f92-be23-32716e5e58dc,COMIC_COVER,12764,Tales to Astonish Vol. 1,COMMON,10823.0,0xf819718352407efdac507bcc52ffe64a157facfc,0x0ae74be95286966e84332b55c4af6e4758000798,sourD,booth777
364754,2026-07-07 21:41:26,2026-07-07,0835a0a7-4283-4f92-be23-32716e5e58dc,COMIC_COVER,5863,Tales to Astonish Vol. 1,COMMON,10823.0,0xf819718352407efdac507bcc52ffe64a157facfc,0x0ae74be95286966e84332b55c4af6e4758000798,sourD,booth777
391311,2026-07-07 21:42:11,2026-07-07,2a1c126f-df51-4957-8f5c-db0b9375ecf8,COLLECTIBLE_TYPE,5939,Shadow Trooper - Squad Leader,COMMON,7900.0,0x3061998c6436bfd74b1f2d110bce52495d125241,0x009230069c60156f531b3af06d1f4ee61b3ea61c,BigVVLove24,ShatteredZ
395326,2026-07-07 21:53:44,2026-07-07,c3d4955f-fe8e-4e24-a8e7-1c938d4dc400,COMIC_COVER,847,Wolverine Vol. 2,COMMON,17500.0,0x0a55b9038ce2d15969365df8cc0be3ad3897313b,0x0af2d56de97e943da27bba50356650836f93d1cf,Zombi2,hliasolympiakos
371171,2026-07-07 21:53:50,2026-07-07,c3d4955f-fe8e-4e24-a8e7-1c938d4dc400,COMIC_COVER,1340,Wolverine Vol. 2,COMMON,12800.0,0xcba2f75208f2cedea08dc25ba7e4b218c1bd0bc4,0x0af2d56de97e943da27bba50356650836f93d1cf,jintokil,hliasolympiakos
389703,2026-07-07 21:59:16,2026-07-07,a6bf0034-23a4-47f8-a20b-90016dfa75d3,COMIC_COVER,6743,The X-Men Vol. 1,COMMON,6888.0,0xf24ad7f6e43144a8e5570b285805c45e890d3f82,0x8f5afc7671c89bb233b93ffb324de7fb0d6ba676,thesnackman,klimster85
393907,2026-07-07 22:08:09,2026-07-07,c3df7496-e8e7-4507-b80a-5c2b5d996645,COLLECTIBLE_TYPE,2817,#100 Todd McFarlane Batman,COMMON,1700000.0,0x21b832be60d006d84463c7be091c70c9b958fc06,0xb6e6911dd6354c65441690c4036a7ddd8accba05,adigitalfuture,Bigmurphedm
396114,2026-07-07 22:18:42,2026-07-07,aa07ce2d-aeff-4234-9eeb-78d70f92c429,COLLECTIBLE_TYPE,23,Chun-Li Red,SECRET_RARE,1300000.0,0x827a3d3386b8b3640575dcb7608ab038ba030bac,0x8366be1ab47df31edd83296534e086cc4062a797,ch0d34d0r4ti0n,11VeVeLasVegas11
396115,2026-07-07 22:21:44,2026-07-07,f5caca1e-779f-4235-8622-c763fa92ccb6,COLLECTIBLE_TYPE,18,Donatello - Classic (Special Edition),COMMON,4700000.0,0x827a3d3386b8b3640575dcb7608ab038ba030bac,0x8366be1ab47df31edd83296534e086cc4062a797,ch0d34d0r4ti0n,11VeVeLasVegas11
395830,2026-07-07 22:26:44,2026-07-07,c00630d3-6aaa-412a-a9d3-ffe68fceba5a,COLLECTIBLE_TYPE,2480,Donatello - Classic,COMMON,33699.0,0x009230069c60156f531b3af06d1f4ee61b3ea61c,0x21891b3e455c361eda5d569f99b8f3175e1ddfbf,ShatteredZ,skip1983j
369742,2026-07-07 22:51:15,2026-07-07,87b3fe20-d36e-4393-9972-5c7a1e84c33c,COMIC_COVER,1581,Fantastic Four Vol. 1,COMMON,15451.0,0x297698d2b9c84f8642dac6f3db3e39c42fcc9a88,0x8f5afc7671c89bb233b93ffb324de7fb0d6ba676,TheSaltyBoii,klimster85
376754,2026-07-07 22:53:22,2026-07-07,4c58fb94-c70b-4ab5-8f78-536d14cc041b,COMIC_COVER,9328,Vengeance,UNCOMMON,7500.0,0xaa37dd1ab2dccde440c328fd5087348183b6d6b8,0x8f5afc7671c89bb233b93ffb324de7fb0d6ba676,grayeagle,klimster85
396145,2026-07-07 22:57:15,2026-07-07,f5caca1e-779f-4235-8622-c763fa92ccb6,COLLECTIBLE_TYPE,16,Donatello - Classic (Special Edition),COMMON,6666666.0,0x8366be1ab47df31edd83296534e086cc4062a797,0x827a3d3386b8b3640575dcb7608ab038ba030bac,11VeVeLasVegas11,ch0d34d0r4ti0n
391045,2026-07-07 23:27:41,2026-07-07,1da86cf0-6da2-44dd-8ee7-be38f59ba2a0,COMIC_COVER,6622,Uncanny X-Men Vol. 1,COMMON,8900.0,0x0d1509b026d680caed17764fae38e870460b7acc,0x8f5afc7671c89bb233b93ffb324de7fb0d6ba676,TopDog,klimster85
391044,2026-07-07 23:28:15,2026-07-07,1da86cf0-6da2-44dd-8ee7-be38f59ba2a0,COMIC_COVER,7486,Uncanny X-Men Vol. 1,COMMON,8900.0,0x0d1509b026d680caed17764fae38e870460b7acc,0x8f5afc7671c89bb233b93ffb324de7fb0d6ba676,TopDog,klimster85
364267,2026-07-07 23:35:37,2026-07-07,048d46a1-b1b2-469d-8a70-e19383e8226f,COMIC_COVER,569,The Amazing Spider-Man Vol. 6,RARE,17777.0,0x46c53c70bb59b14ce82715b0dc7b1a20d9c96b86,0x8f5afc7671c89bb233b93ffb324de7fb0d6ba676,wneon,klimster85
395741,2026-07-07 23:42:15,2026-07-07,c46da19a-6ea5-418f-bc65-5e745b6e8536,COMIC_COVER,4289,The Amazing Spider-Man Vol. 1,COMMON,3000.0,0x280ee3759aaae6d53f3fa13aa78bfa63d5d0af66,0x8366be1ab47df31edd83296534e086cc4062a797,TheAnonymousGuy,11VeVeLasVegas11
385310,2026-07-07 23:42:49,2026-07-07,d9c5973b-12f4-4a82-ac23-2f18a027ef08,COMIC_COVER,3370,Powers of X,COMMON,5555.0,0x07f522d67ecc635074df671d7da11bfcb668e0f7,0x8366be1ab47df31edd83296534e086cc4062a797,Xray2025,11VeVeLasVegas11
385313,2026-07-07 23:43:17,2026-07-07,d9c5973b-12f4-4a82-ac23-2f18a027ef08,COMIC_COVER,8249,Powers of X,COMMON,5555.0,0x07f522d67ecc635074df671d7da11bfcb668e0f7,0x8366be1ab47df31edd83296534e086cc4062a797,Xray2025,11VeVeLasVegas11
385312,2026-07-07 23:43:22,2026-07-07,d9c5973b-12f4-4a82-ac23-2f18a027ef08,COMIC_COVER,7982,Powers of X,COMMON,5555.0,0x07f522d67ecc635074df671d7da11bfcb668e0f7,0x8366be1ab47df31edd83296534e086cc4062a797,Xray2025,11VeVeLasVegas11
385317,2026-07-07 23:43:39,2026-07-07,d9c5973b-12f4-4a82-ac23-2f18a027ef08,COMIC_COVER,8709,Powers of X,COMMON,5555.0,0x07f522d67ecc635074df671d7da11bfcb668e0f7,0x8366be1ab47df31edd83296534e086cc4062a797,Xray2025,11VeVeLasVegas11
391312,2026-07-07 23:54:21,2026-07-07,2a1c126f-df51-4957-8f5c-db0b9375ecf8,COLLECTIBLE_TYPE,5920,Shadow Trooper - Squad Leader,COMMON,7900.0,0x3061998c6436bfd74b1f2d110bce52495d125241,0x009230069c60156f531b3af06d1f4ee61b3ea61c,BigVVLove24,ShatteredZ
368268,2026-07-08 00:00:13,2026-07-07,8725f9a7-1ef1-47b8-ba27-5dbf9640845e,COMIC_COVER,14224,Strange Tales Vol. 1,COMMON,11399.0,0xd5b2e98a84300f87cb60e597f4310f0688bf49e8,0x8f5afc7671c89bb233b93ffb324de7fb0d6ba676,PonylloDigital,klimster85
396216,2026-07-08 00:04:45,2026-07-07,de1e9deb-5145-4ca8-8348-43dcd61b8ddf,COLLECTIBLE_TYPE,1886,Green Truck,COMMON,29000.0,0xd461f4806ccc1d4a4caf1a51586937daf6127a7a,0x6a33cebf165be1c5133f2725bb7264b918da605e,Happyblob,BenCF
396228,2026-07-08 00:11:15,2026-07-07,2b7e3c48-9271-4d15-82e2-5ad4a95adeb1,COMIC_COVER,1066,Incredible Hulk,COMMON,49999.0,0xe9943a1b051668d515c2ac8e5b906026dc8d2487,0xdd6d71582a7a2160a20c4ec12376665ba574de02,tombo83,RayJos
391308,2026-07-08 00:11:39,2026-07-07,2a1c126f-df51-4957-8f5c-db0b9375ecf8,COLLECTIBLE_TYPE,5992,Shadow Trooper - Squad Leader,COMMON,7900.0,0x3061998c6436bfd74b1f2d110bce52495d125241,0x009230069c60156f531b3af06d1f4ee61b3ea61c,BigVVLove24,ShatteredZ
362487,2026-07-08 00:40:43,2026-07-07,112a3e78-8561-4d4d-bc32-609282ea6981,COMIC_COVER,779,Fantastic Four Vol. 1,COMMON,17779.0,0x47548394101528e5a18008f86ab25035681c0b8d,0x5b2ff864fe22185bcdc4a3151a1ea5fc393af1da,simplythebest,Gwarcoin
396310,2026-07-08 01:22:21,2026-07-07,97eaad27-9a3e-4b8a-a7ff-96a2789ce00b,COLLECTIBLE_TYPE,81,The Awakened - Frame,ULTRA_RARE,99998.0,0xde8cafd60937b3164f4c3e5435e12487c37a8431,0x009230069c60156f531b3af06d1f4ee61b3ea61c,jsbwrs,ShatteredZ
396358,2026-07-08 01:41:40,2026-07-07,3ecd1c9c-dd05-4e9e-80b9-7b8574a095bb,COLLECTIBLE_TYPE,92,Mickey & Friends Logo,UNCOMMON,50000.0,0xde8cafd60937b3164f4c3e5435e12487c37a8431,0xfeb4f097be08f8cc4607f46207c9cccce0251379,jsbwrs,KcBmw
396364,2026-07-08 01:47:09,2026-07-07,d113b6ab-9645-4942-b74c-d984d016b2b0,COLLECTIBLE_TYPE,63070,Tiny Jones Box,COMMON,1000.0,0xde8cafd60937b3164f4c3e5435e12487c37a8431,0xfeb4f097be08f8cc4607f46207c9cccce0251379,jsbwrs,KcBmw
396367,2026-07-08 01:48:16,2026-07-07,8c984d73-0718-427e-870e-f558b01a653f,COLLECTIBLE_TYPE,2006,Spider-Man: Symbiote Suit,RARE,98000.0,0xde8cafd60937b3164f4c3e5435e12487c37a8431,0xfeb4f097be08f8cc4607f46207c9cccce0251379,jsbwrs,KcBmw
396375,2026-07-08 01:53:45,2026-07-07,10fdaf2c-4b9b-4a2d-9f83-7cfcb43358d2,COLLECTIBLE_TYPE,2417,Glider Blueprint,RARE,9999.0,0xde8cafd60937b3164f4c3e5435e12487c37a8431,0xfeb4f097be08f8cc4607f46207c9cccce0251379,jsbwrs,KcBmw
396225,2026-07-08 01:54:39,2026-07-07,7247e9ea-90b8-469c-b42f-b2e9d2160089,COMIC_COVER,7754,The Incredible Hulk Vol. 1,UNCOMMON,78999.0,0xe9943a1b051668d515c2ac8e5b906026dc8d2487,0x55f00890580c247d16852304415e66707eb4b39d,tombo83,ML35
396005,2026-07-08 02:14:37,2026-07-07,5e9969d6-234e-4ec2-9475-b4bf59452347,COMIC_COVER,2966,The X-Men Vol. 1,UNCOMMON,79999.0,0xe9943a1b051668d515c2ac8e5b906026dc8d2487,0x55f00890580c247d16852304415e66707eb4b39d,tombo83,ML35
368390,2026-07-08 02:20:20,2026-07-07,1dcf912b-d461-4b6d-8a95-b69d738372fe,COMIC_COVER,450,Amazing Fantasy Vol. 2,UNCOMMON,9322.0,0xba342d956059a58c6310453257030eb305e82c6d,0xee5bb3ff11561038fcf6a1fe42fbedbf6d99c902,omahasethike,rsarge453
396390,2026-07-08 02:23:15,2026-07-07,d113b6ab-9645-4942-b74c-d984d016b2b0,COLLECTIBLE_TYPE,40388,Tiny Jones Box,COMMON,1999.0,0xde8cafd60937b3164f4c3e5435e12487c37a8431,0x431a7e8f91f89ccd52936337338a6b499333b384,jsbwrs,GG282
395511,2026-07-08 02:23:43,2026-07-07,2725238a-e770-4584-bb5c-0f07955a6c35,COMIC_COVER,44363,Marvel Comics,RARE,250000.0,0xb47e65b5dbd423fec7b5a17cad9edfb412ffa678,0x55f00890580c247d16852304415e66707eb4b39d,imsearching721,ML35
396380,2026-07-08 02:23:49,2026-07-07,3e2a3157-708b-49f1-a1d9-98a6c7ca82e4,COLLECTIBLE_TYPE,1233,Anakin’s Podracer,RARE,99999.0,0xde8cafd60937b3164f4c3e5435e12487c37a8431,0x96975d85a4dc5316f5848e1b09305adc5b4c8c26,jsbwrs,andrewgee
393497,2026-07-08 02:28:44,2026-07-07,31572cb5-b90f-47cc-82e9-c8751ccf0a70,COLLECTIBLE_TYPE,667,Buzz Lightyear – Galactic Guardian,COMMON,49500.0,0x0a55b9038ce2d15969365df8cc0be3ad3897313b,0x7262fd9a76d67fb9e2827ff5c76e5c3b426a5763,Zombi2,Luberfides
393498,2026-07-08 02:29:44,2026-07-07,31572cb5-b90f-47cc-82e9-c8751ccf0a70,COLLECTIBLE_TYPE,651,Buzz Lightyear – Galactic Guardian,COMMON,49500.0,0x0a55b9038ce2d15969365df8cc0be3ad3897313b,0x7262fd9a76d67fb9e2827ff5c76e5c3b426a5763,Zombi2,Luberfides
393496,2026-07-08 02:30:10,2026-07-07,31572cb5-b90f-47cc-82e9-c8751ccf0a70,COLLECTIBLE_TYPE,783,Buzz Lightyear – Galactic Guardian,COMMON,49500.0,0x0a55b9038ce2d15969365df8cc0be3ad3897313b,0x7262fd9a76d67fb9e2827ff5c76e5c3b426a5763,Zombi2,Luberfides
393495,2026-07-08 02:30:49,2026-07-07,31572cb5-b90f-47cc-82e9-c8751ccf0a70,COLLECTIBLE_TYPE,843,Buzz Lightyear – Galactic Guardian,COMMON,49500.0,0x0a55b9038ce2d15969365df8cc0be3ad3897313b,0x7262fd9a76d67fb9e2827ff5c76e5c3b426a5763,Zombi2,Luberfides
385834,2026-07-08 02:32:11,2026-07-07,6b0fddfa-b86a-46c5-a57b-d8b0b9aceb33,COMIC_COVER,2635,Star Wars (1977),COMMON,25000.0,0x0a55b9038ce2d15969365df8cc0be3ad3897313b,0x2589bc3b7e5ae8b65323123fd7da90e9c7f68d8f,Zombi2,Sobcomic
396387,2026-07-08 02:48:48,2026-07-07,c01b071c-962a-48d4-9a6a-9a5e73d40abd,COLLECTIBLE_TYPE,1233,Obi-Wan Kenobi,RARE,222222.0,0xde8cafd60937b3164f4c3e5435e12487c37a8431,0x96975d85a4dc5316f5848e1b09305adc5b4c8c26,jsbwrs,andrewgee
396306,2026-07-08 03:17:42,2026-07-07,484dde9a-1cf6-441d-afd8-896155686657,COLLECTIBLE_TYPE,481,AT-AT,ULTRA_RARE,29999.0,0xde8cafd60937b3164f4c3e5435e12487c37a8431,0x7c01ea897e1b3ba2d87de33956cda3a0b0333cac,jsbwrs,newiz
396386,2026-07-08 04:08:14,2026-07-07,ad5b7ae1-ad36-44e6-9dbd-a57e8b1a94bc,COLLECTIBLE_TYPE,5907,Tesseract,UNCOMMON,18000.0,0xde8cafd60937b3164f4c3e5435e12487c37a8431,0x7c01ea897e1b3ba2d87de33956cda3a0b0333cac,jsbwrs,newiz
396379,2026-07-08 04:22:41,2026-07-07,3de45cbc-3a22-433d-92c0-a8099d775e8d,COLLECTIBLE_TYPE,2250,Green Lantern (Hal Jordan),ULTRA_RARE,49999.0,0xde8cafd60937b3164f4c3e5435e12487c37a8431,0x7c01ea897e1b3ba2d87de33956cda3a0b0333cac,jsbwrs,newiz
385953,2026-07-08 04:27:10,2026-07-07,55809cba-774b-48c7-905b-6ccdee05ffe3,COLLECTIBLE_TYPE,652,The Genie,RARE,57495.0,0x0a55b9038ce2d15969365df8cc0be3ad3897313b,0x61c5b4f4716a089a8f110d2b00a675721348551b,Zombi2,Unk
389475,2026-07-08 04:27:45,2026-07-07,55809cba-774b-48c7-905b-6ccdee05ffe3,COLLECTIBLE_TYPE,1183,The Genie,RARE,52500.0,0x9def0a1b71171af4bf55fdce463f7b4ddf075c76,0x61c5b4f4716a089a8f110d2b00a675721348551b,cmount76,Unk
390520,2026-07-08 04:34:40,2026-07-07,41505b27-6b61-4951-835f-d8976df8fcbf,COLLECTIBLE_TYPE,1108,Spider-Man 2099,SECRET_RARE,490000.0,0xd5a487626589ac754374e8dba9ca37878df83e6a,0x6482fea7172389bf2f0d508c9a8fa0145526b8e5,furrkang,LaXu
396357,2026-07-08 04:42:15,2026-07-07,3ecd1c9c-dd05-4e9e-80b9-7b8574a095bb,COLLECTIBLE_TYPE,105,Mickey & Friends Logo,UNCOMMON,23999.0,0xde8cafd60937b3164f4c3e5435e12487c37a8431,0x7c01ea897e1b3ba2d87de33956cda3a0b0333cac,jsbwrs,newiz
385041,2026-07-08 05:35:14,2026-07-07,fbc02c5d-22e6-4138-a608-c2929be9d141,COLLECTIBLE_TYPE,1696,Cosmic Cthulhu,ULTRA_RARE,87500.0,0xafd0dee0ac43ee6a07e0eb265a5bb7800a9c33ab,0x24d26e03047805b4688e0b0126fdcc6f0a3662b1,zollip74,kgmjam
396268,2026-07-08 05:46:40,2026-07-07,5fd09e1f-58f8-467f-9e78-d64f6e3a69b9,COLLECTIBLE_TYPE,863,R2-D2,ULTRA_RARE,540000.0,0xcf1d91d133e7f5e1455ffc7d8466cd1a84b11d22,0x79d9d64efe238fa88db90845732cadeda00af8bf,Addictivecardboard,Orba79
396481,2026-07-08 06:06:36,2026-07-07,f5e0f729-c64c-4d77-bdf6-831cc180a9fa,COLLECTIBLE_TYPE,9097,Ikaris,COMMON,5888.0,0x1599f053c0af3ee139e8136ef474ea557eea3107,0x676a9fa579f205d13c6f4578c7ad14aa633e6814,brenis28,LaroTayoPh
396211,2026-07-08 06:10:18,2026-07-07,a0c50208-f32c-4e7e-9664-c28555a9f523,COLLECTIBLE_TYPE,1589,Yoda,COMMON,199000.0,0xd461f4806ccc1d4a4caf1a51586937daf6127a7a,0xf6011f46232e7548d634d38bcbdcdadb46e185ad,Happyblob,patrik928
396210,2026-07-08 06:10:40,2026-07-07,a0c50208-f32c-4e7e-9664-c28555a9f523,COLLECTIBLE_TYPE,1154,Yoda,COMMON,199000.0,0xd461f4806ccc1d4a4caf1a51586937daf6127a7a,0xf6011f46232e7548d634d38bcbdcdadb46e185ad,Happyblob,patrik928
369379,2026-07-08 06:57:46,2026-07-07,2a822ea9-3d36-45cf-8816-0f9ec0efd772,COMIC_COVER,219,Uncanny X-Men Vol. 3,COMMON,45000.0,0xf585a6c7b25edc82239c250d24c071d850d0425b,0x850b3eaa745a2870045c308fc2363ba1eb0979f7,FrankieColon,matthew
396365,2026-07-08 07:27:13,2026-07-08,f35b5136-ed16-4ad5-b0e9-4335458115ec,COMIC_COVER,16817,Journey Into Mystery Vol. 1,COMMON,7999.0,0xde8cafd60937b3164f4c3e5435e12487c37a8431,0x8f5afc7671c89bb233b93ffb324de7fb0d6ba676,jsbwrs,klimster85
395774,2026-07-08 07:39:50,2026-07-08,87229ba2-391b-4be1-80a4-61cdbcccbf30,COMIC_COVER,23205,Uncanny X-Men Vol. 1,COMMON,3666.0,0xf24ad7f6e43144a8e5570b285805c45e890d3f82,0x2cadd1333e78b320f30b8a86ef5e3319280b56a3,thesnackman,carnange
395984,2026-07-08 08:46:40,2026-07-08,582a6663-a706-4bc9-9078-b594acc896a8,COLLECTIBLE_TYPE,86,Gouki Nostalgic,SECRET_RARE,520000.0,0xe04ee79ea5a926b5be2ad2d9fec937dc24ddaace,0xa4772fea724a01a22f1914788a1e4556c7d74599,Hippy2323,Fairyman
372427,2026-07-08 08:54:21,2026-07-08,4cf97843-a9fc-4bc4-a323-7d485ce86c68,COLLECTIBLE_TYPE,216,Numbers and Letters United,SECRET_RARE,1000000.0,0x92f184f8f7a44d781529554ea862888f1b8a3396,0x390e256c72e6f14b2e7bec4f09bacbe4521b749f,Coolmoe1,Destroyer76
373706,2026-07-08 09:14:46,2026-07-08,aae39840-e4c0-4871-b453-ced52853ca79,COMIC_COVER,1242,Return of the Jedi,UNCOMMON,24000.0,0x9f0f0f0da3ac58ebbf1590bf4024237b579c4377,0x9708d8dbac27faee62d891f65f6958d40196a85e,Rosa00,CosmicPotato
396548,2026-07-08 09:22:09,2026-07-08,81a71914-a1f3-4138-bfb5-bc41c020475f,COLLECTIBLE_TYPE,290,Shield Generator,UNCOMMON,6000.0,0x30a90423c772900e014a334daa2728e4d7ba9527,0xd3479f3b12c24aa7947d70e48fea57e460611991,woohaha,agirlhasnoname1879
396494,2026-07-08 09:24:12,2026-07-08,c00630d3-6aaa-412a-a9d3-ffe68fceba5a,COLLECTIBLE_TYPE,2898,Donatello - Classic,COMMON,27467.0,0xad64552217cc8c683733f0a97db79c26e89cd9c0,0xaedfab097f21f40deaeab7b7ccaa3a7fc120de9c,Akamaru,comical1
395797,2026-07-08 09:28:17,2026-07-08,41c11f72-94ce-46a7-8ce1-722b3fcb7869,COMIC_COVER,4407,Uncle Scrooge: My First Million,UNCOMMON,7000.0,0x280ee3759aaae6d53f3fa13aa78bfa63d5d0af66,0xd3479f3b12c24aa7947d70e48fea57e460611991,TheAnonymousGuy,agirlhasnoname1879
387505,2026-07-08 09:29:11,2026-07-08,41c11f72-94ce-46a7-8ce1-722b3fcb7869,COMIC_COVER,1083,Uncle Scrooge: My First Million,UNCOMMON,8000.0,0x07091abd9ee57a017f16ba0e9aff448bd4d9fa48,0xd3479f3b12c24aa7947d70e48fea57e460611991,wookhy,agirlhasnoname1879
396527,2026-07-08 09:32:08,2026-07-08,1198397e-0212-4179-b43a-576dffd22a7d,COMIC_COVER,53477,Fantastic Four Vol. 1,ULTRA_RARE,232999.0,0x3abab0aef2a81b893903161ef9e33273a86a4b0e,0x8490e81feefd5758b2c4785404817f40eff02afa,masterroni,saloni
396484,2026-07-08 09:34:43,2026-07-08,18696bc7-65c0-43b1-8896-97266642cd96,COLLECTIBLE_TYPE,773,Attack Ready,COMMON,8888.0,0x1599f053c0af3ee139e8136ef474ea557eea3107,0xd3479f3b12c24aa7947d70e48fea57e460611991,brenis28,agirlhasnoname1879
396289,2026-07-08 09:40:48,2026-07-08,193323d3-79fe-4b42-b144-ef1c227aaca1,COLLECTIBLE_TYPE,262,Death Trooper - E-11D Blaster Rifle,COMMON,9999.0,0xdd6d71582a7a2160a20c4ec12376665ba574de02,0xd3479f3b12c24aa7947d70e48fea57e460611991,RayJos,agirlhasnoname1879
395898,2026-07-08 09:43:46,2026-07-08,905d1ad2-a6fe-4a98-b199-0d5e6ad9d2dd,COLLECTIBLE_TYPE,742,The Rise of Ultraman #1 - Ed McGuinness ,COMMON,10000.0,0x280ee3759aaae6d53f3fa13aa78bfa63d5d0af66,0xd3479f3b12c24aa7947d70e48fea57e460611991,TheAnonymousGuy,agirlhasnoname1879
396546,2026-07-08 09:44:12,2026-07-08,c01b071c-962a-48d4-9a6a-9a5e73d40abd,COLLECTIBLE_TYPE,76,Obi-Wan Kenobi,RARE,2000000.0,0xbb8b40a889aae395fd988b3a0bfe2a5f02f8c5e5,0xd070762ebd32075f711917838ad3ce1c28fd47c3,PaliSavageTez,JiMzo
381745,2026-07-08 09:45:47,2026-07-08,01320e5a-2912-4582-a5d5-1aad0b345a23,COMIC_COVER,5266,Marvel Super Hero Secret Wars Vol. 1,ULTRA_RARE,297000.0,0x300c950f17dd66e4912148abea1c2bf12b86f0e7,0x203f76e42a61e87b860f70d2c9dd7f442483e96b,Forest420og,brandonm
396354,2026-07-08 10:16:39,2026-07-08,a642596a-72cb-4e46-97ce-2f2798a3412a,COLLECTIBLE_TYPE,1251,Cogsworth and Lumiere,UNCOMMON,44444.0,0xde8cafd60937b3164f4c3e5435e12487c37a8431,0xd3479f3b12c24aa7947d70e48fea57e460611991,jsbwrs,agirlhasnoname1879
395844,2026-07-08 10:19:12,2026-07-08,01a4a280-5430-43fc-9a29-0d627237d628,COLLECTIBLE_TYPE,575,Mjolnir - Thor,RARE,23000.0,0x280ee3759aaae6d53f3fa13aa78bfa63d5d0af66,0xd3479f3b12c24aa7947d70e48fea57e460611991,TheAnonymousGuy,agirlhasnoname1879
395628,2026-07-08 10:29:17,2026-07-08,df101af2-42fe-4af4-bc51-f8826a6022aa,COLLECTIBLE_TYPE,2164,I Have You In My Sights,ULTRA_RARE,138000.0,0x300c950f17dd66e4912148abea1c2bf12b86f0e7,0x6d6500b8752a9db7a97584e32dd6cc3d76d93662,Forest420og,ComicBytez
395512,2026-07-08 10:42:50,2026-07-08,e8064631-1c9d-408a-ada4-7534693c8c12,COLLECTIBLE_TYPE,1137,Sentinel,COMMON,18000.0,0x1a79ade14a342b977062ed1c56b2ab2a1fd38536,0xfa78ba08b5d02b9b4216c380da5b24ef38690349,Dekri,Sevead
395513,2026-07-08 10:43:47,2026-07-08,e8064631-1c9d-408a-ada4-7534693c8c12,COLLECTIBLE_TYPE,1648,Sentinel,COMMON,18000.0,0x1a79ade14a342b977062ed1c56b2ab2a1fd38536,0xfa78ba08b5d02b9b4216c380da5b24ef38690349,Dekri,Sevead
395541,2026-07-08 10:43:53,2026-07-08,e8064631-1c9d-408a-ada4-7534693c8c12,COLLECTIBLE_TYPE,7171,Sentinel,COMMON,18000.0,0x1a79ade14a342b977062ed1c56b2ab2a1fd38536,0xfa78ba08b5d02b9b4216c380da5b24ef38690349,Dekri,Sevead
395579,2026-07-08 11:06:18,2026-07-08,6a48a283-6fb8-422d-9521-a8c4665966ab,COMIC_COVER,507,Heroes Be Damned,UNCOMMON,11111.0,0x1a79ade14a342b977062ed1c56b2ab2a1fd38536,0x1df823f78c20904d68cec9a7ccf6a5e07ce955fd,Dekri,flowchain
395673,2026-07-08 11:35:50,2026-07-08,fc9edd6c-11d2-4aba-86e4-dfc47934023c,COLLECTIBLE_TYPE,482,Diablo - Orange,ULTRA_RARE,60000.0,0x280ee3759aaae6d53f3fa13aa78bfa63d5d0af66,0xd3479f3b12c24aa7947d70e48fea57e460611991,TheAnonymousGuy,agirlhasnoname1879
391744,2026-07-08 11:59:11,2026-07-08,d03f035e-fe59-40f6-9977-3cef76ee112b,COLLECTIBLE_TYPE,1322,Spider-Man - Animated,ULTRA_RARE,1750000.0,0x891d786b8f91a6f3d386b1175cc32cd6289488c3,0xf797271310b595e8739c205afd219c86809cc112,davidben1030,CocoaPuff00
396271,2026-07-08 12:03:42,2026-07-08,c3df7496-e8e7-4507-b80a-5c2b5d996645,COLLECTIBLE_TYPE,5405,#100 Todd McFarlane Batman,COMMON,1700000.0,0x6a2ca3cf0f907a483ba410947d61a19473717f3b,0xa43d9c86447fece1aec34a3a764b56391070e709,lufe95w3,batikopat22
396134,2026-07-08 12:04:16,2026-07-08,c3df7496-e8e7-4507-b80a-5c2b5d996645,COLLECTIBLE_TYPE,2707,#100 Todd McFarlane Batman,COMMON,1750000.0,0xdd6d71582a7a2160a20c4ec12376665ba574de02,0xf797271310b595e8739c205afd219c86809cc112,RayJos,CocoaPuff00
387719,2026-07-08 12:07:42,2026-07-08,5ab59120-1b5b-473c-9c80-3144d9a6e1d5,COLLECTIBLE_TYPE,5899,"All Together, Now!",ULTRA_RARE,548000.0,0x03ecef97ec7b4523d1b568518a6b6a993ac6d01b,0xf797271310b595e8739c205afd219c86809cc112,InEcomiWeTrust,CocoaPuff00
396644,2026-07-08 12:21:15,2026-07-08,f3c11d1c-8c5e-411a-8aa8-2302db472bd2,COMIC_COVER,28,Marvel Rivals: Ignite,ULTRA_RARE,50000.0,0x829d3e9e30e170436c2547196ac179092b6e7b34,0x5198dbe1a55c10f37a27ca2cad3c246318637d06,BACKDOORKICK,Josh7291
391267,2026-07-08 12:24:42,2026-07-08,e957f893-9b39-4a0f-ade8-168b31f62647,COLLECTIBLE_TYPE,1664,Emma Frost - Phoenix,COMMON,24999.0,0xe9943a1b051668d515c2ac8e5b906026dc8d2487,0xd070762ebd32075f711917838ad3ce1c28fd47c3,tombo83,JiMzo
396648,2026-07-08 12:24:47,2026-07-08,8b016769-7030-4714-ba3c-b3af08051f6b,COMIC_COVER,1612,The Amazing Spider-Man Vol. 3,RARE,35500.0,0x829d3e9e30e170436c2547196ac179092b6e7b34,0x5198dbe1a55c10f37a27ca2cad3c246318637d06,BACKDOORKICK,Josh7291
396650,2026-07-08 12:27:08,2026-07-08,b401a1b5-eea8-48f6-a39e-294c800ddc42,COMIC_COVER,1680,Superior Iron Man,ULTRA_RARE,30000.0,0x829d3e9e30e170436c2547196ac179092b6e7b34,0x5198dbe1a55c10f37a27ca2cad3c246318637d06,BACKDOORKICK,Josh7291
396651,2026-07-08 12:34:43,2026-07-08,37353ee5-47b8-4498-a220-7851c6dd0923,COLLECTIBLE_TYPE,2691,Michelangelo - Classic,COMMON,25000.0,0x829d3e9e30e170436c2547196ac179092b6e7b34,0x5198dbe1a55c10f37a27ca2cad3c246318637d06,BACKDOORKICK,Josh7291
396652,2026-07-08 12:35:47,2026-07-08,37353ee5-47b8-4498-a220-7851c6dd0923,COLLECTIBLE_TYPE,1105,Michelangelo - Classic,COMMON,25000.0,0x829d3e9e30e170436c2547196ac179092b6e7b34,0x5198dbe1a55c10f37a27ca2cad3c246318637d06,BACKDOORKICK,Josh7291
396653,2026-07-08 12:36:17,2026-07-08,37353ee5-47b8-4498-a220-7851c6dd0923,COLLECTIBLE_TYPE,2115,Michelangelo - Classic,COMMON,25000.0,0x829d3e9e30e170436c2547196ac179092b6e7b34,0x5198dbe1a55c10f37a27ca2cad3c246318637d06,BACKDOORKICK,Josh7291
396654,2026-07-08 12:36:47,2026-07-08,37353ee5-47b8-4498-a220-7851c6dd0923,COLLECTIBLE_TYPE,2380,Michelangelo - Classic,COMMON,25000.0,0x829d3e9e30e170436c2547196ac179092b6e7b34,0x5198dbe1a55c10f37a27ca2cad3c246318637d06,BACKDOORKICK,Josh7291
396656,2026-07-08 12:37:51,2026-07-08,37353ee5-47b8-4498-a220-7851c6dd0923,COLLECTIBLE_TYPE,2408,Michelangelo - Classic,COMMON,25000.0,0x829d3e9e30e170436c2547196ac179092b6e7b34,0x5198dbe1a55c10f37a27ca2cad3c246318637d06,BACKDOORKICK,Josh7291
396657,2026-07-08 12:39:16,2026-07-08,37353ee5-47b8-4498-a220-7851c6dd0923,COLLECTIBLE_TYPE,2739,Michelangelo - Classic,COMMON,25000.0,0x829d3e9e30e170436c2547196ac179092b6e7b34,0x009230069c60156f531b3af06d1f4ee61b3ea61c,BACKDOORKICK,ShatteredZ
396658,2026-07-08 12:39:22,2026-07-08,37353ee5-47b8-4498-a220-7851c6dd0923,COLLECTIBLE_TYPE,2929,Michelangelo - Classic,COMMON,25000.0,0x829d3e9e30e170436c2547196ac179092b6e7b34,0x009230069c60156f531b3af06d1f4ee61b3ea61c,BACKDOORKICK,ShatteredZ
396659,2026-07-08 12:42:15,2026-07-08,37353ee5-47b8-4498-a220-7851c6dd0923,COLLECTIBLE_TYPE,2710,Michelangelo - Classic,COMMON,25000.0,0x829d3e9e30e170436c2547196ac179092b6e7b34,0x009230069c60156f531b3af06d1f4ee61b3ea61c,BACKDOORKICK,ShatteredZ
396660,2026-07-08 12:42:43,2026-07-08,37353ee5-47b8-4498-a220-7851c6dd0923,COLLECTIBLE_TYPE,2724,Michelangelo - Classic,COMMON,25000.0,0x829d3e9e30e170436c2547196ac179092b6e7b34,0x009230069c60156f531b3af06d1f4ee61b3ea61c,BACKDOORKICK,ShatteredZ
396482,2026-07-08 12:51:43,2026-07-08,06215653-c578-44d4-a81b-3afff9192652,COLLECTIBLE_TYPE,13601,Tiny Jones,COMMON,2888.0,0x1599f053c0af3ee139e8136ef474ea557eea3107,0x8366be1ab47df31edd83296534e086cc4062a797,brenis28,11VeVeLasVegas11
396427,2026-07-08 12:52:10,2026-07-08,d113b6ab-9645-4942-b74c-d984d016b2b0,COLLECTIBLE_TYPE,34244,Tiny Jones Box,COMMON,2888.0,0x1599f053c0af3ee139e8136ef474ea557eea3107,0x8366be1ab47df31edd83296534e086cc4062a797,brenis28,11VeVeLasVegas11
396426,2026-07-08 12:52:16,2026-07-08,d113b6ab-9645-4942-b74c-d984d016b2b0,COLLECTIBLE_TYPE,20806,Tiny Jones Box,COMMON,2888.0,0x1599f053c0af3ee139e8136ef474ea557eea3107,0x8366be1ab47df31edd83296534e086cc4062a797,brenis28,11VeVeLasVegas11
396470,2026-07-08 12:53:15,2026-07-08,b98c6840-2d48-4539-b5cc-c25237cb8a5f,COLLECTIBLE_TYPE,12548,VeVe Christmas Tree - Silver,UNCOMMON,2888.0,0x1599f053c0af3ee139e8136ef474ea557eea3107,0x8366be1ab47df31edd83296534e086cc4062a797,brenis28,11VeVeLasVegas11
395776,2026-07-08 12:57:11,2026-07-08,87229ba2-391b-4be1-80a4-61cdbcccbf30,COMIC_COVER,22632,Uncanny X-Men Vol. 1,COMMON,3666.0,0xf24ad7f6e43144a8e5570b285805c45e890d3f82,0x2cadd1333e78b320f30b8a86ef5e3319280b56a3,thesnackman,carnange
395667,2026-07-08 13:11:48,2026-07-08,025a320d-8bce-4fad-9cb2-4b41d6a2f727,COLLECTIBLE_TYPE,1470,Sung Jinwoo - Weakest Hunter,COMMON,70000.0,0xcf1d91d133e7f5e1455ffc7d8466cd1a84b11d22,0x582be1bcc08c294625e9fde79e31b495e4fe28b9,Addictivecardboard,Treebranch
396663,2026-07-08 13:30:13,2026-07-08,7f7d3588-103e-414e-a1b1-71b1a1f7a7bd,COLLECTIBLE_TYPE,25,David’s Doo Gold,COMMON,600000.0,0x9a6fb6e0bb1e3db7e0121396c211785dd9b9b435,0xbac31a1230602fa26c131fed21132d8c7c9a7ec6,SayWhatAT,wc3nte
396685,2026-07-08 13:36:39,2026-07-08,ac2d7f15-df6b-4177-a427-ffa286085d39,COLLECTIBLE_TYPE,1,VeVe Lisbon VIP Entry Ticket,ULTRA_RARE,1200000.0,0xfa9d8a97059e3277ed7818e49b03a030b25ffb1f,0xbac31a1230602fa26c131fed21132d8c7c9a7ec6,MrSquibs,wc3nte
396591,2026-07-08 14:27:21,2026-07-08,731d1d11-458a-4c4d-87dc-adc07cb76d48,COMIC_COVER,5876,Retellings,COMMON,6000.0,0x30a90423c772900e014a334daa2728e4d7ba9527,0xb0736199d1574f811d3502e496205b5dd5493ee3,woohaha,Marconline
396337,2026-07-08 14:46:16,2026-07-08,370fff46-9ed2-402c-a981-955b3b0202e1,COLLECTIBLE_TYPE,13074,Donald Duck and Daisy Duck,COMMON,99999.0,0xde8cafd60937b3164f4c3e5435e12487c37a8431,0x6d6500b8752a9db7a97584e32dd6cc3d76d93662,jsbwrs,ComicBytez
396341,2026-07-08 14:46:22,2026-07-08,370fff46-9ed2-402c-a981-955b3b0202e1,COLLECTIBLE_TYPE,7972,Donald Duck and Daisy Duck,COMMON,99999.0,0xde8cafd60937b3164f4c3e5435e12487c37a8431,0x6d6500b8752a9db7a97584e32dd6cc3d76d93662,jsbwrs,ComicBytez
396340,2026-07-08 14:46:49,2026-07-08,370fff46-9ed2-402c-a981-955b3b0202e1,COLLECTIBLE_TYPE,10710,Donald Duck and Daisy Duck,COMMON,99999.0,0xde8cafd60937b3164f4c3e5435e12487c37a8431,0x6d6500b8752a9db7a97584e32dd6cc3d76d93662,jsbwrs,ComicBytez
396339,2026-07-08 14:46:55,2026-07-08,370fff46-9ed2-402c-a981-955b3b0202e1,COLLECTIBLE_TYPE,11633,Donald Duck and Daisy Duck,COMMON,99999.0,0xde8cafd60937b3164f4c3e5435e12487c37a8431,0x6d6500b8752a9db7a97584e32dd6cc3d76d93662,jsbwrs,ComicBytez
396338,2026-07-08 14:47:12,2026-07-08,370fff46-9ed2-402c-a981-955b3b0202e1,COLLECTIBLE_TYPE,12747,Donald Duck and Daisy Duck,COMMON,99999.0,0xde8cafd60937b3164f4c3e5435e12487c37a8431,0x6d6500b8752a9db7a97584e32dd6cc3d76d93662,jsbwrs,ComicBytez
374964,2026-07-08 15:18:48,2026-07-08,da7f15db-60fa-48db-ac21-f7be7cf6917f,COLLECTIBLE_TYPE,3529,Batgirl,UNCOMMON,17000.0,0xa0db66cf20ab927fc4e4c47bf1f1148c0a99df92,0xd3479f3b12c24aa7947d70e48fea57e460611991,cocohatesnfts,agirlhasnoname1879
395879,2026-07-08 15:18:54,2026-07-08,da7f15db-60fa-48db-ac21-f7be7cf6917f,COLLECTIBLE_TYPE,2415,Batgirl,UNCOMMON,15000.0,0x280ee3759aaae6d53f3fa13aa78bfa63d5d0af66,0xd3479f3b12c24aa7947d70e48fea57e460611991,TheAnonymousGuy,agirlhasnoname1879
396476,2026-07-08 15:19:19,2026-07-08,da7f15db-60fa-48db-ac21-f7be7cf6917f,COLLECTIBLE_TYPE,3062,Batgirl,UNCOMMON,14888.0,0x1599f053c0af3ee139e8136ef474ea557eea3107,0xd3479f3b12c24aa7947d70e48fea57e460611991,brenis28,agirlhasnoname1879
374965,2026-07-08 15:19:38,2026-07-08,da7f15db-60fa-48db-ac21-f7be7cf6917f,COLLECTIBLE_TYPE,7948,Batgirl,UNCOMMON,17000.0,0xa0db66cf20ab927fc4e4c47bf1f1148c0a99df92,0xd3479f3b12c24aa7947d70e48fea57e460611991,cocohatesnfts,agirlhasnoname1879
396492,2026-07-08 15:40:16,2026-07-08,c00630d3-6aaa-412a-a9d3-ffe68fceba5a,COLLECTIBLE_TYPE,23,Donatello - Classic,COMMON,735424.0,0xad64552217cc8c683733f0a97db79c26e89cd9c0,0x0e96e0a060c485d16da673f2f1b813dc6bc419b6,Akamaru,ObiJuanDaHomie
364569,2026-07-08 16:01:15,2026-07-08,5fd09e1f-58f8-467f-9e78-d64f6e3a69b9,COLLECTIBLE_TYPE,701,R2-D2,ULTRA_RARE,589134.0,0x63d17f0e6decf0bfb61ccc4b57b5b527e9319427,0xc583eb4937ba793f3934c18dce4a063e8c489536,Lickagussuck,BobbyStew64
396665,2026-07-08 16:02:14,2026-07-08,3ade6c01-8e90-4763-b63c-d5b2e385c360,COMIC_COVER,6532,Fallen Son: The Death of Captain America,COMMON,3000.0,0x280ee3759aaae6d53f3fa13aa78bfa63d5d0af66,0x8366be1ab47df31edd83296534e086cc4062a797,TheAnonymousGuy,11VeVeLasVegas11
390253,2026-07-08 16:06:16,2026-07-08,26db050d-027e-4693-80f9-b3bb4319bbd9,COMIC_COVER,6510,The X-Men Vol. 1,COMMON,6000.0,0xc56a4ec7e6d91fb8485f85818b0438f10a13f6ac,0x52114dfc074c04188f7c93dac7e75310dd59f5e3,mattloonies,coscoscos
395702,2026-07-08 16:11:20,2026-07-08,be9084ff-a627-46db-b304-7433deb67e54,COMIC_COVER,3444,Devil Dinosaur,COMMON,3500.0,0x280ee3759aaae6d53f3fa13aa78bfa63d5d0af66,0x0af2d56de97e943da27bba50356650836f93d1cf,TheAnonymousGuy,hliasolympiakos
390209,2026-07-08 16:49:14,2026-07-08,f2f2c2a2-d3b5-4372-a59e-e560ff91cd29,COLLECTIBLE_TYPE,826,Specimen #129,UNCOMMON,15000.0,0x280ee3759aaae6d53f3fa13aa78bfa63d5d0af66,0xb729b390298a86971571549c81a3ac9a280a7669,TheAnonymousGuy,18bk
395892,2026-07-08 16:50:07,2026-07-08,b028d187-a551-4fca-a606-61b81a39dca8,COLLECTIBLE_TYPE,846,Specimen #72,COMMON,22000.0,0x280ee3759aaae6d53f3fa13aa78bfa63d5d0af66,0xb729b390298a86971571549c81a3ac9a280a7669,TheAnonymousGuy,18bk
362986,2026-07-08 16:55:18,2026-07-08,a8e88f46-106f-4792-a9be-b511c776084a,COLLECTIBLE_TYPE,4737,Atlas Ready,RARE,36000.0,0x01181374c08756d530cb1d85b1e69eaed6eb4481,0xb729b390298a86971571549c81a3ac9a280a7669,Merau,18bk
378511,2026-07-08 16:56:13,2026-07-08,d0a26d72-a119-430d-aa7a-8b3af766cb76,COLLECTIBLE_TYPE,322,Rafiki,ULTRA_RARE,59999.0,0x46c53c70bb59b14ce82715b0dc7b1a20d9c96b86,0xb729b390298a86971571549c81a3ac9a280a7669,wneon,18bk
396336,2026-07-08 16:57:48,2026-07-08,11f2b172-e206-4644-8256-e51fd7298af2,COLLECTIBLE_TYPE,9383,Winnie the Pooh and Piglet,COMMON,75000.0,0xde8cafd60937b3164f4c3e5435e12487c37a8431,0xe7b95c5430e151fc367c717288ac18a71e61d5c7,jsbwrs,cryptolrg
396335,2026-07-08 16:58:48,2026-07-08,11f2b172-e206-4644-8256-e51fd7298af2,COLLECTIBLE_TYPE,9518,Winnie the Pooh and Piglet,COMMON,75000.0,0xde8cafd60937b3164f4c3e5435e12487c37a8431,0xe7b95c5430e151fc367c717288ac18a71e61d5c7,jsbwrs,cryptolrg
396333,2026-07-08 17:00:24,2026-07-08,11f2b172-e206-4644-8256-e51fd7298af2,COLLECTIBLE_TYPE,11194,Winnie the Pooh and Piglet,COMMON,75000.0,0xde8cafd60937b3164f4c3e5435e12487c37a8431,0xe7b95c5430e151fc367c717288ac18a71e61d5c7,jsbwrs,cryptolrg
396351,2026-07-08 17:02:14,2026-07-08,2cf09235-f140-422e-a800-d0b049fbaff0,COLLECTIBLE_TYPE,2936,C-3PO,COMMON,249999.0,0xde8cafd60937b3164f4c3e5435e12487c37a8431,0xe7b95c5430e151fc367c717288ac18a71e61d5c7,jsbwrs,cryptolrg
396353,2026-07-08 17:03:15,2026-07-08,a642596a-72cb-4e46-97ce-2f2798a3412a,COLLECTIBLE_TYPE,4506,Cogsworth and Lumiere,UNCOMMON,44444.0,0xde8cafd60937b3164f4c3e5435e12487c37a8431,0xe7b95c5430e151fc367c717288ac18a71e61d5c7,jsbwrs,cryptolrg
391316,2026-07-08 17:35:13,2026-07-08,2a1c126f-df51-4957-8f5c-db0b9375ecf8,COLLECTIBLE_TYPE,5739,Shadow Trooper - Squad Leader,COMMON,7900.0,0x3061998c6436bfd74b1f2d110bce52495d125241,0x009230069c60156f531b3af06d1f4ee61b3ea61c,BigVVLove24,ShatteredZ
378216,2026-07-08 17:36:48,2026-07-08,fdd6f19d-4614-44d4-b816-5cef345d7981,COLLECTIBLE_TYPE,94,Red Horse,SECRET_RARE,95000.0,0x0473f06069c5c08b550f3cd70bb27789c180c493,0xb716c2ed610109d9c1487252ca50dc18cd23d41e,PercyPiggus,vibesman
390291,2026-07-08 17:37:43,2026-07-08,958d85ba-bdfb-4013-89b4-5bd4a7a87daf,COLLECTIBLE_TYPE,59,Guma - Nine Horse,SECRET_RARE,120000.0,0xe57daca6908268040b1c8da694124fcbe16a04cf,0xb716c2ed610109d9c1487252ca50dc18cd23d41e,mikemegatron,vibesman
395010,2026-07-08 17:39:44,2026-07-08,305c5cde-ab8e-4d48-9d20-151a84e48725,COLLECTIBLE_TYPE,650,Sagunja - The Four Gracious Plants,RARE,22500.0,0x3061998c6436bfd74b1f2d110bce52495d125241,0xb716c2ed610109d9c1487252ca50dc18cd23d41e,BigVVLove24,vibesman
371003,2026-07-08 17:40:42,2026-07-08,15bae0a8-1f0c-46b6-bd3c-be44b169e73f,COLLECTIBLE_TYPE,788,Songhak - The Pine and the Crane,RARE,23500.0,0x8799c4fbc97644779843c5f90131b4dad1355844,0xb716c2ed610109d9c1487252ca50dc18cd23d41e,stephenduarte,vibesman
396875,2026-07-08 17:44:46,2026-07-08,872821f8-2814-450d-8287-e870cf137179,COLLECTIBLE_TYPE,2268,Kang 1,RARE,30000.0,0x1feaa2893d2f5f39054085fac42c2ebdb650e808,0x7da26307f6cb65c7d5e3480013cadd94f9130a16,TeXFiles,TheeBiggestBro
396879,2026-07-08 17:45:13,2026-07-08,872821f8-2814-450d-8287-e870cf137179,COLLECTIBLE_TYPE,2239,Kang 1,RARE,30000.0,0x1feaa2893d2f5f39054085fac42c2ebdb650e808,0x7da26307f6cb65c7d5e3480013cadd94f9130a16,TeXFiles,TheeBiggestBro
396881,2026-07-08 17:45:42,2026-07-08,872821f8-2814-450d-8287-e870cf137179,COLLECTIBLE_TYPE,2252,Kang 1,RARE,30111.0,0x1feaa2893d2f5f39054085fac42c2ebdb650e808,0x7da26307f6cb65c7d5e3480013cadd94f9130a16,TeXFiles,TheeBiggestBro
396882,2026-07-08 17:45:47,2026-07-08,872821f8-2814-450d-8287-e870cf137179,COLLECTIBLE_TYPE,2152,Kang 1,RARE,30122.0,0x1feaa2893d2f5f39054085fac42c2ebdb650e808,0x7da26307f6cb65c7d5e3480013cadd94f9130a16,TeXFiles,TheeBiggestBro
396352,2026-07-08 17:48:43,2026-07-08,5a00c7ae-ce58-4b8e-91e4-62af4baac6e8,COLLECTIBLE_TYPE,2800,Pizza Planet Truck,RARE,139000.0,0xde8cafd60937b3164f4c3e5435e12487c37a8431,0x4927368bd7bf769c51f7ae7b6eee90f0866738ff,jsbwrs,Audothrone
396491,2026-07-08 17:51:12,2026-07-08,c00630d3-6aaa-412a-a9d3-ffe68fceba5a,COLLECTIBLE_TYPE,580,Donatello - Classic,COMMON,40000.0,0x5cd54bd230829b917781551bd6a3d1f84a0321c9,0xe308079e0862065ac75ae105cb572b4d93820317,Alfa13,kbtwo3
394179,2026-07-08 17:57:12,2026-07-08,8b48c674-fb99-4797-a8f3-997ec02b6ae2,COLLECTIBLE_TYPE,440,‘Nuff Said!,SECRET_RARE,354800.0,0x376faa4a61c0b08e6eaf8858710eb5749f9a8593,0x4927368bd7bf769c51f7ae7b6eee90f0866738ff,marcospf67,Audothrone
391218,2026-07-08 17:59:14,2026-07-08,2ebcab84-131e-4f36-b93c-b6ac53e76da7,COMIC_COVER,449,The Amazing Spider-Man Vol. 1,COMMON,36000.0,0x7527ecf7ff922b4c74ac5ae6f697343dc3df00d2,0x63863f41761bd51ea5b825c752d7219a9edf5107,iBer,SleepynComics
396891,2026-07-08 18:07:21,2026-07-08,98f7d0b0-8373-4037-a49f-2db41b24f168,COLLECTIBLE_TYPE,1981,Sokka,COMMON,90000.0,0x1a79ade14a342b977062ed1c56b2ab2a1fd38536,0xfa78ba08b5d02b9b4216c380da5b24ef38690349,Dekri,Sevead
391318,2026-07-08 18:20:47,2026-07-08,2a1c126f-df51-4957-8f5c-db0b9375ecf8,COLLECTIBLE_TYPE,5703,Shadow Trooper - Squad Leader,COMMON,7900.0,0x3061998c6436bfd74b1f2d110bce52495d125241,0x009230069c60156f531b3af06d1f4ee61b3ea61c,BigVVLove24,ShatteredZ
361345,2026-07-08 18:37:15,2026-07-08,5d80846e-6d59-45d1-8a1d-03492e5134db,COLLECTIBLE_TYPE,978,Darth Vader Samurai - Shadow of the Shogun,COMMON,40000.0,0x300c950f17dd66e4912148abea1c2bf12b86f0e7,0x8cc99e3359868c42278c900f5de2fa5f57317c7f,Forest420og,CharlieNFT123
396932,2026-07-08 18:47:16,2026-07-08,37353ee5-47b8-4498-a220-7851c6dd0923,COLLECTIBLE_TYPE,2907,Michelangelo - Classic,COMMON,25000.0,0x829d3e9e30e170436c2547196ac179092b6e7b34,0x5198dbe1a55c10f37a27ca2cad3c246318637d06,BACKDOORKICK,Josh7291
396933,2026-07-08 18:47:43,2026-07-08,37353ee5-47b8-4498-a220-7851c6dd0923,COLLECTIBLE_TYPE,2793,Michelangelo - Classic,COMMON,25000.0,0x829d3e9e30e170436c2547196ac179092b6e7b34,0x5198dbe1a55c10f37a27ca2cad3c246318637d06,BACKDOORKICK,Josh7291
396934,2026-07-08 18:48:11,2026-07-08,37353ee5-47b8-4498-a220-7851c6dd0923,COLLECTIBLE_TYPE,2783,Michelangelo - Classic,COMMON,25000.0,0x829d3e9e30e170436c2547196ac179092b6e7b34,0x1a79ade14a342b977062ed1c56b2ab2a1fd38536,BACKDOORKICK,Dekri
396118,2026-07-08 19:08:40,2026-07-08,c898af60-be8a-490a-ac2b-537869c1892a,COLLECTIBLE_TYPE,9523,1:1 DeLorean Time Machine - Interactive,ULTRA_RARE,175000.0,0xc56a4ec7e6d91fb8485f85818b0438f10a13f6ac,0xad64552217cc8c683733f0a97db79c26e89cd9c0,mattloonies,Akamaru
396942,2026-07-08 19:14:45,2026-07-08,4f41756b-fc06-49d4-89de-27a6a27bed12,COLLECTIBLE_TYPE,8,IG-11 - Assassin Droid,COMMON,100000.0,0xb3590ef60176acc6050ae8315aeb626ccf66f050,0xfa9d8a97059e3277ed7818e49b03a030b25ffb1f,RockyOMI,MrSquibs
391314,2026-07-08 19:31:44,2026-07-08,2a1c126f-df51-4957-8f5c-db0b9375ecf8,COLLECTIBLE_TYPE,5862,Shadow Trooper - Squad Leader,COMMON,7900.0,0x3061998c6436bfd74b1f2d110bce52495d125241,0x009230069c60156f531b3af06d1f4ee61b3ea61c,BigVVLove24,ShatteredZ
397011,2026-07-08 19:47:46,2026-07-08,36428d98-5f2b-406e-a6b8-fca3a70ad74c,COLLECTIBLE_TYPE,855,Donald Duck,RARE,59999.0,0xa0db66cf20ab927fc4e4c47bf1f1148c0a99df92,0xb0736199d1574f811d3502e496205b5dd5493ee3,cocohatesnfts,Marconline
397025,2026-07-08 19:59:42,2026-07-08,e957f893-9b39-4a0f-ade8-168b31f62647,COLLECTIBLE_TYPE,993,Emma Frost - Phoenix,COMMON,30518.0,0x009230069c60156f531b3af06d1f4ee61b3ea61c,0x1c9ac3dd0b4ee7a3c8863231e9598d0a9e4a1e58,ShatteredZ,FIREMoon
384112,2026-07-08 20:13:39,2026-07-08,05bfaa01-9847-43e5-82ee-8c7999c26aa7,COLLECTIBLE_TYPE,1853,IG-11 - Protector,COMMON,30000.0,0xe0db99d43c5d6cf5031cfb3bfc6b69b7c16bffea,0xfa78ba08b5d02b9b4216c380da5b24ef38690349,NoldorAlive,Sevead
396610,2026-07-08 20:14:45,2026-07-08,c00630d3-6aaa-412a-a9d3-ffe68fceba5a,COLLECTIBLE_TYPE,2466,Donatello - Classic,COMMON,29999.0,0x4fca3aebebb9e23aa4cc41ad81a72bf7a5b3d453,0xfa78ba08b5d02b9b4216c380da5b24ef38690349,garbiel,Sevead
370162,2026-07-08 20:17:09,2026-07-08,7598d35a-beb1-432d-bef6-a204eb526d44,COLLECTIBLE_TYPE,1863,Fix-It Felix,RARE,25900.0,0x0d1509b026d680caed17764fae38e870460b7acc,0xfa78ba08b5d02b9b4216c380da5b24ef38690349,TopDog,Sevead
397004,2026-07-08 20:17:46,2026-07-08,6c2e0c21-ecec-421d-a15c-6e1e18923f67,COLLECTIBLE_TYPE,675,M.O.D.O.K.,SECRET_RARE,40000.0,0xea7d88f3aaea00162d0626c3c8594ff9b057a6aa,0xfa78ba08b5d02b9b4216c380da5b24ef38690349,Urgency,Sevead
396080,2026-07-08 20:19:13,2026-07-08,d2f4cb16-5993-4aeb-9016-7003bf41f0f0,COLLECTIBLE_TYPE,367,Vanellope,SECRET_RARE,99999.0,0xa0db66cf20ab927fc4e4c47bf1f1148c0a99df92,0xfa78ba08b5d02b9b4216c380da5b24ef38690349,cocohatesnfts,Sevead
396632,2026-07-08 20:20:11,2026-07-08,e8064631-1c9d-408a-ada4-7534693c8c12,COLLECTIBLE_TYPE,1811,Sentinel,COMMON,19800.0,0xd3c90f4e9c3886ae603acae4a2b0fa900593f1c4,0xfa78ba08b5d02b9b4216c380da5b24ef38690349,montrealactor,Sevead
397018,2026-07-08 20:21:43,2026-07-08,262ca5c3-d806-421d-aa0a-05207e5ea59c,COLLECTIBLE_TYPE,78,Donatello - IncogNinja,ULTRA_RARE,258998.0,0x009230069c60156f531b3af06d1f4ee61b3ea61c,0x045076643b32fd4838e8d2bcb21dc189913621f5,ShatteredZ,SidiBiggy
396912,2026-07-08 20:31:18,2026-07-08,c3df7496-e8e7-4507-b80a-5c2b5d996645,COLLECTIBLE_TYPE,6570,#100 Todd McFarlane Batman,COMMON,1690000.0,0xa082b4f0624403a83507be6eb0b99834e46ad59a,0xe2dd3d72828be77a77fb02d612d0e1eee96add79,Abojohannes,frenkifc
391313,2026-07-08 20:34:16,2026-07-08,2a1c126f-df51-4957-8f5c-db0b9375ecf8,COLLECTIBLE_TYPE,5917,Shadow Trooper - Squad Leader,COMMON,7900.0,0x3061998c6436bfd74b1f2d110bce52495d125241,0x009230069c60156f531b3af06d1f4ee61b3ea61c,BigVVLove24,ShatteredZ
376644,2026-07-08 20:41:45,2026-07-08,8b61e2cb-0382-49ca-956b-8c82fb3f875c,COMIC_COVER,4329,Marvel Super-Heroes Vol. 1,COMMON,5000.0,0x5198dbe1a55c10f37a27ca2cad3c246318637d06,0x61f5854befe4526e1acf17c1070bc7a22c8763b2,Josh7291,macroot0
376643,2026-07-08 20:42:44,2026-07-08,8b61e2cb-0382-49ca-956b-8c82fb3f875c,COMIC_COVER,5228,Marvel Super-Heroes Vol. 1,COMMON,5000.0,0x5198dbe1a55c10f37a27ca2cad3c246318637d06,0x61f5854befe4526e1acf17c1070bc7a22c8763b2,Josh7291,macroot0
376646,2026-07-08 20:42:49,2026-07-08,8b61e2cb-0382-49ca-956b-8c82fb3f875c,COMIC_COVER,3069,Marvel Super-Heroes Vol. 1,COMMON,5000.0,0x5198dbe1a55c10f37a27ca2cad3c246318637d06,0x61f5854befe4526e1acf17c1070bc7a22c8763b2,Josh7291,macroot0
376642,2026-07-08 20:43:12,2026-07-08,8b61e2cb-0382-49ca-956b-8c82fb3f875c,COMIC_COVER,5543,Marvel Super-Heroes Vol. 1,COMMON,5000.0,0x5198dbe1a55c10f37a27ca2cad3c246318637d06,0x61f5854befe4526e1acf17c1070bc7a22c8763b2,Josh7291,macroot0
376645,2026-07-08 20:44:18,2026-07-08,8b61e2cb-0382-49ca-956b-8c82fb3f875c,COMIC_COVER,3542,Marvel Super-Heroes Vol. 1,COMMON,5000.0,0x5198dbe1a55c10f37a27ca2cad3c246318637d06,0x61f5854befe4526e1acf17c1070bc7a22c8763b2,Josh7291,macroot0
375736,2026-07-08 20:47:15,2026-07-08,295ead7b-e20b-45e6-88e1-f280e55faf07,COLLECTIBLE_TYPE,155,FDP Tower,SECRET_RARE,75000.0,0xd30823ee1c9fe6c6a74a1f7e8ebe22d9ac3778a9,0x59e9dcf69da63f3f91f50dcfea77d3f9ab885b8c,Kaim777,Goldquest
379704,2026-07-08 20:57:46,2026-07-08,f20c389b-20e3-4327-b751-761cc64c04e0,COMIC_COVER,1002,Amazing Fantasy Vol. 2,COMMON,5000.0,0x280ee3759aaae6d53f3fa13aa78bfa63d5d0af66,0x61f5854befe4526e1acf17c1070bc7a22c8763b2,TheAnonymousGuy,macroot0
396999,2026-07-08 21:05:10,2026-07-08,7b76ceee-2678-4957-af06-8cd97e37833a,COMIC_COVER,5145,Uncanny X-Men Vol. 1,COMMON,4990.0,0x2ec1f3d7a88d42ed42079a9fb049a0acc0df32d4,0x8f5afc7671c89bb233b93ffb324de7fb0d6ba676,Mrou,klimster85
394074,2026-07-08 21:16:13,2026-07-08,7c5eb748-9229-452d-9bfd-00c75c029499,COLLECTIBLE_TYPE,185,Spider-Man – Ultimate Animated,SECRET_RARE,19250000.0,0xc4bff95003a86b44b3562b244c1be4a306af41d9,0xaefe95d51d3036f10bf67f5c9ebaecf192e80abf,Chavycat5,mc2222
396940,2026-07-08 22:04:19,2026-07-08,1049f40a-b3db-42ef-aeec-036b9e4ecd88,COLLECTIBLE_TYPE,1993,Elektra – Lady Daredevil,RARE,280000.0,0xe7b95c5430e151fc367c717288ac18a71e61d5c7,0x1c9ac3dd0b4ee7a3c8863231e9598d0a9e4a1e58,cryptolrg,FIREMoon
372224,2026-07-08 22:28:17,2026-07-08,f245134f-9016-44b5-826f-95acfa65f941,COMIC_COVER,2445,Captain America Vol. 6,ULTRA_RARE,23999.0,0xa0db66cf20ab927fc4e4c47bf1f1148c0a99df92,0xfa78ba08b5d02b9b4216c380da5b24ef38690349,cocohatesnfts,Sevead
393046,2026-07-08 22:37:09,2026-07-08,8bc0fc69-04d8-4aa3-8fcc-ea798c5ca28a,COMIC_COVER,1905,Champions,RARE,30000.0,0x9a6fb6e0bb1e3db7e0121396c211785dd9b9b435,0x8f5afc7671c89bb233b93ffb324de7fb0d6ba676,SayWhatAT,klimster85
395648,2026-07-08 22:46:41,2026-07-08,c00630d3-6aaa-412a-a9d3-ffe68fceba5a,COLLECTIBLE_TYPE,1735,Donatello - Classic,COMMON,33800.0,0x4a4a95a2d8e91949af71226213e7c702592b28ea,0x1c21f7c0c36c85f6fcbda5b7bd9521583b9c24e9,JH14,B00G3r
397069,2026-07-08 22:47:43,2026-07-08,68649d9c-b610-4ac0-a07a-f14a1fca6585,COLLECTIBLE_TYPE,605,Raphael - Classic,COMMON,35000.0,0xd30823ee1c9fe6c6a74a1f7e8ebe22d9ac3778a9,0x1c21f7c0c36c85f6fcbda5b7bd9521583b9c24e9,Kaim777,B00G3r
396452,2026-07-08 22:50:14,2026-07-08,68649d9c-b610-4ac0-a07a-f14a1fca6585,COLLECTIBLE_TYPE,1836,Raphael - Classic,COMMON,28888.0,0x1599f053c0af3ee139e8136ef474ea557eea3107,0x1c21f7c0c36c85f6fcbda5b7bd9521583b9c24e9,brenis28,B00G3r
395651,2026-07-08 22:50:49,2026-07-08,c00630d3-6aaa-412a-a9d3-ffe68fceba5a,COLLECTIBLE_TYPE,1627,Donatello - Classic,COMMON,33800.0,0x4a4a95a2d8e91949af71226213e7c702592b28ea,0x1c21f7c0c36c85f6fcbda5b7bd9521583b9c24e9,JH14,B00G3r
397071,2026-07-08 22:51:46,2026-07-08,c3df7496-e8e7-4507-b80a-5c2b5d996645,COLLECTIBLE_TYPE,5189,#100 Todd McFarlane Batman,COMMON,1739999.0,0x1354176a4e91ab7fcbce6c256ab210dd3fe0ea14,0xbac31a1230602fa26c131fed21132d8c7c9a7ec6,tettine,wc3nte
397084,2026-07-09 00:09:36,2026-07-08,fc943f7c-7e87-4f6e-b38e-8bc02c6cf7a6,COLLECTIBLE_TYPE,10536,Spider-Man – The Amazing Spider-Man,COMMON,120000.0,0xcac072c9b18787211eaf4df64b6199e8948cb822,0xb3590ef60176acc6050ae8315aeb626ccf66f050,zuzuo,RockyOMI
397109,2026-07-09 00:44:19,2026-07-08,c00630d3-6aaa-412a-a9d3-ffe68fceba5a,COLLECTIBLE_TYPE,190,Donatello - Classic,COMMON,55555.0,0x03ecef97ec7b4523d1b568518a6b6a993ac6d01b,0xd9303df30db28702a71be18fc2713a9d4c57739e,InEcomiWeTrust,XPert44
397106,2026-07-09 00:46:16,2026-07-08,c00630d3-6aaa-412a-a9d3-ffe68fceba5a,COLLECTIBLE_TYPE,68,Donatello - Classic,COMMON,333333.0,0x03ecef97ec7b4523d1b568518a6b6a993ac6d01b,0xd9303df30db28702a71be18fc2713a9d4c57739e,InEcomiWeTrust,XPert44
395143,2026-07-09 00:58:15,2026-07-08,840cd502-351b-4397-b1c0-1cfcb612b799,COLLECTIBLE_TYPE,1189,Grogu,RARE,55000.0,0x37077178b838af8846becd00269dae0d7440c855,0xfeb4f097be08f8cc4607f46207c9cccce0251379,gazoo,KcBmw
381802,2026-07-09 01:01:44,2026-07-08,dbed7372-f79d-4638-a180-1da2e36195f4,COLLECTIBLE_TYPE,346,Alice,UNCOMMON,68000.0,0x300c950f17dd66e4912148abea1c2bf12b86f0e7,0x4e9e69df4e257f3ae01a3aa531fec9d8a03fad8e,Forest420og,longHalloween
396987,2026-07-09 01:07:19,2026-07-08,7b111da1-4fd3-49d4-a6e9-59a44ffbb7bc,COMIC_COVER,7080,All-New Marvel NOW! Point One,RARE,11990.0,0x2ec1f3d7a88d42ed42079a9fb049a0acc0df32d4,0x582be1bcc08c294625e9fde79e31b495e4fe28b9,Mrou,Treebranch
396571,2026-07-09 01:08:44,2026-07-08,6e5f1558-19e3-4420-9fcd-06ea67852e1f,COMIC_COVER,2676,Wizards of Mickey,UNCOMMON,12000.0,0x30a90423c772900e014a334daa2728e4d7ba9527,0x582be1bcc08c294625e9fde79e31b495e4fe28b9,woohaha,Treebranch
396377,2026-07-09 01:10:22,2026-07-08,426396ef-3b30-4c84-aa70-06e932ddde6c,COLLECTIBLE_TYPE,2529,Finn Mertens,COMMON,19999.0,0xde8cafd60937b3164f4c3e5435e12487c37a8431,0x582be1bcc08c294625e9fde79e31b495e4fe28b9,jsbwrs,Treebranch
385806,2026-07-09 01:12:51,2026-07-08,a30604ac-4ac1-4f27-93b3-33620eb250f4,COMIC_COVER,42300,The Amazing Spider-Man Vol. 1,COMMON,32500.0,0x0a55b9038ce2d15969365df8cc0be3ad3897313b,0x582be1bcc08c294625e9fde79e31b495e4fe28b9,Zombi2,Treebranch
397142,2026-07-09 01:37:17,2026-07-08,dc0e0865-ed0d-4421-8bcd-2d9007d9c73a,COLLECTIBLE_TYPE,559,VeVe Uncommon General Admission Ticket - NYCC 2024,UNCOMMON,9500.0,0xafd0dee0ac43ee6a07e0eb265a5bb7800a9c33ab,0x376faa4a61c0b08e6eaf8858710eb5749f9a8593,zollip74,marcospf67
397147,2026-07-09 01:46:11,2026-07-08,cac60134-17f8-40d5-988f-f911652e1a12,COLLECTIBLE_TYPE,585,VeVe Common General Admission Ticket - NYCC 2024,COMMON,9500.0,0xafd0dee0ac43ee6a07e0eb265a5bb7800a9c33ab,0x376faa4a61c0b08e6eaf8858710eb5749f9a8593,zollip74,marcospf67
397056,2026-07-09 02:17:48,2026-07-08,3ecd1c9c-dd05-4e9e-80b9-7b8574a095bb,COLLECTIBLE_TYPE,634,Mickey & Friends Logo,UNCOMMON,23333.0,0xdd6d71582a7a2160a20c4ec12376665ba574de02,0x319a31606b67e323621aef8dd5235a4955bec018,RayJos,Mushroomcarp
397141,2026-07-09 02:27:45,2026-07-08,cbddd94c-f918-4062-9155-527066262481,COLLECTIBLE_TYPE,12844,Snow Globe - Polar Bear,COMMON,6500.0,0xafd0dee0ac43ee6a07e0eb265a5bb7800a9c33ab,0x319a31606b67e323621aef8dd5235a4955bec018,zollip74,Mushroomcarp
397168,2026-07-09 02:59:16,2026-07-08,c00630d3-6aaa-412a-a9d3-ffe68fceba5a,COLLECTIBLE_TYPE,2226,Donatello - Classic,COMMON,33299.0,0x009230069c60156f531b3af06d1f4ee61b3ea61c,0xd9303df30db28702a71be18fc2713a9d4c57739e,ShatteredZ,XPert44
397164,2026-07-09 02:59:44,2026-07-08,c00630d3-6aaa-412a-a9d3-ffe68fceba5a,COLLECTIBLE_TYPE,2731,Donatello - Classic,COMMON,33300.0,0xc0c03f3a159328a0680ca7026dc949d176f9d2f1,0xd9303df30db28702a71be18fc2713a9d4c57739e,AppleCrumble8,XPert44
397070,2026-07-09 03:24:43,2026-07-08,d2e7d889-d5d5-43c1-a133-58e58514a272,COLLECTIBLE_TYPE,328,Chestburster,ULTRA_RARE,500000.0,0x5cd54bd230829b917781551bd6a3d1f84a0321c9,0x7c01ea897e1b3ba2d87de33956cda3a0b0333cac,Alfa13,newiz
386683,2026-07-09 03:31:42,2026-07-08,18ffd467-efd3-4686-924d-6e70e4ebbc87,COLLECTIBLE_TYPE,6025,"Krasue, the Floating Head",COMMON,9500.0,0x67e05fac84e2f145227740ffdfc25cdbb9db2a6c,0xb729b390298a86971571549c81a3ac9a280a7669,zalanz1417,18bk
379124,2026-07-09 05:38:21,2026-07-08,f7a05032-5443-4d37-af8f-6b24db3bcdb5,COMIC_COVER,1810,The Silver Surfer Vol. 1,COMMON,13500.0,0xdf857ea830d5294c42a1b1845c81f83834fc046c,0xc4bff95003a86b44b3562b244c1be4a306af41d9,Chechyhoney,Chavycat5
394679,2026-07-09 05:38:37,2026-07-08,7051dd0b-67f0-4ffe-a81b-6a397a7a496c,COLLECTIBLE_TYPE,527,T-47 Airspeeder - Red,COMMON,26000.0,0x3061998c6436bfd74b1f2d110bce52495d125241,0xc173deebe9baa5af3bb8d571e28a70fbb87b7acc,BigVVLove24,SpursBane
394681,2026-07-09 05:38:43,2026-07-08,7051dd0b-67f0-4ffe-a81b-6a397a7a496c,COLLECTIBLE_TYPE,478,T-47 Airspeeder - Red,COMMON,28000.0,0x3061998c6436bfd74b1f2d110bce52495d125241,0xc173deebe9baa5af3bb8d571e28a70fbb87b7acc,BigVVLove24,SpursBane
389873,2026-07-09 05:38:58,2026-07-08,0864bd0f-fac3-455a-ad99-d22652837cbd,COMIC_COVER,3285,Tales to Astonish Vol. 1,COMMON,18000.0,0x300c950f17dd66e4912148abea1c2bf12b86f0e7,0xc4bff95003a86b44b3562b244c1be4a306af41d9,Forest420og,Chavycat5
396036,2026-07-09 05:39:04,2026-07-08,9d407a00-544c-4245-95e9-8992c2f88727,COMIC_COVER,6762,Edge of Spider-Verse Vol. 1,COMMON,9000.0,0x966fc334588062ab3eeb1100186e70002ffbf9bf,0xc4bff95003a86b44b3562b244c1be4a306af41d9,Saff,Chavycat5
396037,2026-07-09 05:39:10,2026-07-08,9d407a00-544c-4245-95e9-8992c2f88727,COMIC_COVER,5820,Edge of Spider-Verse Vol. 1,COMMON,9000.0,0x966fc334588062ab3eeb1100186e70002ffbf9bf,0xc4bff95003a86b44b3562b244c1be4a306af41d9,Saff,Chavycat5
373233,2026-07-09 05:39:15,2026-07-08,25bb7dcb-1242-4767-a274-02927845b7c6,COMIC_COVER,3104,Fantastic Four Vol. 1,COMMON,14500.0,0xe9943a1b051668d515c2ac8e5b906026dc8d2487,0xc4bff95003a86b44b3562b244c1be4a306af41d9,tombo83,Chavycat5
395051,2026-07-09 05:39:32,2026-07-08,d4432421-d5cc-4a1d-9f0d-d98ac39ee597,COLLECTIBLE_TYPE,932,Cartenon Temple Diorama,COMMON,90000.0,0x5cd54bd230829b917781551bd6a3d1f84a0321c9,0x319a31606b67e323621aef8dd5235a4955bec018,Alfa13,Mushroomcarp
394652,2026-07-09 05:39:39,2026-07-08,a218120e-106b-4761-9cce-21f4485d53a0,COLLECTIBLE_TYPE,22,Raphael - IncogNinja,ULTRA_RARE,1500000.0,0xa43d9c86447fece1aec34a3a764b56391070e709,0x3844505d0f1771c26fc669e8b0257314339207eb,batikopat22,blaaah
397049,2026-07-09 05:40:18,2026-07-08,a0c50208-f32c-4e7e-9664-c28555a9f523,COLLECTIBLE_TYPE,924,Yoda,COMMON,208501.0,0xdd6d71582a7a2160a20c4ec12376665ba574de02,0xdff9a022dd0e4a3391b3c95944b51aed4eeed2a9,RayJos,kev300
395553,2026-07-09 05:43:11,2026-07-08,987e4ada-20fb-47d1-9900-7fdbff0d023c,COLLECTIBLE_TYPE,153,Coca-Cola – Hobbleskirt Bottle,COMMON,20000.0,0xae92a9884e8f53202ce924c4b9e94e4da3ec50a1,0xf5ad1d907be1462d6c7472f0f96b754b3a1f7e24,fugazizicu,Daniel1985
395241,2026-07-09 05:44:11,2026-07-08,df8fec71-7e54-4dfb-b3e4-ea9c83aceca7,COLLECTIBLE_TYPE,6390,Captain America – The Punch,RARE,59000.0,0x0a55b9038ce2d15969365df8cc0be3ad3897313b,0x6fce02f5b9882225e85c1b44212b98e1a1a9ff8b,Zombi2,sc0tchy
375923,2026-07-09 05:48:09,2026-07-08,51783056-16e0-4adc-9a63-a294f0eb968f,COLLECTIBLE_TYPE,67,Boba Fett’s EE-3 Carbine Rifle,ULTRA_RARE,125000.0,0xe57daca6908268040b1c8da694124fcbe16a04cf,0xf5ad1d907be1462d6c7472f0f96b754b3a1f7e24,mikemegatron,Daniel1985
394241,2026-07-09 05:53:19,2026-07-08,6b496024-0a09-49be-b7f7-4ee655b38eea,COLLECTIBLE_TYPE,410,Dogpool,ULTRA_RARE,55000.0,0xf8f66e612764d0efaf002bbc6646cd538b0afbaa,0x24d26e03047805b4688e0b0126fdcc6f0a3662b1,minotaar69,kgmjam
396669,2026-07-09 05:53:25,2026-07-08,fc9edd6c-11d2-4aba-86e4-dfc47934023c,COLLECTIBLE_TYPE,478,Diablo - Orange,ULTRA_RARE,60000.0,0x280ee3759aaae6d53f3fa13aa78bfa63d5d0af66,0xf5ad1d907be1462d6c7472f0f96b754b3a1f7e24,TheAnonymousGuy,Daniel1985
397077,2026-07-09 05:56:40,2026-07-08,cac519a3-0048-440f-8214-e84268395831,COLLECTIBLE_TYPE,584,Excelsior!,ULTRA_RARE,64999.0,0x8ce701635538a73413675ff605845f07287b9c1d,0xb0736199d1574f811d3502e496205b5dd5493ee3,Jeank,Marconline
388666,2026-07-09 06:01:33,2026-07-08,3facefe2-427f-48ec-a954-e5892b8c3b20,COLLECTIBLE_TYPE,160,Yoda - Focus,RARE,360000.0,0x5cd54bd230829b917781551bd6a3d1f84a0321c9,0xdff9a022dd0e4a3391b3c95944b51aed4eeed2a9,Alfa13,kev300
372612,2026-07-09 06:03:11,2026-07-08,2130c3b0-6f36-4c74-8f08-b738e4dda147,COLLECTIBLE_TYPE,151,Flying Balloons Girl (Black Edition),ULTRA_RARE,210000.0,0x61f5153bc151ba760195c9ae5d0c6d446c8ba5c6,0x8799c4fbc97644779843c5f90131b4dad1355844,spudwade,stephenduarte
393646,2026-07-09 07:13:41,2026-07-09,2794ef40-2f15-422b-b71f-9f17becccf5c,COMIC_COVER,3287,The Incredible Hulk Vol. 1,COMMON,84995.0,0x0a55b9038ce2d15969365df8cc0be3ad3897313b,0xbf076dc721c6dc138db8b6842466f39066cb9133,Zombi2,Roligoal
395790,2026-07-09 07:14:19,2026-07-09,2794ef40-2f15-422b-b71f-9f17becccf5c,COMIC_COVER,9260,The Incredible Hulk Vol. 1,COMMON,84500.0,0xbe4a9b27897b501eb0da73d4d8d49af6e236bb23,0xbf076dc721c6dc138db8b6842466f39066cb9133,Majka1234,Roligoal
393643,2026-07-09 07:14:46,2026-07-09,2794ef40-2f15-422b-b71f-9f17becccf5c,COMIC_COVER,6341,The Incredible Hulk Vol. 1,COMMON,84995.0,0x0a55b9038ce2d15969365df8cc0be3ad3897313b,0xbf076dc721c6dc138db8b6842466f39066cb9133,Zombi2,Roligoal
393644,2026-07-09 07:15:14,2026-07-09,2794ef40-2f15-422b-b71f-9f17becccf5c,COMIC_COVER,6282,The Incredible Hulk Vol. 1,COMMON,84995.0,0x0a55b9038ce2d15969365df8cc0be3ad3897313b,0xbf076dc721c6dc138db8b6842466f39066cb9133,Zombi2,Roligoal
393641,2026-07-09 07:15:42,2026-07-09,2794ef40-2f15-422b-b71f-9f17becccf5c,COMIC_COVER,6504,The Incredible Hulk Vol. 1,COMMON,84995.0,0x0a55b9038ce2d15969365df8cc0be3ad3897313b,0xbf076dc721c6dc138db8b6842466f39066cb9133,Zombi2,Roligoal
397296,2026-07-09 07:29:13,2026-07-09,cd82668e-2dde-4a6e-bf7c-bd705fe16011,COMIC_COVER,362,Spider-Man '94,COMMON,1555.0,0x46c53c70bb59b14ce82715b0dc7b1a20d9c96b86,0x5cd54bd230829b917781551bd6a3d1f84a0321c9,wneon,Alfa13
392742,2026-07-09 07:33:16,2026-07-09,6aa8a426-c98a-4155-8895-bc0d0f7e9f55,COLLECTIBLE_TYPE,80,Record #9 - Everyone is Jealous of Me - Gold,ULTRA_RARE,29000.0,0xad64552217cc8c683733f0a97db79c26e89cd9c0,0x8d512884febeb4364ca307a861480d83ec17ef92,Akamaru,Frankx
365684,2026-07-09 08:03:12,2026-07-09,5a677cc4-f50d-4d07-8268-d1fcd2aef8cd,COLLECTIBLE_TYPE,1454,Red House,UNCOMMON,10000.0,0xbcb19ef45124a62dada53912e201240967bdb937,0x8d512884febeb4364ca307a861480d83ec17ef92,AQksa,Frankx
396894,2026-07-09 08:39:42,2026-07-09,d4432421-d5cc-4a1d-9f0d-d98ac39ee597,COLLECTIBLE_TYPE,1433,Cartenon Temple Diorama,COMMON,80000.0,0x1a79ade14a342b977062ed1c56b2ab2a1fd38536,0x6d6500b8752a9db7a97584e32dd6cc3d76d93662,Dekri,ComicBytez
369106,2026-07-09 09:10:19,2026-07-09,74ffff21-4447-4ce3-a62f-610747e8afdf,COLLECTIBLE_TYPE,1344,Snow Globes - Snowman,RARE,9000.0,0x89bb3d06134463ab1fb24cbb480b7208f7337492,0x61f5854befe4526e1acf17c1070bc7a22c8763b2,spc1204,macroot0
366554,2026-07-09 09:16:48,2026-07-09,cddbfc75-5128-4200-833e-744d200b9ae0,COMIC_COVER,626,Thunderbolts Vol. 6,COMMON,10000.0,0x89bb3d06134463ab1fb24cbb480b7208f7337492,0x61f5854befe4526e1acf17c1070bc7a22c8763b2,spc1204,macroot0
366555,2026-07-09 09:17:14,2026-07-09,cddbfc75-5128-4200-833e-744d200b9ae0,COMIC_COVER,132,Thunderbolts Vol. 6,COMMON,10000.0,0x89bb3d06134463ab1fb24cbb480b7208f7337492,0x61f5854befe4526e1acf17c1070bc7a22c8763b2,spc1204,macroot0
394191,2026-07-09 09:18:48,2026-07-09,95d49cab-afd3-4eaf-8f44-60cb57425376,COMIC_COVER,318,OLYMPUS SAGA: MEGALITH,COMMON,5000.0,0x829d3e9e30e170436c2547196ac179092b6e7b34,0x61f5854befe4526e1acf17c1070bc7a22c8763b2,BACKDOORKICK,macroot0
394190,2026-07-09 09:19:47,2026-07-09,95d49cab-afd3-4eaf-8f44-60cb57425376,COMIC_COVER,620,OLYMPUS SAGA: MEGALITH,COMMON,5000.0,0x829d3e9e30e170436c2547196ac179092b6e7b34,0x61f5854befe4526e1acf17c1070bc7a22c8763b2,BACKDOORKICK,macroot0
395465,2026-07-09 09:26:40,2026-07-09,677f16fe-9296-4149-b6ca-b50b2d2af59b,COMIC_COVER,280,All-New Captain America,UNCOMMON,8000.0,0x4927368bd7bf769c51f7ae7b6eee90f0866738ff,0x61f5854befe4526e1acf17c1070bc7a22c8763b2,Audothrone,macroot0
395464,2026-07-09 09:27:11,2026-07-09,677f16fe-9296-4149-b6ca-b50b2d2af59b,COMIC_COVER,394,All-New Captain America,UNCOMMON,8000.0,0x4927368bd7bf769c51f7ae7b6eee90f0866738ff,0x61f5854befe4526e1acf17c1070bc7a22c8763b2,Audothrone,macroot0
395641,2026-07-09 10:10:14,2026-07-09,6039dbf3-378d-4976-a4a7-e021a8c9ae1c,COLLECTIBLE_TYPE,213,Star Wars Episode IV: A New Hope - Space Battle,RARE,89000.0,0xe948fdff4795c7746e53028339cf03cf040db7ba,0x00bafe9a4e6e21330eba2b54dd712d5b34d233b3,Cwolt,tasis
397286,2026-07-09 10:10:20,2026-07-09,c00630d3-6aaa-412a-a9d3-ffe68fceba5a,COLLECTIBLE_TYPE,2514,Donatello - Classic,COMMON,33290.0,0xc0c03f3a159328a0680ca7026dc949d176f9d2f1,0x0cc687694d3e2f4c89b879df4ffe88802453e9a9,AppleCrumble8,noksukao
397285,2026-07-09 10:10:47,2026-07-09,c00630d3-6aaa-412a-a9d3-ffe68fceba5a,COLLECTIBLE_TYPE,2520,Donatello - Classic,COMMON,33290.0,0xc0c03f3a159328a0680ca7026dc949d176f9d2f1,0x0cc687694d3e2f4c89b879df4ffe88802453e9a9,AppleCrumble8,noksukao
397200,2026-07-09 10:10:52,2026-07-09,c00630d3-6aaa-412a-a9d3-ffe68fceba5a,COLLECTIBLE_TYPE,1829,Donatello - Classic,COMMON,33299.0,0x009230069c60156f531b3af06d1f4ee61b3ea61c,0x0cc687694d3e2f4c89b879df4ffe88802453e9a9,ShatteredZ,noksukao
382754,2026-07-09 10:11:20,2026-07-09,af494590-5225-4a94-b610-eb9ee550da94,COLLECTIBLE_TYPE,376,Brian Rood Variant,ULTRA_RARE,270216.0,0xf90f052b948ed49402c1900cffd4fadf9041208a,0x00bafe9a4e6e21330eba2b54dd712d5b34d233b3,Dinobravo,tasis
397199,2026-07-09 10:11:25,2026-07-09,c00630d3-6aaa-412a-a9d3-ffe68fceba5a,COLLECTIBLE_TYPE,1121,Donatello - Classic,COMMON,33299.0,0x009230069c60156f531b3af06d1f4ee61b3ea61c,0x0cc687694d3e2f4c89b879df4ffe88802453e9a9,ShatteredZ,noksukao
397112,2026-07-09 10:11:42,2026-07-09,c00630d3-6aaa-412a-a9d3-ffe68fceba5a,COLLECTIBLE_TYPE,2186,Donatello - Classic,COMMON,33333.0,0x03ecef97ec7b4523d1b568518a6b6a993ac6d01b,0x0cc687694d3e2f4c89b879df4ffe88802453e9a9,InEcomiWeTrust,noksukao
395050,2026-07-09 10:11:48,2026-07-09,05bfaa01-9847-43e5-82ee-8c7999c26aa7,COLLECTIBLE_TYPE,456,IG-11 - Protector,COMMON,75000.0,0xfeb4f097be08f8cc4607f46207c9cccce0251379,0xb5edb8f049d9e30ebcbff11354b1688997690ec1,KcBmw,Tobi89
397097,2026-07-09 10:12:16,2026-07-09,c00630d3-6aaa-412a-a9d3-ffe68fceba5a,COLLECTIBLE_TYPE,2942,Donatello - Classic,COMMON,33333.0,0x03ecef97ec7b4523d1b568518a6b6a993ac6d01b,0x0cc687694d3e2f4c89b879df4ffe88802453e9a9,InEcomiWeTrust,noksukao
367403,2026-07-09 10:12:22,2026-07-09,6a01e536-cd0d-4122-afea-1654ce59472c,COLLECTIBLE_TYPE,361,Star Wars: Episode V The Empire Strikes Back - Vader's Helmet,ULTRA_RARE,78888.0,0xf24ad7f6e43144a8e5570b285805c45e890d3f82,0x00bafe9a4e6e21330eba2b54dd712d5b34d233b3,thesnackman,tasis
397098,2026-07-09 10:12:29,2026-07-09,c00630d3-6aaa-412a-a9d3-ffe68fceba5a,COLLECTIBLE_TYPE,2729,Donatello - Classic,COMMON,33333.0,0x03ecef97ec7b4523d1b568518a6b6a993ac6d01b,0x0cc687694d3e2f4c89b879df4ffe88802453e9a9,InEcomiWeTrust,noksukao
397101,2026-07-09 10:12:40,2026-07-09,c00630d3-6aaa-412a-a9d3-ffe68fceba5a,COLLECTIBLE_TYPE,2597,Donatello - Classic,COMMON,33333.0,0x03ecef97ec7b4523d1b568518a6b6a993ac6d01b,0x0cc687694d3e2f4c89b879df4ffe88802453e9a9,InEcomiWeTrust,noksukao
397103,2026-07-09 10:12:50,2026-07-09,c00630d3-6aaa-412a-a9d3-ffe68fceba5a,COLLECTIBLE_TYPE,2248,Donatello - Classic,COMMON,33333.0,0x03ecef97ec7b4523d1b568518a6b6a993ac6d01b,0x0cc687694d3e2f4c89b879df4ffe88802453e9a9,InEcomiWeTrust,noksukao
397102,2026-07-09 10:13:18,2026-07-09,c00630d3-6aaa-412a-a9d3-ffe68fceba5a,COLLECTIBLE_TYPE,2589,Donatello - Classic,COMMON,33333.0,0x03ecef97ec7b4523d1b568518a6b6a993ac6d01b,0x0cc687694d3e2f4c89b879df4ffe88802453e9a9,InEcomiWeTrust,noksukao
382957,2026-07-09 10:13:23,2026-07-09,3ab24635-2ee1-4688-b3f1-1ad77e525bad,COLLECTIBLE_TYPE,461,Star Wars: Episode V The Empire Strikes Back - 10th Anniversary,ULTRA_RARE,69999.0,0x46c53c70bb59b14ce82715b0dc7b1a20d9c96b86,0x00bafe9a4e6e21330eba2b54dd712d5b34d233b3,wneon,tasis
397100,2026-07-09 10:13:38,2026-07-09,c00630d3-6aaa-412a-a9d3-ffe68fceba5a,COLLECTIBLE_TYPE,2643,Donatello - Classic,COMMON,33333.0,0x03ecef97ec7b4523d1b568518a6b6a993ac6d01b,0x0cc687694d3e2f4c89b879df4ffe88802453e9a9,InEcomiWeTrust,noksukao
397374,2026-07-09 10:23:20,2026-07-09,c00630d3-6aaa-412a-a9d3-ffe68fceba5a,COLLECTIBLE_TYPE,1005,Donatello - Classic,COMMON,33799.0,0x009230069c60156f531b3af06d1f4ee61b3ea61c,0xb0736199d1574f811d3502e496205b5dd5493ee3,ShatteredZ,Marconline
377854,2026-07-09 10:49:19,2026-07-09,2d817683-3755-4076-be51-4bbd95377745,COLLECTIBLE_TYPE,93,Buzz Lightyear – Wings Deployed,SECRET_RARE,599999.0,0x8cc99e3359868c42278c900f5de2fa5f57317c7f,0x7262fd9a76d67fb9e2827ff5c76e5c3b426a5763,CharlieNFT123,Luberfides
396880,2026-07-09 11:24:37,2026-07-09,c3df7496-e8e7-4507-b80a-5c2b5d996645,COLLECTIBLE_TYPE,5405,#100 Todd McFarlane Batman,COMMON,1750000.0,0x6a2ca3cf0f907a483ba410947d61a19473717f3b,0xf797271310b595e8739c205afd219c86809cc112,lufe95w3,CocoaPuff00
397151,2026-07-09 11:25:40,2026-07-09,900388bb-8847-4334-8d1a-508de81c4a4d,COLLECTIBLE_TYPE,4091,Superman,UNCOMMON,651999.0,0x1599f053c0af3ee139e8136ef474ea557eea3107,0xf797271310b595e8739c205afd219c86809cc112,brenis28,CocoaPuff00
396935,2026-07-09 11:32:46,2026-07-09,a605b45c-c809-40d4-a98b-b5daa200a696,COLLECTIBLE_TYPE,1305,Black Panther – Ultimate Animated,SECRET_RARE,400000.0,0xe9e02ca01d542786bf775790da3459ce2c23a437,0xf797271310b595e8739c205afd219c86809cc112,GlobotechNFT,CocoaPuff00
397230,2026-07-09 11:33:38,2026-07-09,72fb80f0-9a51-422d-97c0-d09d84de0738,COLLECTIBLE_TYPE,3072,Wonder Woman,COMMON,71635.0,0x3dbd139a3f3b9324f4201be49d788cd337a83805,0xf797271310b595e8739c205afd219c86809cc112,countrymile,CocoaPuff00
363884,2026-07-09 11:34:41,2026-07-09,72fb80f0-9a51-422d-97c0-d09d84de0738,COLLECTIBLE_TYPE,3174,Wonder Woman,COMMON,72000.0,0x7495778d7d7f3924f54c611ef2564cdf2a0aa452,0xf797271310b595e8739c205afd219c86809cc112,Ulquiorra,CocoaPuff00
373891,2026-07-09 12:25:50,2026-07-09,a9cf4299-2493-4009-9925-77089d16b4f5,COLLECTIBLE_TYPE,666,Flying Saucers,SECRET_RARE,120000.0,0x5cd54bd230829b917781551bd6a3d1f84a0321c9,0x4e9e69df4e257f3ae01a3aa531fec9d8a03fad8e,Alfa13,longHalloween
397504,2026-07-09 12:26:40,2026-07-09,f4c0a191-911f-44bb-b52c-a4b805e071cb,COLLECTIBLE_TYPE,1214,Spooky Silhouettes - Bats,ULTRA_RARE,5000.0,0xbcb19ef45124a62dada53912e201240967bdb937,0x376faa4a61c0b08e6eaf8858710eb5749f9a8593,AQksa,marcospf67
397456,2026-07-09 12:30:12,2026-07-09,12dc8ed3-6ffb-476a-a780-4eab2c789da4,COMIC_COVER,496,The Incredible Hulk Vol. 2,COMMON,120000.0,0x5198dbe1a55c10f37a27ca2cad3c246318637d06,0xbf076dc721c6dc138db8b6842466f39066cb9133,Josh7291,Roligoal
366544,2026-07-09 12:37:16,2026-07-09,fd3dc66c-8638-4ee2-97f3-9b3bbb5e765c,COMIC_COVER,563,Daredevil Vol. 8,COMMON,10000.0,0x89bb3d06134463ab1fb24cbb480b7208f7337492,0x61f5854befe4526e1acf17c1070bc7a22c8763b2,spc1204,macroot0
363453,2026-07-09 12:39:49,2026-07-09,2cf09235-f140-422e-a800-d0b049fbaff0,COLLECTIBLE_TYPE,2531,C-3PO,COMMON,270000.0,0xa3e8bd1141f4eb460060214e1d460cb0c13ce22b,0x79d9d64efe238fa88db90845732cadeda00af8bf,bkrfc76,Orba79
371962,2026-07-09 12:39:55,2026-07-09,85ba880b-f3ed-4668-8a01-30acc655ffb3,COMIC_COVER,717,Realm of X,COMMON,10000.0,0x89bb3d06134463ab1fb24cbb480b7208f7337492,0x61f5854befe4526e1acf17c1070bc7a22c8763b2,spc1204,macroot0
371961,2026-07-09 12:40:12,2026-07-09,85ba880b-f3ed-4668-8a01-30acc655ffb3,COMIC_COVER,912,Realm of X,COMMON,10000.0,0x89bb3d06134463ab1fb24cbb480b7208f7337492,0x61f5854befe4526e1acf17c1070bc7a22c8763b2,spc1204,macroot0
395463,2026-07-09 12:41:13,2026-07-09,677f16fe-9296-4149-b6ca-b50b2d2af59b,COMIC_COVER,442,All-New Captain America,UNCOMMON,8000.0,0x4927368bd7bf769c51f7ae7b6eee90f0866738ff,0x61f5854befe4526e1acf17c1070bc7a22c8763b2,Audothrone,macroot0
386131,2026-07-09 13:10:21,2026-07-09,44f34b03-80c8-4962-b24d-caf00dd052d0,COLLECTIBLE_TYPE,271,PRIDE: Givenchy Beauty,RARE,570000.0,0x1e6e227c11f9f64f6163673413268b73ce6de937,0x319a31606b67e323621aef8dd5235a4955bec018,onlybanks247,Mushroomcarp
397509,2026-07-09 13:11:13,2026-07-09,57cc6578-d821-4ea1-a709-521905ed5838,COLLECTIBLE_TYPE,2335,Sunflower Grin - Special Mission - Silver,ULTRA_RARE,5000.0,0xbcb19ef45124a62dada53912e201240967bdb937,0x5cd54bd230829b917781551bd6a3d1f84a0321c9,AQksa,Alfa13
397508,2026-07-09 13:12:19,2026-07-09,7f342f16-83c7-4fa7-93d0-7218c6429617,COLLECTIBLE_TYPE,819,Collectors at Heart - Gold Pressing,ULTRA_RARE,5000.0,0xbcb19ef45124a62dada53912e201240967bdb937,0x5cd54bd230829b917781551bd6a3d1f84a0321c9,AQksa,Alfa13
397506,2026-07-09 13:12:46,2026-07-09,c9686525-dfa5-41dc-9b81-ebf195f50ec5,COLLECTIBLE_TYPE,722,Bluegrass,ULTRA_RARE,5000.0,0xbcb19ef45124a62dada53912e201240967bdb937,0x5cd54bd230829b917781551bd6a3d1f84a0321c9,AQksa,Alfa13
397507,2026-07-09 13:13:11,2026-07-09,c646e937-7af9-4243-9e49-ee5e8452e3c5,COLLECTIBLE_TYPE,1012,Snow Globes - Reindeer,ULTRA_RARE,5000.0,0xbcb19ef45124a62dada53912e201240967bdb937,0x5cd54bd230829b917781551bd6a3d1f84a0321c9,AQksa,Alfa13
397527,2026-07-09 13:24:14,2026-07-09,85de770e-bdeb-4beb-b002-fcefcd384054,COMIC_COVER,26263,Hero for Hire,COMMON,4200.0,0xafd0dee0ac43ee6a07e0eb265a5bb7800a9c33ab,0xbf076dc721c6dc138db8b6842466f39066cb9133,zollip74,Roligoal
397526,2026-07-09 13:25:44,2026-07-09,85de770e-bdeb-4beb-b002-fcefcd384054,COMIC_COVER,20347,Hero for Hire,COMMON,4200.0,0xafd0dee0ac43ee6a07e0eb265a5bb7800a9c33ab,0xbf076dc721c6dc138db8b6842466f39066cb9133,zollip74,Roligoal
397528,2026-07-09 13:25:49,2026-07-09,85de770e-bdeb-4beb-b002-fcefcd384054,COMIC_COVER,28156,Hero for Hire,COMMON,4200.0,0xafd0dee0ac43ee6a07e0eb265a5bb7800a9c33ab,0xbf076dc721c6dc138db8b6842466f39066cb9133,zollip74,Roligoal
397546,2026-07-09 13:29:39,2026-07-09,d3c5c805-1cc8-48dc-a7e5-18ebfb672dd4,COLLECTIBLE_TYPE,89,To Infinity and Beyond!,SECRET_RARE,100000.0,0x0bc1691ed2900c251c53ec98e4e341f8a9939485,0x376faa4a61c0b08e6eaf8858710eb5749f9a8593,Gangstar,marcospf67
397550,2026-07-09 13:31:46,2026-07-09,1a0b2842-23de-438d-8242-d11846483d6c,COLLECTIBLE_TYPE,265,Beware the Dark Side,UNCOMMON,130000.0,0x0bc1691ed2900c251c53ec98e4e341f8a9939485,0xfc6aaa36a8d6ad1850b5c6411f41351c9c93a9dd,Gangstar,WizPoLo
397547,2026-07-09 13:31:52,2026-07-09,1a0b2842-23de-438d-8242-d11846483d6c,COLLECTIBLE_TYPE,249,Beware the Dark Side,UNCOMMON,130000.0,0x0bc1691ed2900c251c53ec98e4e341f8a9939485,0xfc6aaa36a8d6ad1850b5c6411f41351c9c93a9dd,Gangstar,WizPoLo
397549,2026-07-09 13:32:10,2026-07-09,1a0b2842-23de-438d-8242-d11846483d6c,COLLECTIBLE_TYPE,283,Beware the Dark Side,UNCOMMON,130000.0,0x0bc1691ed2900c251c53ec98e4e341f8a9939485,0xfc6aaa36a8d6ad1850b5c6411f41351c9c93a9dd,Gangstar,WizPoLo
397545,2026-07-09 13:40:45,2026-07-09,d3c5c805-1cc8-48dc-a7e5-18ebfb672dd4,COLLECTIBLE_TYPE,94,To Infinity and Beyond!,SECRET_RARE,100000.0,0x0bc1691ed2900c251c53ec98e4e341f8a9939485,0xb0736199d1574f811d3502e496205b5dd5493ee3,Gangstar,Marconline
397544,2026-07-09 13:41:10,2026-07-09,d3c5c805-1cc8-48dc-a7e5-18ebfb672dd4,COLLECTIBLE_TYPE,98,To Infinity and Beyond!,SECRET_RARE,100000.0,0x0bc1691ed2900c251c53ec98e4e341f8a9939485,0xb0736199d1574f811d3502e496205b5dd5493ee3,Gangstar,Marconline
396350,2026-07-09 13:47:19,2026-07-09,2cf09235-f140-422e-a800-d0b049fbaff0,COLLECTIBLE_TYPE,10635,C-3PO,COMMON,249999.0,0xde8cafd60937b3164f4c3e5435e12487c37a8431,0x6d6500b8752a9db7a97584e32dd6cc3d76d93662,jsbwrs,ComicBytez
397523,2026-07-09 14:03:48,2026-07-09,45d8067a-3227-4128-9d20-952ce0dddfca,COMIC_COVER,19611,Uncanny X-Men Vol. 1,COMMON,2800.0,0xafd0dee0ac43ee6a07e0eb265a5bb7800a9c33ab,0x8366be1ab47df31edd83296534e086cc4062a797,zollip74,11VeVeLasVegas11
397525,2026-07-09 14:04:18,2026-07-09,45d8067a-3227-4128-9d20-952ce0dddfca,COMIC_COVER,29277,Uncanny X-Men Vol. 1,COMMON,2800.0,0xafd0dee0ac43ee6a07e0eb265a5bb7800a9c33ab,0x8366be1ab47df31edd83296534e086cc4062a797,zollip74,11VeVeLasVegas11
397524,2026-07-09 14:04:45,2026-07-09,45d8067a-3227-4128-9d20-952ce0dddfca,COMIC_COVER,28473,Uncanny X-Men Vol. 1,COMMON,2800.0,0xafd0dee0ac43ee6a07e0eb265a5bb7800a9c33ab,0x8366be1ab47df31edd83296534e086cc4062a797,zollip74,11VeVeLasVegas11
397534,2026-07-09 14:04:51,2026-07-09,67625906-c014-4259-b4b3-ae092be2a31a,COMIC_COVER,19164,Inhumans,COMMON,3200.0,0xafd0dee0ac43ee6a07e0eb265a5bb7800a9c33ab,0x8366be1ab47df31edd83296534e086cc4062a797,zollip74,11VeVeLasVegas11
397532,2026-07-09 14:04:56,2026-07-09,67625906-c014-4259-b4b3-ae092be2a31a,COMIC_COVER,6439,Inhumans,COMMON,3200.0,0xafd0dee0ac43ee6a07e0eb265a5bb7800a9c33ab,0x8366be1ab47df31edd83296534e086cc4062a797,zollip74,11VeVeLasVegas11
392645,2026-07-09 14:06:47,2026-07-09,1cf11349-fe5b-4558-b801-9fcff5125f5f,COMIC_COVER,3062,The Amazing Spider-Man Vol. 1,COMMON,30000.0,0xd13a4de53624292abb7bbc5c53293353c5231c69,0xb3590ef60176acc6050ae8315aeb626ccf66f050,Delvant,RockyOMI
397566,2026-07-09 14:10:17,2026-07-09,8c507c57-93cf-4441-9bd0-b245be695f03,COMIC_COVER,101,Bladesmyth,SECRET_RARE,95000.0,0x829d3e9e30e170436c2547196ac179092b6e7b34,0x5cd54bd230829b917781551bd6a3d1f84a0321c9,BACKDOORKICK,Alfa13
397565,2026-07-09 14:12:15,2026-07-09,3d39ec27-2ce6-4036-9961-1fd4140c8bed,COMIC_COVER,3558,The Ultimates Vol. 1,SECRET_RARE,70000.0,0x829d3e9e30e170436c2547196ac179092b6e7b34,0x5cd54bd230829b917781551bd6a3d1f84a0321c9,BACKDOORKICK,Alfa13
363234,2026-07-09 14:32:19,2026-07-09,07aca4aa-775e-46f5-8994-5a5273aef9a4,COMIC_COVER,26462,Spider-Man Vol. 1,COMMON,12510.0,0x0ac33c5ff4467c2daf8addc422386c4df25b224a,0xb3590ef60176acc6050ae8315aeb626ccf66f050,phoniaton,RockyOMI
397581,2026-07-09 15:07:18,2026-07-09,66b46e57-90c5-4556-a65e-6dc44899cea6,COMIC_COVER,56779,Marvel Comics,COMMON,62000.0,0x21b832be60d006d84463c7be091c70c9b958fc06,0x7a93ca3c6b8189d2264daef731e49d5d56c1edbc,adigitalfuture,nimarama72
397591,2026-07-09 15:08:50,2026-07-09,d3c5c805-1cc8-48dc-a7e5-18ebfb672dd4,COLLECTIBLE_TYPE,67,To Infinity and Beyond!,SECRET_RARE,130000.0,0x0bc1691ed2900c251c53ec98e4e341f8a9939485,0x376faa4a61c0b08e6eaf8858710eb5749f9a8593,Gangstar,marcospf67
397557,2026-07-09 15:09:19,2026-07-09,c00630d3-6aaa-412a-a9d3-ffe68fceba5a,COLLECTIBLE_TYPE,481,Donatello - Classic,COMMON,40000.0,0x5cd54bd230829b917781551bd6a3d1f84a0321c9,0x7527ecf7ff922b4c74ac5ae6f697343dc3df00d2,Alfa13,iBer
397593,2026-07-09 15:09:26,2026-07-09,d3c5c805-1cc8-48dc-a7e5-18ebfb672dd4,COLLECTIBLE_TYPE,65,To Infinity and Beyond!,SECRET_RARE,130000.0,0x0bc1691ed2900c251c53ec98e4e341f8a9939485,0x376faa4a61c0b08e6eaf8858710eb5749f9a8593,Gangstar,marcospf67
397594,2026-07-09 15:09:45,2026-07-09,d3c5c805-1cc8-48dc-a7e5-18ebfb672dd4,COLLECTIBLE_TYPE,58,To Infinity and Beyond!,SECRET_RARE,130000.0,0x0bc1691ed2900c251c53ec98e4e341f8a9939485,0x376faa4a61c0b08e6eaf8858710eb5749f9a8593,Gangstar,marcospf67
393450,2026-07-09 15:10:42,2026-07-09,f86e1d78-b3e7-4c0a-89e4-26bf5fe9ae85,COMIC_COVER,885,Bettie Page Vol. 1,UNCOMMON,10000.0,0x06973a2a6081df21135e4997d0edf05ad0d007dd,0x61f5854befe4526e1acf17c1070bc7a22c8763b2,dmrf,macroot0
397579,2026-07-09 15:13:10,2026-07-09,66b46e57-90c5-4556-a65e-6dc44899cea6,COMIC_COVER,55994,Marvel Comics,COMMON,62000.0,0x21b832be60d006d84463c7be091c70c9b958fc06,0x7a93ca3c6b8189d2264daef731e49d5d56c1edbc,adigitalfuture,nimarama72
368402,2026-07-09 15:15:46,2026-07-09,d61bcbf5-dd88-45eb-8879-2feebdba5b37,COMIC_COVER,232,Captain America Vol. 1,RARE,38093.0,0xba342d956059a58c6310453257030eb305e82c6d,0xab24ca4312541996a45a0e82888e45ec7b34fcb5,omahasethike,daXRPcat
390865,2026-07-09 15:18:42,2026-07-09,ad84bebf-7bc7-4409-8f93-6fb7e874def6,COMIC_COVER,455,Captain America Vol. 1,COMMON,26000.0,0x7527ecf7ff922b4c74ac5ae6f697343dc3df00d2,0xab24ca4312541996a45a0e82888e45ec7b34fcb5,iBer,daXRPcat
396854,2026-07-09 15:21:21,2026-07-09,ad84bebf-7bc7-4409-8f93-6fb7e874def6,COMIC_COVER,3935,Captain America Vol. 1,COMMON,15000.0,0x1a79ade14a342b977062ed1c56b2ab2a1fd38536,0xab24ca4312541996a45a0e82888e45ec7b34fcb5,Dekri,daXRPcat
393445,2026-07-09 15:24:18,2026-07-09,8e8fd22f-a6e7-494d-acc6-e91de3de0724,COMIC_COVER,211,Bettie Page Vol. 1,UNCOMMON,10000.0,0x06973a2a6081df21135e4997d0edf05ad0d007dd,0x61f5854befe4526e1acf17c1070bc7a22c8763b2,dmrf,macroot0
397613,2026-07-09 15:25:19,2026-07-09,90ddfb08-17a4-4aac-be1f-5f30c4afbe26,COMIC_COVER,230,Captain America Comics,RARE,50000.0,0x7527ecf7ff922b4c74ac5ae6f697343dc3df00d2,0x5cd54bd230829b917781551bd6a3d1f84a0321c9,iBer,Alfa13
397563,2026-07-09 15:29:28,2026-07-09,ce166588-219c-48e9-bf25-c116afc79e2b,COMIC_COVER,561,Fauxlosophy,SECRET_RARE,70000.0,0x829d3e9e30e170436c2547196ac179092b6e7b34,0xb0736199d1574f811d3502e496205b5dd5493ee3,BACKDOORKICK,Marconline
397626,2026-07-09 15:29:34,2026-07-09,114ca406-6315-47fe-a15b-63b278f26274,COMIC_COVER,994,Captain America Comics,COMMON,111000.0,0xef44317ec154b621a8f90f67cba13275deb8108d,0xe45a49683872b0c4cadbc7e3869608b29c02f40c,swan1975,andypant76
376375,2026-07-09 15:30:01,2026-07-09,f2548a02-f9e7-4987-ad2a-0a3d0f575a53,COMIC_COVER,974,Repurpose,RARE,24000.0,0xc62f8eddb7cbb1f3e3047678d5e64eac9d136dc9,0x61f5854befe4526e1acf17c1070bc7a22c8763b2,Vladm15,macroot0
397567,2026-07-09 15:33:47,2026-07-09,e4a8140b-21ab-4089-8c45-f3491e4e035c,COMIC_COVER,318,Area 54,SECRET_RARE,80000.0,0x829d3e9e30e170436c2547196ac179092b6e7b34,0xb0736199d1574f811d3502e496205b5dd5493ee3,BACKDOORKICK,Marconline
397646,2026-07-09 15:37:12,2026-07-09,8e553d98-d05f-4856-acec-8696b33e11f9,COMIC_COVER,633,Captain America Comics,UNCOMMON,59888.0,0xf834d82b748507f80d244eb614eb0ec3a7ad8838,0xab24ca4312541996a45a0e82888e45ec7b34fcb5,Jgreen,daXRPcat
397561,2026-07-09 15:37:22,2026-07-09,8f996648-8f74-4a05-9c72-f299fd42e033,COMIC_COVER,159,The Addiction,SECRET_RARE,99000.0,0x829d3e9e30e170436c2547196ac179092b6e7b34,0xb0736199d1574f811d3502e496205b5dd5493ee3,BACKDOORKICK,Marconline
397562,2026-07-09 15:37:28,2026-07-09,6b00bf0f-ffc9-49ee-a2d1-c99f17bab3ce,COMIC_COVER,465,Bladesmyth,SECRET_RARE,110000.0,0x829d3e9e30e170436c2547196ac179092b6e7b34,0xb0736199d1574f811d3502e496205b5dd5493ee3,BACKDOORKICK,Marconline
397564,2026-07-09 15:38:46,2026-07-09,abbc1d70-f46e-49ce-87f2-039d9eac75fa,COMIC_COVER,31765,Star Wars (1977),SECRET_RARE,80000.0,0x829d3e9e30e170436c2547196ac179092b6e7b34,0xb0736199d1574f811d3502e496205b5dd5493ee3,BACKDOORKICK,Marconline
396668,2026-07-09 15:40:48,2026-07-09,5f6704c8-282f-428b-8804-a724237314d2,COMIC_COVER,2094,The New Avengers Vol. 1,RARE,15000.0,0x829d3e9e30e170436c2547196ac179092b6e7b34,0xb0736199d1574f811d3502e496205b5dd5493ee3,BACKDOORKICK,Marconline
396634,2026-07-09 15:41:25,2026-07-09,0352cd90-432a-49f9-bc46-a3f12f8e8d8f,COLLECTIBLE_TYPE,111,Monovader - Heart of Play,RARE,199999.0,0x009230069c60156f531b3af06d1f4ee61b3ea61c,0x8cc99e3359868c42278c900f5de2fa5f57317c7f,ShatteredZ,CharlieNFT123
397649,2026-07-09 15:42:55,2026-07-09,8e553d98-d05f-4856-acec-8696b33e11f9,COMIC_COVER,916,Captain America Comics,UNCOMMON,80000.0,0x0486f8001fcb51f37bce7d2c0d86634b402e7d31,0x8b7bc1aa5ecef0b7c8e86ddbe5fbba47fa7cd674,Antonio22,VigorousPigeon
397684,2026-07-09 15:49:17,2026-07-09,114ca406-6315-47fe-a15b-63b278f26274,COMIC_COVER,522,Captain America Comics,COMMON,193000.0,0xcf5a2144d8476c6887cc07b2cf158b3ab058ffe1,0xabca473bb6f797fcc0522a448158fb05e87f92de,eliotness,Prezes
384215,2026-07-09 16:04:05,2026-07-09,32cbea75-4c9b-4d1f-a175-8f2a2b0ca0ff,COMIC_COVER,517,The Amazing Spider-Man Vol. 1,COMMON,85000.0,0x97e8cc899592a8044eadb1a234481c5fec7ec163,0x062b5bf5a84e20c3faf1b5b3baee24c02126fa83,Jeger,Syl2620
395789,2026-07-09 16:08:43,2026-07-09,c4e976fc-72e5-4c58-a3f0-cb5127a9d26d,COMIC_COVER,1295,Tarzan of the Apes,UNCOMMON,9000.0,0x280ee3759aaae6d53f3fa13aa78bfa63d5d0af66,0x0af2d56de97e943da27bba50356650836f93d1cf,TheAnonymousGuy,hliasolympiakos
392293,2026-07-09 16:26:47,2026-07-09,84717424-94be-4da6-a2d8-54d291c64e66,COLLECTIBLE_TYPE,41,Sung Jinwoo - The Awakened,ULTRA_RARE,800000.0,0x244c20899988b3dd90ed5a6f4fdbba9695e97135,0xf8f66e612764d0efaf002bbc6646cd538b0afbaa,imagi,minotaar69
397776,2026-07-09 16:26:54,2026-07-09,114ca406-6315-47fe-a15b-63b278f26274,COMIC_COVER,523,Captain America Comics,COMMON,166000.0,0x8570d4b94431cf6224d302634b0bfb85877f9462,0x8b7bc1aa5ecef0b7c8e86ddbe5fbba47fa7cd674,tomtom1972,VigorousPigeon
397779,2026-07-09 16:27:49,2026-07-09,8e553d98-d05f-4856-acec-8696b33e11f9,COMIC_COVER,247,Captain America Comics,UNCOMMON,85000.0,0x6735c5371b2a6e646aed39b7e1cb59d89c5cb1af,0x8b7bc1aa5ecef0b7c8e86ddbe5fbba47fa7cd674,RMeta,VigorousPigeon
397727,2026-07-09 16:28:20,2026-07-09,90ddfb08-17a4-4aac-be1f-5f30c4afbe26,COMIC_COVER,291,Captain America Comics,RARE,80000.0,0x5cd54bd230829b917781551bd6a3d1f84a0321c9,0x8b7bc1aa5ecef0b7c8e86ddbe5fbba47fa7cd674,Alfa13,VigorousPigeon
397739,2026-07-09 16:38:28,2026-07-09,114ca406-6315-47fe-a15b-63b278f26274,COMIC_COVER,417,Captain America Comics,COMMON,175000.0,0x3061998c6436bfd74b1f2d110bce52495d125241,0x6fce02f5b9882225e85c1b44212b98e1a1a9ff8b,BigVVLove24,sc0tchy
397792,2026-07-09 16:41:46,2026-07-09,8e553d98-d05f-4856-acec-8696b33e11f9,COMIC_COVER,941,Captain America Comics,UNCOMMON,90000.0,0xe57daca6908268040b1c8da694124fcbe16a04cf,0x009230069c60156f531b3af06d1f4ee61b3ea61c,mikemegatron,ShatteredZ
397806,2026-07-09 16:59:44,2026-07-09,c00630d3-6aaa-412a-a9d3-ffe68fceba5a,COLLECTIBLE_TYPE,2753,Donatello - Classic,COMMON,31998.0,0x009230069c60156f531b3af06d1f4ee61b3ea61c,0xb0736199d1574f811d3502e496205b5dd5493ee3,ShatteredZ,Marconline
397805,2026-07-09 17:00:19,2026-07-09,c00630d3-6aaa-412a-a9d3-ffe68fceba5a,COLLECTIBLE_TYPE,2603,Donatello - Classic,COMMON,31999.0,0x3061998c6436bfd74b1f2d110bce52495d125241,0xb0736199d1574f811d3502e496205b5dd5493ee3,BigVVLove24,Marconline
397365,2026-07-09 17:03:14,2026-07-09,66b46e57-90c5-4556-a65e-6dc44899cea6,COMIC_COVER,18271,Marvel Comics,COMMON,74900.0,0xe43c144261d2bca77009a648a50f26b71eb4c4c0,0x52114dfc074c04188f7c93dac7e75310dd59f5e3,Titi20,coscoscos
397807,2026-07-09 17:05:47,2026-07-09,114ca406-6315-47fe-a15b-63b278f26274,COMIC_COVER,340,Captain America Comics,COMMON,135000.0,0x1509461d4fdd2b77cd7412a9e36b0d835bfcfabc,0xdd6d71582a7a2160a20c4ec12376665ba574de02,vilf1001,RayJos
397715,2026-07-09 17:11:46,2026-07-09,687ad0c0-c8b5-48a7-9ac9-792b8ef95981,COLLECTIBLE_TYPE,21,Raphael - Classic (Special Edition),COMMON,3100000.0,0x199abc455b8f18bd99cecaca0d584dcc1e85fce2,0x00ffa01397ed2021de269536aacc06c2a088f81d,Reubont,chord530
397829,2026-07-09 17:40:19,2026-07-09,114ca406-6315-47fe-a15b-63b278f26274,COMIC_COVER,581,Captain America Comics,COMMON,135000.0,0xd3c90f4e9c3886ae603acae4a2b0fa900593f1c4,0xdd6d71582a7a2160a20c4ec12376665ba574de02,montrealactor,RayJos
396631,2026-07-09 18:02:44,2026-07-09,e8064631-1c9d-408a-ada4-7534693c8c12,COLLECTIBLE_TYPE,1267,Sentinel,COMMON,19800.0,0xd3c90f4e9c3886ae603acae4a2b0fa900593f1c4,0xfa78ba08b5d02b9b4216c380da5b24ef38690349,montrealactor,Sevead
396620,2026-07-09 18:03:13,2026-07-09,e8064631-1c9d-408a-ada4-7534693c8c12,COLLECTIBLE_TYPE,2766,Sentinel,COMMON,19800.0,0xd3c90f4e9c3886ae603acae4a2b0fa900593f1c4,0xfa78ba08b5d02b9b4216c380da5b24ef38690349,montrealactor,Sevead
397000,2026-07-09 18:05:44,2026-07-09,cfc77e73-c03c-4607-944d-c6e62c0dfff9,COMIC_COVER,786,Uncanny X-Men Vol. 1,SECRET_RARE,225000.0,0xd13a4de53624292abb7bbc5c53293353c5231c69,0x8663f86386c624176cf255e91fa7d4590c9f6d57,Delvant,VanceLegstrong
397885,2026-07-09 18:21:40,2026-07-09,d98cd2ce-46f0-46bc-b5ca-72e9737c8a44,COLLECTIBLE_TYPE,26,E-Rank Hunter - Frame,SECRET_RARE,2052000.0,0xf8f66e612764d0efaf002bbc6646cd538b0afbaa,0x7a755b47555fd9c7fe310e3d874438c3ac8c1ffb,minotaar69,Cmac79
368717,2026-07-09 18:34:19,2026-07-09,6a7787e1-3faa-42aa-bc9f-8ed946d1bdfc,COMIC_COVER,642,The Amazing Spider-Man Vol. 1,ULTRA_RARE,80000.0,0x85b4d4ce572f590c8014bd955dce0eb6e7c1d176,0x062b5bf5a84e20c3faf1b5b3baee24c02126fa83,BuddhaKing,Syl2620
397879,2026-07-09 18:36:45,2026-07-09,c3df7496-e8e7-4507-b80a-5c2b5d996645,COLLECTIBLE_TYPE,6412,#100 Todd McFarlane Batman,COMMON,1750000.0,0x562b2f8cc55ec68e8fb1543057cb50fc64649958,0xa43d9c86447fece1aec34a3a764b56391070e709,bambam69,batikopat22
397498,2026-07-09 18:54:45,2026-07-09,0835a0a7-4283-4f92-be23-32716e5e58dc,COMIC_COVER,2370,Tales to Astonish Vol. 1,COMMON,5000.0,0x5198dbe1a55c10f37a27ca2cad3c246318637d06,0xc26b0fb1cece5302007246eab911d759ded7c178,Josh7291,shrumpalump
397497,2026-07-09 18:55:15,2026-07-09,0835a0a7-4283-4f92-be23-32716e5e58dc,COMIC_COVER,2394,Tales to Astonish Vol. 1,COMMON,5000.0,0x5198dbe1a55c10f37a27ca2cad3c246318637d06,0xc26b0fb1cece5302007246eab911d759ded7c178,Josh7291,shrumpalump
397496,2026-07-09 18:57:51,2026-07-09,0835a0a7-4283-4f92-be23-32716e5e58dc,COMIC_COVER,2406,Tales to Astonish Vol. 1,COMMON,5000.0,0x5198dbe1a55c10f37a27ca2cad3c246318637d06,0xc26b0fb1cece5302007246eab911d759ded7c178,Josh7291,shrumpalump
397494,2026-07-09 18:58:13,2026-07-09,0835a0a7-4283-4f92-be23-32716e5e58dc,COMIC_COVER,2438,Tales to Astonish Vol. 1,COMMON,5000.0,0x5198dbe1a55c10f37a27ca2cad3c246318637d06,0xc26b0fb1cece5302007246eab911d759ded7c178,Josh7291,shrumpalump
397495,2026-07-09 18:58:44,2026-07-09,0835a0a7-4283-4f92-be23-32716e5e58dc,COMIC_COVER,2425,Tales to Astonish Vol. 1,COMMON,5000.0,0x5198dbe1a55c10f37a27ca2cad3c246318637d06,0xc26b0fb1cece5302007246eab911d759ded7c178,Josh7291,shrumpalump
397488,2026-07-09 18:59:10,2026-07-09,0835a0a7-4283-4f92-be23-32716e5e58dc,COMIC_COVER,2484,Tales to Astonish Vol. 1,COMMON,5000.0,0x5198dbe1a55c10f37a27ca2cad3c246318637d06,0xc26b0fb1cece5302007246eab911d759ded7c178,Josh7291,shrumpalump
388012,2026-07-09 18:59:41,2026-07-09,8ba174b5-9b65-434f-8205-85def376db9e,COMIC_COVER,311,Captain America Vol. 1,COMMON,60000.0,0x7527ecf7ff922b4c74ac5ae6f697343dc3df00d2,0x062b5bf5a84e20c3faf1b5b3baee24c02126fa83,iBer,Syl2620
397469,2026-07-09 18:59:47,2026-07-09,0835a0a7-4283-4f92-be23-32716e5e58dc,COMIC_COVER,2654,Tales to Astonish Vol. 1,COMMON,5000.0,0x5198dbe1a55c10f37a27ca2cad3c246318637d06,0xc26b0fb1cece5302007246eab911d759ded7c178,Josh7291,shrumpalump
397471,2026-07-09 19:00:17,2026-07-09,0835a0a7-4283-4f92-be23-32716e5e58dc,COMIC_COVER,2521,Tales to Astonish Vol. 1,COMMON,5000.0,0x5198dbe1a55c10f37a27ca2cad3c246318637d06,0xc26b0fb1cece5302007246eab911d759ded7c178,Josh7291,shrumpalump
397481,2026-07-09 19:00:44,2026-07-09,0835a0a7-4283-4f92-be23-32716e5e58dc,COMIC_COVER,2499,Tales to Astonish Vol. 1,COMMON,5000.0,0x5198dbe1a55c10f37a27ca2cad3c246318637d06,0xc26b0fb1cece5302007246eab911d759ded7c178,Josh7291,shrumpalump
397492,2026-07-09 19:00:50,2026-07-09,0835a0a7-4283-4f92-be23-32716e5e58dc,COMIC_COVER,2459,Tales to Astonish Vol. 1,COMMON,5000.0,0x5198dbe1a55c10f37a27ca2cad3c246318637d06,0xc26b0fb1cece5302007246eab911d759ded7c178,Josh7291,shrumpalump
397725,2026-07-09 19:08:12,2026-07-09,21e51cf8-3dac-443c-806e-1f6f8670af21,COMIC_COVER,54,Dark X-Men Vol. 2,RARE,143354.0,0xa0db66cf20ab927fc4e4c47bf1f1148c0a99df92,0x062b5bf5a84e20c3faf1b5b3baee24c02126fa83,cocohatesnfts,Syl2620
397934,2026-07-09 19:12:49,2026-07-09,114ca406-6315-47fe-a15b-63b278f26274,COMIC_COVER,402,Captain America Comics,COMMON,138402.0,0xb74a1ffa10fcb4acac87a79cfcd5e8873908e7b3,0xfb2c8f864004b2e2baef09d3be3392295feddf7f,Krushgrooves,randomcollector28719
388163,2026-07-09 19:22:13,2026-07-09,2bd9880f-63d1-40da-98a6-2cca0615c08b,COMIC_COVER,762,The Amazing Spider-Man Vol. 1 - Annual,COMMON,15000.0,0x7527ecf7ff922b4c74ac5ae6f697343dc3df00d2,0x062b5bf5a84e20c3faf1b5b3baee24c02126fa83,iBer,Syl2620
397380,2026-07-09 19:23:20,2026-07-09,fa0b161c-5a8d-42ed-9baa-1848c7e1a7da,COLLECTIBLE_TYPE,660,Marvel Logo,RARE,319980.0,0xe43c144261d2bca77009a648a50f26b71eb4c4c0,0xc26b0fb1cece5302007246eab911d759ded7c178,Titi20,shrumpalump
397948,2026-07-09 19:34:18,2026-07-09,79193898-4fb7-4dd1-9bc1-3aeb4630b306,COMIC_COVER,802,Captain America Comics,ULTRA_RARE,180802.0,0xe04ee79ea5a926b5be2ad2d9fec937dc24ddaace,0x7120618f280abb36972af03caa79f0f14b8b8030,Hippy2323,Bitcoinfather
397943,2026-07-09 19:34:47,2026-07-09,114ca406-6315-47fe-a15b-63b278f26274,COMIC_COVER,731,Captain America Comics,COMMON,135000.0,0xe04ee79ea5a926b5be2ad2d9fec937dc24ddaace,0xfb2c8f864004b2e2baef09d3be3392295feddf7f,Hippy2323,randomcollector28719
363731,2026-07-09 19:51:48,2026-07-09,22331401-5e57-4de1-9cc3-6571d63c6f86,COLLECTIBLE_TYPE,1652,The Amazing Stan Lee,UNCOMMON,50000.0,0x300c950f17dd66e4912148abea1c2bf12b86f0e7,0xb0736199d1574f811d3502e496205b5dd5493ee3,Forest420og,Marconline
397939,2026-07-09 19:52:43,2026-07-09,de1e9deb-5145-4ca8-8348-43dcd61b8ddf,COLLECTIBLE_TYPE,1791,Green Truck,COMMON,20000.0,0xba2078397436ae14dbd7644251412c765e496ca2,0xb0736199d1574f811d3502e496205b5dd5493ee3,GlazedGOAT,Marconline
397363,2026-07-09 19:55:46,2026-07-09,66b46e57-90c5-4556-a65e-6dc44899cea6,COMIC_COVER,43213,Marvel Comics,COMMON,74900.0,0xe43c144261d2bca77009a648a50f26b71eb4c4c0,0xb0736199d1574f811d3502e496205b5dd5493ee3,Titi20,Marconline
367306,2026-07-09 19:57:11,2026-07-09,3d111d21-353b-4d4b-87ad-34487805ac05,COLLECTIBLE_TYPE,590,Belchor,RARE,33899.0,0xa5bec9a42c67fb4fe4c09c9106747d8b7669b85f,0xb0736199d1574f811d3502e496205b5dd5493ee3,Kaspi,Marconline
395900,2026-07-09 19:57:43,2026-07-09,1b932f99-0cfd-4841-ba0d-476192b9904c,COLLECTIBLE_TYPE,6773,#11 Harley Quinn,COMMON,15000.0,0x280ee3759aaae6d53f3fa13aa78bfa63d5d0af66,0xedddd55de23bdc01925fee0352db2ffdfec26247,TheAnonymousGuy,TheCrayMountain
397991,2026-07-09 19:57:48,2026-07-09,2851a4fe-65d5-4421-a406-a6dd778c3fa6,COLLECTIBLE_TYPE,985,Invisible Woman – Animated,ULTRA_RARE,9.0,0x40f0e01b289828d41d37ea9a9b0e8d19edf2d6ba,0x790ffe78656927cc5c79f03617107bd4a5507917,buu1212,Touristedor
397515,2026-07-09 20:11:14,2026-07-09,2ebcab84-131e-4f36-b93c-b6ac53e76da7,COMIC_COVER,387,The Amazing Spider-Man Vol. 1,COMMON,40000.0,0x7527ecf7ff922b4c74ac5ae6f697343dc3df00d2,0xf7d3f7ca1ccb5be7f3985df31f6fdac6f4c16e91,iBer,g5551212
397953,2026-07-09 20:13:43,2026-07-09,262ca5c3-d806-421d-aa0a-05207e5ea59c,COLLECTIBLE_TYPE,101,Donatello - IncogNinja,ULTRA_RARE,169000.0,0x3061998c6436bfd74b1f2d110bce52495d125241,0xa0440c62c599d8cf211496d287e6ae0cf293d914,BigVVLove24,Day4
397952,2026-07-09 20:14:14,2026-07-09,1b9748f6-de35-4e16-b04e-10a303bc48ab,COLLECTIBLE_TYPE,329,Walter The Teleporting Whale,COMMON,88000.0,0xba2078397436ae14dbd7644251412c765e496ca2,0x612648f72191b89ab88ce8f0936de8a132d6e21b,GlazedGOAT,Garnett21k
397931,2026-07-09 20:20:19,2026-07-09,b63e3aba-de6d-45e1-b371-bcec12a2a14a,COLLECTIBLE_TYPE,311,VeVe Logo Gold Silver,SECRET_RARE,23500000.0,0xea7d88f3aaea00162d0626c3c8594ff9b057a6aa,0xbac31a1230602fa26c131fed21132d8c7c9a7ec6,Urgency,wc3nte
397864,2026-07-09 20:26:49,2026-07-09,c00630d3-6aaa-412a-a9d3-ffe68fceba5a,COLLECTIBLE_TYPE,201,Donatello - Classic,COMMON,35000.0,0x4927368bd7bf769c51f7ae7b6eee90f0866738ff,0xa0440c62c599d8cf211496d287e6ae0cf293d914,Audothrone,Day4
397996,2026-07-09 20:37:12,2026-07-09,66b46e57-90c5-4556-a65e-6dc44899cea6,COMIC_COVER,50839,Marvel Comics,COMMON,65000.0,0x40f0e01b289828d41d37ea9a9b0e8d19edf2d6ba,0xb0736199d1574f811d3502e496205b5dd5493ee3,buu1212,Marconline
395897,2026-07-09 20:39:14,2026-07-09,e6c7fca7-2199-42e1-b12e-1b289821520b,COLLECTIBLE_TYPE,7072,1:6 Ecto-1 Interactive,COMMON,25000.0,0x280ee3759aaae6d53f3fa13aa78bfa63d5d0af66,0xb0736199d1574f811d3502e496205b5dd5493ee3,TheAnonymousGuy,Marconline
397863,2026-07-09 20:44:44,2026-07-09,c00630d3-6aaa-412a-a9d3-ffe68fceba5a,COLLECTIBLE_TYPE,429,Donatello - Classic,COMMON,32000.0,0x4927368bd7bf769c51f7ae7b6eee90f0866738ff,0xb0736199d1574f811d3502e496205b5dd5493ee3,Audothrone,Marconline
394675,2026-07-09 20:46:52,2026-07-09,7051dd0b-67f0-4ffe-a81b-6a397a7a496c,COLLECTIBLE_TYPE,1781,T-47 Airspeeder - Red,COMMON,25000.0,0x3061998c6436bfd74b1f2d110bce52495d125241,0xb0736199d1574f811d3502e496205b5dd5493ee3,BigVVLove24,Marconline
397222,2026-07-09 20:47:18,2026-07-09,5df2f9ab-f9d0-4aff-af42-f468a8e0c2bb,COLLECTIBLE_TYPE,467,Emma Frost - Marauders #21 (2021),ULTRA_RARE,105000.0,0x5cd54bd230829b917781551bd6a3d1f84a0321c9,0xb0736199d1574f811d3502e496205b5dd5493ee3,Alfa13,Marconline
372406,2026-07-09 20:55:20,2026-07-09,90cd8e7b-5195-4f5b-a5be-bc41d9e338fa,COMIC_COVER,8208,Amazing Fantasy Vol. 1,COMMON,979000.0,0xaa1192b9315088cd8809f4498b62a8d013a0f1cd,0xcabefba0a8016a31f29a1e39e7be9aab0a75b5c6,msirovi,NeekTee1
398017,2026-07-09 20:56:46,2026-07-09,caa42fb7-4e75-4b87-8936-af0b5239b0ce,COMIC_COVER,683,Captain America Comics,SECRET_RARE,2200000.0,0x9b2e1932336d781ee37b7e1efabeec398f94ebeb,0xf8f66e612764d0efaf002bbc6646cd538b0afbaa,NSTACEY,minotaar69
396415,2026-07-09 21:31:46,2026-07-09,0595e315-f9cc-4675-8e9e-cf9d127663a3,COLLECTIBLE_TYPE,8066,Spider-Woman,UNCOMMON,22000.0,0x9c27401b6eb1d043ea24f3e48e0e04c813eaa81f,0xa4772fea724a01a22f1914788a1e4556c7d74599,SuperVBK,Fairyman
379690,2026-07-09 21:34:11,2026-07-09,e4efce12-66ce-43f3-9507-6bf2545cf0a8,COLLECTIBLE_TYPE,3887,Year of the Rat,RARE,12000.0,0xa0db66cf20ab927fc4e4c47bf1f1148c0a99df92,0xa4772fea724a01a22f1914788a1e4556c7d74599,cocohatesnfts,Fairyman
389569,2026-07-09 21:34:43,2026-07-09,66da4c94-b029-4782-88ee-28cc46fa1aa5,COLLECTIBLE_TYPE,1118,Title IX - Runner,RARE,8000.0,0x280ee3759aaae6d53f3fa13aa78bfa63d5d0af66,0xa4772fea724a01a22f1914788a1e4556c7d74599,TheAnonymousGuy,Fairyman
390224,2026-07-09 21:36:14,2026-07-09,199febf6-f9a8-44e3-b106-3c8e545bb78f,COLLECTIBLE_TYPE,4047,Feng Cai Ling,UNCOMMON,12000.0,0x280ee3759aaae6d53f3fa13aa78bfa63d5d0af66,0xa4772fea724a01a22f1914788a1e4556c7d74599,TheAnonymousGuy,Fairyman
393362,2026-07-09 21:37:49,2026-07-09,07aa6fbe-d527-4b4d-bb19-cd3eb81ba3e1,COLLECTIBLE_TYPE,1622,Lounging Toby,UNCOMMON,9999.0,0x1b147ddbef6ffb4e848f07b10b8f9db4693ae4ce,0xa4772fea724a01a22f1914788a1e4556c7d74599,Breizh,Fairyman
397882,2026-07-09 21:38:17,2026-07-09,900388bb-8847-4334-8d1a-508de81c4a4d,COLLECTIBLE_TYPE,6619,Superman,UNCOMMON,650000.0,0x562b2f8cc55ec68e8fb1543057cb50fc64649958,0xe2dd3d72828be77a77fb02d612d0e1eee96add79,bambam69,frenkifc
395444,2026-07-09 21:38:44,2026-07-09,9dfbafbf-12c2-4e97-88dd-9e058b2555a0,COLLECTIBLE_TYPE,2913,Welcoming Toby,COMMON,11111.0,0xf838455d8fd2ed4bcd54278d3b78c603678d49a7,0xa4772fea724a01a22f1914788a1e4556c7d74599,veveboy888,Fairyman
395868,2026-07-09 21:38:50,2026-07-09,c780ae69-e498-4b3b-95fc-be6d8345f881,COLLECTIBLE_TYPE,2784,Throg – The Mighty Frogjolnir,RARE,19000.0,0x280ee3759aaae6d53f3fa13aa78bfa63d5d0af66,0xa4772fea724a01a22f1914788a1e4556c7d74599,TheAnonymousGuy,Fairyman
398031,2026-07-09 21:40:22,2026-07-09,c00630d3-6aaa-412a-a9d3-ffe68fceba5a,COLLECTIBLE_TYPE,2932,Donatello - Classic,COMMON,33000.0,0x4927368bd7bf769c51f7ae7b6eee90f0866738ff,0xcabefba0a8016a31f29a1e39e7be9aab0a75b5c6,Audothrone,NeekTee1
398000,2026-07-09 21:44:08,2026-07-09,8f1cbd40-53b4-4b5b-b44b-5423bcff6bfe,COLLECTIBLE_TYPE,58377,Happy New Year! 2026 - Tier 1,COMMON,2000.0,0x40f0e01b289828d41d37ea9a9b0e8d19edf2d6ba,0xa4772fea724a01a22f1914788a1e4556c7d74599,buu1212,Fairyman
395787,2026-07-09 21:44:41,2026-07-09,117d799a-3533-4984-86c5-64353b58c26c,COLLECTIBLE_TYPE,5478,Happy New Year! 2026 - Tier 2,COMMON,4000.0,0xbe4a9b27897b501eb0da73d4d8d49af6e236bb23,0xa4772fea724a01a22f1914788a1e4556c7d74599,Majka1234,Fairyman
396433,2026-07-09 21:45:11,2026-07-09,218764bb-4c3d-42da-9416-302ac5d79221,COLLECTIBLE_TYPE,11556,Happy New Year! 2026 - Tier 3,UNCOMMON,3888.0,0x1599f053c0af3ee139e8136ef474ea557eea3107,0xa4772fea724a01a22f1914788a1e4556c7d74599,brenis28,Fairyman
364039,2026-07-09 21:45:50,2026-07-09,235b8120-4c54-4b9c-afa5-414af205002a,COLLECTIBLE_TYPE,2199,Happy New Year! 2026 - Tier 5,RARE,5882.0,0x23fe3902f7a6e231d2ed79d8b3dd22b0a82861da,0xa4772fea724a01a22f1914788a1e4556c7d74599,mizzy91,Fairyman
396443,2026-07-09 21:47:41,2026-07-09,488697cf-fc29-478a-807b-99795f740790,COLLECTIBLE_TYPE,2030,Bucky Barnes,RARE,29888.0,0x1599f053c0af3ee139e8136ef474ea557eea3107,0xa4772fea724a01a22f1914788a1e4556c7d74599,brenis28,Fairyman
398047,2026-07-09 21:50:42,2026-07-09,3a179b42-be8c-4239-86a0-3bd5674cf304,COLLECTIBLE_TYPE,373,ROSÉ – Open Heart,RARE,373000.0,0xcf5a2144d8476c6887cc07b2cf158b3ab058ffe1,0x376faa4a61c0b08e6eaf8858710eb5749f9a8593,eliotness,marcospf67
398045,2026-07-09 21:52:40,2026-07-09,7be7c55f-5f0d-44da-9341-b6db93ac6fc1,COLLECTIBLE_TYPE,110,JENNIE Gold/Silver,SECRET_RARE,390110.0,0xcf5a2144d8476c6887cc07b2cf158b3ab058ffe1,0x376faa4a61c0b08e6eaf8858710eb5749f9a8593,eliotness,marcospf67
398024,2026-07-09 21:53:18,2026-07-09,90ddfb08-17a4-4aac-be1f-5f30c4afbe26,COMIC_COVER,559,Captain America Comics,RARE,85000.0,0xdfe69263108d094ab9340c1abc9336c5ceb35ccf,0xeb91205aad43ba308ec527ca4c6fe878fb88e65a,Swheeler14,debull911
398044,2026-07-09 21:54:10,2026-07-09,7be7c55f-5f0d-44da-9341-b6db93ac6fc1,COLLECTIBLE_TYPE,318,JENNIE Gold/Silver,SECRET_RARE,390000.0,0xcf5a2144d8476c6887cc07b2cf158b3ab058ffe1,0x376faa4a61c0b08e6eaf8858710eb5749f9a8593,eliotness,marcospf67
396303,2026-07-09 21:55:19,2026-07-09,e6e5683f-5b64-4842-8f74-912a0fc919ba,COLLECTIBLE_TYPE,5851,Homer & Bart,COMMON,188888.0,0xde8cafd60937b3164f4c3e5435e12487c37a8431,0xeb91205aad43ba308ec527ca4c6fe878fb88e65a,jsbwrs,debull911
370876,2026-07-09 21:56:20,2026-07-09,11f07bd6-7fc3-4516-897a-0da17d09abe5,COLLECTIBLE_TYPE,4723,#60 Dick Sprang Batman,UNCOMMON,54622.0,0xd07be97db083f5452f4f7a112d03f25ac2ed1645,0xa4772fea724a01a22f1914788a1e4556c7d74599,Tut,Fairyman
372590,2026-07-09 21:59:17,2026-07-09,d2f4cb16-5993-4aeb-9016-7003bf41f0f0,COLLECTIBLE_TYPE,346,Vanellope,SECRET_RARE,122000.0,0xcba2f75208f2cedea08dc25ba7e4b218c1bd0bc4,0xeb91205aad43ba308ec527ca4c6fe878fb88e65a,jintokil,debull911
396549,2026-07-09 22:06:46,2026-07-09,81a71914-a1f3-4138-bfb5-bc41c020475f,COLLECTIBLE_TYPE,801,Shield Generator,UNCOMMON,6000.0,0x30a90423c772900e014a334daa2728e4d7ba9527,0xeb91205aad43ba308ec527ca4c6fe878fb88e65a,woohaha,debull911
396582,2026-07-09 22:07:40,2026-07-09,bd273292-2dd8-49f1-9199-f8dbfe7cd62d,COLLECTIBLE_TYPE,822,Small Generator,UNCOMMON,5900.0,0x30a90423c772900e014a334daa2728e4d7ba9527,0xeb91205aad43ba308ec527ca4c6fe878fb88e65a,woohaha,debull911
389738,2026-07-09 22:08:42,2026-07-09,484dde9a-1cf6-441d-afd8-896155686657,COLLECTIBLE_TYPE,318,AT-AT,ULTRA_RARE,44999.0,0x8ce701635538a73413675ff605845f07287b9c1d,0xeb91205aad43ba308ec527ca4c6fe878fb88e65a,Jeank,debull911
398034,2026-07-09 22:13:45,2026-07-09,b780b8d8-5345-43f6-9a53-f0e97d55f5aa,COLLECTIBLE_TYPE,308,X-Men ‘97 Cyclops,ULTRA_RARE,200000.0,0xeaae55f602d74c8dbb1b373b06e5eed3d957148a,0xaedfab097f21f40deaeab7b7ccaa3a7fc120de9c,Robcookz,comical1
397772,2026-07-09 22:24:47,2026-07-09,b33424b2-ea2b-45c0-9f5b-05748c064554,COLLECTIBLE_TYPE,684,Spider-Man: Miles Morales - Hoodie Season,RARE,1257567.0,0xad64552217cc8c683733f0a97db79c26e89cd9c0,0xf24ad7f6e43144a8e5570b285805c45e890d3f82,Akamaru,thesnackman
387778,2026-07-09 22:32:14,2026-07-09,c27d2a6b-4ae5-4cf2-9092-38b2211094de,COMIC_COVER,7324,Captain America Vol. 1,COMMON,4000.0,0x07091abd9ee57a017f16ba0e9aff448bd4d9fa48,0xab24ca4312541996a45a0e82888e45ec7b34fcb5,wookhy,daXRPcat
397198,2026-07-09 22:47:46,2026-07-09,fc943f7c-7e87-4f6e-b38e-8bc02c6cf7a6,COLLECTIBLE_TYPE,27461,Spider-Man – The Amazing Spider-Man,COMMON,154500.0,0xb3590ef60176acc6050ae8315aeb626ccf66f050,0x1c9ac3dd0b4ee7a3c8863231e9598d0a9e4a1e58,RockyOMI,FIREMoon
363093,2026-07-09 22:57:15,2026-07-09,b7af07ae-716b-4c4c-b13a-1b3c55b00cf2,COLLECTIBLE_TYPE,1064,Hear More Evil Monkey - Original,ULTRA_RARE,14998.0,0x6274aa03dfdb044d6c7a80fa7a75e9d7c5ff007d,0xad64552217cc8c683733f0a97db79c26e89cd9c0,ottema,Akamaru
398128,2026-07-09 23:09:10,2026-07-09,db3b5d5a-cd40-4052-8bdf-48e54d015103,COMIC_COVER,286,X-Men Vol. 5,COMMON,19000.0,0xd30823ee1c9fe6c6a74a1f7e8ebe22d9ac3778a9,0xd09cd66cc0d88554634f593047373a505d4a266f,Kaim777,Mazen2892
398039,2026-07-09 23:14:43,2026-07-09,336b962c-792c-487d-bf8b-f8868302f8d6,COLLECTIBLE_TYPE,159,MYO - Blue,ULTRA_RARE,199000.0,0xeaae55f602d74c8dbb1b373b06e5eed3d957148a,0x882fa041f65050fad385af38ec4d542a097a0f2d,Robcookz,ace81982
369225,2026-07-09 23:24:43,2026-07-09,b82049ee-96e5-4a4b-be52-ca368975e375,COLLECTIBLE_TYPE,196,Lilitu - Tara McPherson,ULTRA_RARE,149000.0,0x431e0ab399241c06394f854e4d8d9c847a8898ab,0xad64552217cc8c683733f0a97db79c26e89cd9c0,getrixhSCHEM3,Akamaru
398135,2026-07-09 23:31:42,2026-07-09,114ca406-6315-47fe-a15b-63b278f26274,COMIC_COVER,973,Captain America Comics,COMMON,200000.0,0x8799c4fbc97644779843c5f90131b4dad1355844,0x185d7220c3aff7946a4459b4b5ee84fd44585872,stephenduarte,NFTLATINO
397886,2026-07-09 23:32:14,2026-07-09,95b86201-ed47-471f-ada2-4e053041379b,COLLECTIBLE_TYPE,3761,Partners Statue,ULTRA_RARE,6555000.0,0xdbcef8e187a4b7ec3daf05bb0c939519d990b3ad,0xc92e617579e32b59fa1257ea4c6c4f0110b08343,batmark,cardboardholos
398132,2026-07-09 23:36:42,2026-07-09,114ca406-6315-47fe-a15b-63b278f26274,COMIC_COVER,429,Captain America Comics,COMMON,200000.0,0xc067d05f78815697e2c561790aa02556d2054317,0xd29864b7249261f9aa1a5506756257de99e60aee,WAKANDA4EVA,Andrea21es
389500,2026-07-09 23:48:43,2026-07-09,91438ab3-2dac-4a9b-b4cd-e9707a6761ac,COLLECTIBLE_TYPE,666,Bullheaded DirtyTrooper - Brian Viveros,ULTRA_RARE,777777.0,0x126656052e1bcbbd1d324e0a48bcbc2671946667,0x59e9dcf69da63f3f91f50dcfea77d3f9ab885b8c,Moppy,Goldquest
398076,2026-07-09 23:49:20,2026-07-09,83b93838-1d87-4d1c-979a-765f8aa4871c,COMIC_COVER,500,Uncanny X-Men Vol. 1,COMMON,18000.0,0x7527ecf7ff922b4c74ac5ae6f697343dc3df00d2,0x8f5afc7671c89bb233b93ffb324de7fb0d6ba676,iBer,klimster85
395808,2026-07-09 23:49:47,2026-07-09,7f57a6cc-5cfe-4a79-8671-8ace2a4f75fd,COMIC_COVER,7720,The X-Men Vol. 1,UNCOMMON,38000.0,0x280ee3759aaae6d53f3fa13aa78bfa63d5d0af66,0x55f00890580c247d16852304415e66707eb4b39d,TheAnonymousGuy,ML35
378936,2026-07-10 00:04:16,2026-07-09,0ea12f3f-e703-458a-993e-1c217a698808,COMIC_COVER,6209,Star Wars (1977),SECRET_RARE,460000.0,0x425849593dca4af4feb342718081dbf867449d45,0x3cf1874ea3fa7c0357dd866b473fed6ca92b5ac4,tomagio,onetonwontonmon
398129,2026-07-10 00:08:19,2026-07-09,79193898-4fb7-4dd1-9bc1-3aeb4630b306,COMIC_COVER,513,Captain America Comics,ULTRA_RARE,199999.0,0x7fc5f3ca8131c8cf8d426c046f8ff81af57967c1,0xd29864b7249261f9aa1a5506756257de99e60aee,SunChardBV,Andrea21es
397822,2026-07-10 00:08:48,2026-07-09,8e553d98-d05f-4856-acec-8696b33e11f9,COMIC_COVER,894,Captain America Comics,UNCOMMON,86444.0,0xf24ad7f6e43144a8e5570b285805c45e890d3f82,0xd29864b7249261f9aa1a5506756257de99e60aee,thesnackman,Andrea21es
397944,2026-07-10 00:09:17,2026-07-09,90ddfb08-17a4-4aac-be1f-5f30c4afbe26,COMIC_COVER,232,Captain America Comics,RARE,95000.0,0x30cf9f620203cf3fdc1c2bf07331a7213f985607,0xd29864b7249261f9aa1a5506756257de99e60aee,med13,Andrea21es
384127,2026-07-10 00:10:11,2026-07-09,219d14ac-23e9-4a1d-a9cb-ec009b31ebb1,COLLECTIBLE_TYPE,2619,A Happy Whistle,UNCOMMON,37500.0,0x97e8cc899592a8044eadb1a234481c5fec7ec163,0xe97ee1b2726a59602d87173db883baf016c8f1ac,Jeger,Sfriedl6969
391914,2026-07-10 00:10:43,2026-07-09,8c984d73-0718-427e-870e-f558b01a653f,COLLECTIBLE_TYPE,2103,Spider-Man: Symbiote Suit,RARE,99000.0,0x0d1509b026d680caed17764fae38e870460b7acc,0xcf5a2144d8476c6887cc07b2cf158b3ab058ffe1,TopDog,eliotness
397972,2026-07-10 00:10:48,2026-07-09,2ce987c8-0ec3-4773-b6d6-d3c5516fba89,COLLECTIBLE_TYPE,1328,The Coal Mining Miner,SECRET_RARE,30000.0,0xba2078397436ae14dbd7644251412c765e496ca2,0x5cd54bd230829b917781551bd6a3d1f84a0321c9,GlazedGOAT,Alfa13
397935,2026-07-10 00:22:40,2026-07-09,114ca406-6315-47fe-a15b-63b278f26274,COMIC_COVER,171,Captain America Comics,COMMON,300000.0,0xba2078397436ae14dbd7644251412c765e496ca2,0x6b137d55996e5a33f7ecc4034e8e7e3139397deb,GlazedGOAT,THEMECCA
396370,2026-07-10 00:23:43,2026-07-09,658f1d45-3417-40ec-84f7-054cb8f0d494,COLLECTIBLE_TYPE,8988,Symbiote,COMMON,24999.0,0xde8cafd60937b3164f4c3e5435e12487c37a8431,0x3cf1874ea3fa7c0357dd866b473fed6ca92b5ac4,jsbwrs,onetonwontonmon
386558,2026-07-10 00:24:14,2026-07-09,658f1d45-3417-40ec-84f7-054cb8f0d494,COLLECTIBLE_TYPE,12229,Symbiote,COMMON,25000.0,0xd9303df30db28702a71be18fc2713a9d4c57739e,0x3cf1874ea3fa7c0357dd866b473fed6ca92b5ac4,XPert44,onetonwontonmon
397958,2026-07-10 01:00:38,2026-07-09,262ca5c3-d806-421d-aa0a-05207e5ea59c,COLLECTIBLE_TYPE,401,Donatello - IncogNinja,ULTRA_RARE,163000.0,0x3061998c6436bfd74b1f2d110bce52495d125241,0x9abed7eada7eba81daf3934f8f7c1c8492a026b6,BigVVLove24,daBeast
380739,2026-07-10 01:01:09,2026-07-09,b64277d7-69da-4150-9d20-33ba552b70cb,COMIC_COVER,4554,The Amazing Spider-Man Vol. 1,COMMON,42000.0,0xabe792cf5973efa49817074531bae1833455a144,0x582be1bcc08c294625e9fde79e31b495e4fe28b9,Mixtress,Treebranch
397533,2026-07-10 01:43:17,2026-07-09,67625906-c014-4259-b4b3-ae092be2a31a,COMIC_COVER,13328,Inhumans,COMMON,3200.0,0xafd0dee0ac43ee6a07e0eb265a5bb7800a9c33ab,0x582be1bcc08c294625e9fde79e31b495e4fe28b9,zollip74,Treebranch
383506,2026-07-10 01:46:40,2026-07-09,a5e8ee47-f113-4922-93d0-515db1e53608,COMIC_COVER,8099,Strange Tales Vol. 1,COMMON,4000.0,0x280ee3759aaae6d53f3fa13aa78bfa63d5d0af66,0x582be1bcc08c294625e9fde79e31b495e4fe28b9,TheAnonymousGuy,Treebranch
398030,2026-07-10 02:06:49,2026-07-09,114ca406-6315-47fe-a15b-63b278f26274,COMIC_COVER,999,Captain America Comics,COMMON,700000.0,0xa799d5ec1fb11df36a81574d014bce8fffd29d9b,0xa99040cdba0b6f7f4b5577f51da52673cd65afad,Lamouche,JTrevo
387043,2026-07-10 02:25:58,2026-07-09,a79849a8-a5cb-4a7f-b0bf-5dbe2249742c,COLLECTIBLE_TYPE,1278,Romulan D'deridex Warbird,ULTRA_RARE,205000.0,0xbf8422ffae96686a82effef76e5417281bfc5060,0xeb91205aad43ba308ec527ca4c6fe878fb88e65a,Eqmal,debull911
386786,2026-07-10 02:26:04,2026-07-09,b4cd3e4c-b76d-4c35-9ce4-434bc731d9e3,COLLECTIBLE_TYPE,1123,Crate Expectations (2018),ULTRA_RARE,250000.0,0x5cd54bd230829b917781551bd6a3d1f84a0321c9,0xeb91205aad43ba308ec527ca4c6fe878fb88e65a,Alfa13,debull911
395198,2026-07-10 02:26:10,2026-07-09,5e9b0f4f-6120-487c-93e7-12f8c268fbca,COLLECTIBLE_TYPE,1725,Thanos - Warrior,SECRET_RARE,455000.0,0x1feaa2893d2f5f39054085fac42c2ebdb650e808,0xeb91205aad43ba308ec527ca4c6fe878fb88e65a,TeXFiles,debull911
395491,2026-07-10 02:26:15,2026-07-09,c80fcf06-5894-4482-ad1f-e0b9389d3c77,COLLECTIBLE_TYPE,852,Captain America – Ultimate Animated,SECRET_RARE,1190000.0,0x3bd30158ee98ab11c6e122ebd52e37f8ed853b0f,0xeb91205aad43ba308ec527ca4c6fe878fb88e65a,harrisryan116,debull911
385302,2026-07-10 02:59:19,2026-07-09,786a69fd-65d2-4305-b415-43f50e04f861,COLLECTIBLE_TYPE,2459,Ye Xiao Chai,RARE,10000.0,0xbcb19ef45124a62dada53912e201240967bdb937,0x3dbd139a3f3b9324f4201be49d788cd337a83805,AQksa,countrymile
396332,2026-07-10 03:27:16,2026-07-09,11f2b172-e206-4644-8256-e51fd7298af2,COLLECTIBLE_TYPE,12067,Winnie the Pooh and Piglet,COMMON,75000.0,0xde8cafd60937b3164f4c3e5435e12487c37a8431,0x3cf1874ea3fa7c0357dd866b473fed6ca92b5ac4,jsbwrs,onetonwontonmon
396334,2026-07-10 03:27:44,2026-07-09,11f2b172-e206-4644-8256-e51fd7298af2,COLLECTIBLE_TYPE,11034,Winnie the Pooh and Piglet,COMMON,75000.0,0xde8cafd60937b3164f4c3e5435e12487c37a8431,0x3cf1874ea3fa7c0357dd866b473fed6ca92b5ac4,jsbwrs,onetonwontonmon
387108,2026-07-10 03:28:12,2026-07-09,11f2b172-e206-4644-8256-e51fd7298af2,COLLECTIBLE_TYPE,12821,Winnie the Pooh and Piglet,COMMON,82222.0,0xd6a48a069cd8a67699bfde04f147d4e8a82170a9,0x3cf1874ea3fa7c0357dd866b473fed6ca92b5ac4,Jent,onetonwontonmon
390506,2026-07-10 03:28:17,2026-07-09,11f2b172-e206-4644-8256-e51fd7298af2,COLLECTIBLE_TYPE,2686,Winnie the Pooh and Piglet,COMMON,100000.0,0x2f4238a11913eaaf8513a0b03b9062ecb6e1b95a,0x3cf1874ea3fa7c0357dd866b473fed6ca92b5ac4,MikhailR777,onetonwontonmon
393986,2026-07-10 03:32:48,2026-07-09,c898af60-be8a-490a-ac2b-537869c1892a,COLLECTIBLE_TYPE,3265,1:1 DeLorean Time Machine - Interactive,ULTRA_RARE,190000.0,0x3dbbb23f9a7fe67b77d36f0d6cd99a487189db88,0x009230069c60156f531b3af06d1f4ee61b3ea61c,ayim2385,ShatteredZ
386521,2026-07-10 03:43:18,2026-07-09,15399c5e-7cd8-46c3-9240-9db5794ceea3,COLLECTIBLE_TYPE,14899,Human Torch,RARE,14000.0,0xda2c489cd2bb4f043c5eb8d53b19dc010cee3f5d,0x3cf1874ea3fa7c0357dd866b473fed6ca92b5ac4,Tildisson,onetonwontonmon
398322,2026-07-10 03:43:40,2026-07-09,768e3b9d-2b74-420e-be62-2a375fbd911f,COLLECTIBLE_TYPE,1397,Crowd Favorite,COMMON,24000.0,0x68aef76582c173ee065504eacde28076b7bbe49e,0x319a31606b67e323621aef8dd5235a4955bec018,drve67,Mushroomcarp
381164,2026-07-10 03:43:45,2026-07-09,15399c5e-7cd8-46c3-9240-9db5794ceea3,COLLECTIBLE_TYPE,7236,Human Torch,RARE,15000.0,0x27978e894c2da7968d46b8b38b96449dd6286885,0x3cf1874ea3fa7c0357dd866b473fed6ca92b5ac4,OfficialDante,onetonwontonmon
394677,2026-07-10 03:48:50,2026-07-09,7051dd0b-67f0-4ffe-a81b-6a397a7a496c,COLLECTIBLE_TYPE,1200,T-47 Airspeeder - Red,COMMON,27500.0,0x3061998c6436bfd74b1f2d110bce52495d125241,0x9708d8dbac27faee62d891f65f6958d40196a85e,BigVVLove24,CosmicPotato
392267,2026-07-10 03:52:20,2026-07-09,6db92658-cab4-4bcf-a57b-0e0f9f6750fb,COLLECTIBLE_TYPE,4433,‍‍Mimban Trooper,COMMON,8995.0,0x0a55b9038ce2d15969365df8cc0be3ad3897313b,0x7c01ea897e1b3ba2d87de33956cda3a0b0333cac,Zombi2,newiz
396186,2026-07-10 03:56:39,2026-07-09,66bf871d-a8d4-474e-a0f2-b1ceb28c7b94,COLLECTIBLE_TYPE,524,Millennium Falcon,COMMON,499000.0,0xd461f4806ccc1d4a4caf1a51586937daf6127a7a,0x319a31606b67e323621aef8dd5235a4955bec018,Happyblob,Mushroomcarp
385997,2026-07-10 04:02:18,2026-07-09,658f1d45-3417-40ec-84f7-054cb8f0d494,COLLECTIBLE_TYPE,1197,Symbiote,COMMON,26969.0,0x0ba02cd15a68577caebb28aa150fcffabe5af51c,0x3cf1874ea3fa7c0357dd866b473fed6ca92b5ac4,VeveVibes,onetonwontonmon
397395,2026-07-10 04:06:44,2026-07-09,e6e5683f-5b64-4842-8f74-912a0fc919ba,COLLECTIBLE_TYPE,11724,Homer & Bart,COMMON,174000.0,0x9def0a1b71171af4bf55fdce463f7b4ddf075c76,0x3cf1874ea3fa7c0357dd866b473fed6ca92b5ac4,cmount76,onetonwontonmon
390260,2026-07-10 04:11:19,2026-07-09,94e3db13-8cbc-4673-92c0-c75c2d627aa2,COLLECTIBLE_TYPE,9154,Holiday Groot – Ultimate Animated,RARE,15000.0,0xc56a4ec7e6d91fb8485f85818b0438f10a13f6ac,0x3cf1874ea3fa7c0357dd866b473fed6ca92b5ac4,mattloonies,onetonwontonmon
381458,2026-07-10 04:11:46,2026-07-09,94e3db13-8cbc-4673-92c0-c75c2d627aa2,COLLECTIBLE_TYPE,2084,Holiday Groot – Ultimate Animated,RARE,16000.0,0xb2659c43d74cefa1dac54f913c227b6e19d4b8be,0x3cf1874ea3fa7c0357dd866b473fed6ca92b5ac4,Arosh,onetonwontonmon
384604,2026-07-10 04:17:42,2026-07-09,5ab59120-1b5b-473c-9c80-3144d9a6e1d5,COLLECTIBLE_TYPE,2825,"All Together, Now!",ULTRA_RARE,575000.0,0x30cf9f620203cf3fdc1c2bf07331a7213f985607,0x3cf1874ea3fa7c0357dd866b473fed6ca92b5ac4,med13,onetonwontonmon
398425,2026-07-10 04:21:49,2026-07-09,caa42fb7-4e75-4b87-8936-af0b5239b0ce,COMIC_COVER,428,Captain America Comics,SECRET_RARE,2250000.0,0x82d523250e98a4f9fbfa9450e364d246114a2083,0xfa9d8a97059e3277ed7818e49b03a030b25ffb1f,kingkong555,MrSquibs
366418,2026-07-10 04:24:48,2026-07-09,25dd8c48-c9f8-48ec-bf4f-22381de84940,COLLECTIBLE_TYPE,1696,Iron Man Venomized,RARE,29999.0,0x46c53c70bb59b14ce82715b0dc7b1a20d9c96b86,0x3cf1874ea3fa7c0357dd866b473fed6ca92b5ac4,wneon,onetonwontonmon
369564,2026-07-10 05:06:15,2026-07-09,e76d8148-e4e3-48b8-9f90-d7e3501233a0,COLLECTIBLE_TYPE,3002,White Out,RARE,23000.0,0xe97ee1b2726a59602d87173db883baf016c8f1ac,0xa4772fea724a01a22f1914788a1e4556c7d74599,Sfriedl6969,Fairyman
396072,2026-07-10 05:08:10,2026-07-09,6c2e0c21-ecec-421d-a15c-6e1e18923f67,COLLECTIBLE_TYPE,1143,M.O.D.O.K.,SECRET_RARE,53000.0,0xa0db66cf20ab927fc4e4c47bf1f1148c0a99df92,0xa4772fea724a01a22f1914788a1e4556c7d74599,cocohatesnfts,Fairyman
397966,2026-07-10 05:09:15,2026-07-09,aa9f9161-b0f9-4203-8694-023ac4feef54,COLLECTIBLE_TYPE,3798,The Sealed Thought of Greed,SECRET_RARE,35000.0,0xba2078397436ae14dbd7644251412c765e496ca2,0xa4772fea724a01a22f1914788a1e4556c7d74599,GlazedGOAT,Fairyman
397964,2026-07-10 05:09:24,2026-07-09,90b2abb9-592f-4bbe-9413-7ba139b32fdc,COLLECTIBLE_TYPE,6011,The Leisurely Loop,SECRET_RARE,35000.0,0xba2078397436ae14dbd7644251412c765e496ca2,0xa4772fea724a01a22f1914788a1e4556c7d74599,GlazedGOAT,Fairyman
397778,2026-07-10 05:17:19,2026-07-09,fc9edd6c-11d2-4aba-86e4-dfc47934023c,COLLECTIBLE_TYPE,516,Diablo - Orange,ULTRA_RARE,70000.0,0x280ee3759aaae6d53f3fa13aa78bfa63d5d0af66,0xf5ad1d907be1462d6c7472f0f96b754b3a1f7e24,TheAnonymousGuy,Daniel1985
379979,2026-07-10 05:27:48,2026-07-09,cbea19a1-4736-447f-a98e-c26085b66f58,COLLECTIBLE_TYPE,622,Kang 2,ULTRA_RARE,124000.0,0x1feaa2893d2f5f39054085fac42c2ebdb650e808,0x4894c0a1d76453eaf78dc8259e409c22ff090919,TeXFiles,cryptohogg
396621,2026-07-10 05:31:45,2026-07-09,e8064631-1c9d-408a-ada4-7534693c8c12,COLLECTIBLE_TYPE,2884,Sentinel,COMMON,19800.0,0xd3c90f4e9c3886ae603acae4a2b0fa900593f1c4,0xfa78ba08b5d02b9b4216c380da5b24ef38690349,montrealactor,Sevead
396628,2026-07-10 05:32:43,2026-07-09,e8064631-1c9d-408a-ada4-7534693c8c12,COLLECTIBLE_TYPE,3393,Sentinel,COMMON,19800.0,0xd3c90f4e9c3886ae603acae4a2b0fa900593f1c4,0xfa78ba08b5d02b9b4216c380da5b24ef38690349,montrealactor,Sevead
392568,2026-07-10 05:36:22,2026-07-09,b0ecb0a5-2c77-47fc-b295-2e2a96278781,COLLECTIBLE_TYPE,1430,Iron Man,RARE,225000.0,0x0a55b9038ce2d15969365df8cc0be3ad3897313b,0x543c0695dd8ac5143284cac49b69eacffa30b9fd,Zombi2,Morganinho
380356,2026-07-10 05:39:50,2026-07-09,97eaad27-9a3e-4b8a-a7ff-96a2789ce00b,COLLECTIBLE_TYPE,130,The Awakened - Frame,ULTRA_RARE,110000.0,0xb8ae0183511780e3b60ad8d68a348f0e13c39eba,0x543c0695dd8ac5143284cac49b69eacffa30b9fd,Smrad,Morganinho
391782,2026-07-10 06:12:09,2026-07-09,bcfde4d8-5fec-45ce-99ee-3b16a62dbc25,COLLECTIBLE_TYPE,1744,Floating Toby,SECRET_RARE,42000.0,0x5cd54bd230829b917781551bd6a3d1f84a0321c9,0xb0736199d1574f811d3502e496205b5dd5493ee3,Alfa13,Marconline
387628,2026-07-10 06:13:18,2026-07-09,f786c6ec-1f78-496e-8f68-d4f2bf242deb,COLLECTIBLE_TYPE,177,The Splash Manta Ray,SECRET_RARE,43000.0,0x829d3e9e30e170436c2547196ac179092b6e7b34,0xb0736199d1574f811d3502e496205b5dd5493ee3,BACKDOORKICK,Marconline
395243,2026-07-10 06:17:48,2026-07-09,bcfde4d8-5fec-45ce-99ee-3b16a62dbc25,COLLECTIBLE_TYPE,493,Floating Toby,SECRET_RARE,49995.0,0x0a55b9038ce2d15969365df8cc0be3ad3897313b,0xb0736199d1574f811d3502e496205b5dd5493ee3,Zombi2,Marconline
374136,2026-07-10 06:18:19,2026-07-09,b07a5ea1-421a-44ea-b0cf-1236e057a0d3,COLLECTIBLE_TYPE,346,The Jellyfish Jaunte,SECRET_RARE,47999.0,0xbac31a1230602fa26c131fed21132d8c7c9a7ec6,0xb0736199d1574f811d3502e496205b5dd5493ee3,wc3nte,Marconline
391913,2026-07-10 06:23:48,2026-07-09,67d718f3-658b-4815-a112-053541fad6ae,COLLECTIBLE_TYPE,931,Piston Cup,SECRET_RARE,55000.0,0x0d1509b026d680caed17764fae38e870460b7acc,0xb0736199d1574f811d3502e496205b5dd5493ee3,TopDog,Marconline
376261,2026-07-10 06:27:12,2026-07-09,295ead7b-e20b-45e6-88e1-f280e55faf07,COLLECTIBLE_TYPE,209,FDP Tower,SECRET_RARE,74000.0,0xa52cd489462b8e841e209ae3a5ed37d85237c587,0xb0736199d1574f811d3502e496205b5dd5493ee3,mengame,Marconline
375958,2026-07-10 06:56:13,2026-07-09,d4921266-e93b-459c-99e9-fbfae511c573,COMIC_COVER,426,X-Men '97,COMMON,50000.0,0xcba2f75208f2cedea08dc25ba7e4b218c1bd0bc4,0xe5bc04dff7664e333de906a4b02d4f69b1077276,jintokil,RogueGreen
393275,2026-07-10 08:14:06,2026-07-10,51405ddc-4d53-4814-be00-9a99581ab6ed,COLLECTIBLE_TYPE,1767,Hammerhead Shark Car,COMMON,13161.0,0x82d523250e98a4f9fbfa9450e364d246114a2083,0xbac31a1230602fa26c131fed21132d8c7c9a7ec6,kingkong555,wc3nte
397233,2026-07-10 08:14:41,2026-07-10,6c08d7b3-d794-4fd2-a9c3-1d73f7c740f1,COLLECTIBLE_TYPE,1510,Snail Car,COMMON,28659.0,0x82d523250e98a4f9fbfa9450e364d246114a2083,0xbac31a1230602fa26c131fed21132d8c7c9a7ec6,kingkong555,wc3nte
379422,2026-07-10 08:15:12,2026-07-10,069ed892-ac0a-4ebe-9089-f72b815a8c69,COLLECTIBLE_TYPE,763,First Blood - Original US Theatrical Poster (1982),RARE,28000.0,0xa0db66cf20ab927fc4e4c47bf1f1148c0a99df92,0xbac31a1230602fa26c131fed21132d8c7c9a7ec6,cocohatesnfts,wc3nte
392987,2026-07-10 08:15:40,2026-07-10,ca1969b7-2875-4a2b-bdf0-8b624b8c3ccc,COLLECTIBLE_TYPE,2080,Mystique,RARE,39999.0,0x46c53c70bb59b14ce82715b0dc7b1a20d9c96b86,0xbac31a1230602fa26c131fed21132d8c7c9a7ec6,wneon,wc3nte
390261,2026-07-10 08:16:47,2026-07-10,cbddd94c-f918-4062-9155-527066262481,COLLECTIBLE_TYPE,6843,Snow Globe - Polar Bear,COMMON,8000.0,0xc56a4ec7e6d91fb8485f85818b0438f10a13f6ac,0xbac31a1230602fa26c131fed21132d8c7c9a7ec6,mattloonies,wc3nte
386719,2026-07-10 08:25:13,2026-07-10,8fa1ce9b-b532-49c7-afab-afe1186624b1,COMIC_COVER,1958,Deadpool Vol. 6,COMMON,19900.0,0x67e05fac84e2f145227740ffdfc25cdbb9db2a6c,0x8f5afc7671c89bb233b93ffb324de7fb0d6ba676,zalanz1417,klimster85
393638,2026-07-10 08:40:18,2026-07-10,2794ef40-2f15-422b-b71f-9f17becccf5c,COMIC_COVER,9642,The Incredible Hulk Vol. 1,COMMON,84995.0,0x0a55b9038ce2d15969365df8cc0be3ad3897313b,0x6d6500b8752a9db7a97584e32dd6cc3d76d93662,Zombi2,ComicBytez
393640,2026-07-10 08:40:24,2026-07-10,2794ef40-2f15-422b-b71f-9f17becccf5c,COMIC_COVER,7862,The Incredible Hulk Vol. 1,COMMON,84995.0,0x0a55b9038ce2d15969365df8cc0be3ad3897313b,0x6d6500b8752a9db7a97584e32dd6cc3d76d93662,Zombi2,ComicBytez
393639,2026-07-10 08:40:37,2026-07-10,2794ef40-2f15-422b-b71f-9f17becccf5c,COMIC_COVER,8930,The Incredible Hulk Vol. 1,COMMON,84995.0,0x0a55b9038ce2d15969365df8cc0be3ad3897313b,0x6d6500b8752a9db7a97584e32dd6cc3d76d93662,Zombi2,ComicBytez
373153,2026-07-10 08:41:20,2026-07-10,2794ef40-2f15-422b-b71f-9f17becccf5c,COMIC_COVER,5374,The Incredible Hulk Vol. 1,COMMON,88888.0,0xf9999728363375c8ebde3f22707fa12e6f7d0128,0x6d6500b8752a9db7a97584e32dd6cc3d76d93662,Obren,ComicBytez
364960,2026-07-10 08:41:26,2026-07-10,2794ef40-2f15-422b-b71f-9f17becccf5c,COMIC_COVER,3138,The Incredible Hulk Vol. 1,COMMON,89000.0,0x89bb3d06134463ab1fb24cbb480b7208f7337492,0x6d6500b8752a9db7a97584e32dd6cc3d76d93662,spc1204,ComicBytez
398532,2026-07-10 09:12:49,2026-07-10,a5fcf837-0263-44f1-bf85-69453bba219f,COLLECTIBLE_TYPE,1329,Super Armor Hiro,ULTRA_RARE,97000.0,0x65db0f1d6ffcce941e9ee31695675cdd7add63da,0x612648f72191b89ab88ce8f0936de8a132d6e21b,millionairekid,Garnett21k
378814,2026-07-10 09:18:15,2026-07-10,0a126e9f-b830-4a77-8733-09a15ef897df,COLLECTIBLE_TYPE,303,Sabretooth - Imprisoned Predator,ULTRA_RARE,94699.0,0xad64552217cc8c683733f0a97db79c26e89cd9c0,0x4894c0a1d76453eaf78dc8259e409c22ff090919,Akamaru,cryptohogg
395349,2026-07-10 09:20:12,2026-07-10,5784fd45-7323-4afd-b4cb-330c09231438,COMIC_COVER,4972,Ultimate Fallout,COMMON,69000.0,0xaa37dd1ab2dccde440c328fd5087348183b6d6b8,0x612648f72191b89ab88ce8f0936de8a132d6e21b,grayeagle,Garnett21k
389564,2026-07-10 09:25:19,2026-07-10,7c60e92d-a096-41a5-b222-38ac26ebf894,COLLECTIBLE_TYPE,498,"Jim Lake, Jr.",RARE,30000.0,0x280ee3759aaae6d53f3fa13aa78bfa63d5d0af66,0x4894c0a1d76453eaf78dc8259e409c22ff090919,TheAnonymousGuy,cryptohogg
397152,2026-07-10 09:35:42,2026-07-10,8854d1aa-b535-4a8d-9a7f-1392b8581136,COLLECTIBLE_TYPE,12458,John F. Walker,UNCOMMON,4888.0,0x1599f053c0af3ee139e8136ef474ea557eea3107,0xfa78ba08b5d02b9b4216c380da5b24ef38690349,brenis28,Sevead
397137,2026-07-10 09:36:10,2026-07-10,8854d1aa-b535-4a8d-9a7f-1392b8581136,COLLECTIBLE_TYPE,10839,John F. Walker,UNCOMMON,4900.0,0xafd0dee0ac43ee6a07e0eb265a5bb7800a9c33ab,0xfa78ba08b5d02b9b4216c380da5b24ef38690349,zollip74,Sevead
393130,2026-07-10 09:36:48,2026-07-10,70714f83-c1dc-4610-a99b-ef0280746ceb,COMIC_COVER,6204,Uncanny X-Men Vol. 1,UNCOMMON,3433.0,0xf24ad7f6e43144a8e5570b285805c45e890d3f82,0xfa78ba08b5d02b9b4216c380da5b24ef38690349,thesnackman,Sevead
382256,2026-07-10 09:44:47,2026-07-10,5dbd1ad5-e6a6-48b4-ad2a-f4489968dce0,COLLECTIBLE_TYPE,105,Buzz Lightyear – Lightyear Blast,ULTRA_RARE,175000.0,0xc152731484723374b7d3729f458e649850a215a8,0x7262fd9a76d67fb9e2827ff5c76e5c3b426a5763,Engbear,Luberfides
396972,2026-07-10 10:00:11,2026-07-10,a7c012e4-e41d-4cde-9251-9e45d23ff22b,COMIC_COVER,3049,Captain America Vol. 1,COMMON,6490.0,0x2ec1f3d7a88d42ed42079a9fb049a0acc0df32d4,0xab24ca4312541996a45a0e82888e45ec7b34fcb5,Mrou,daXRPcat
364312,2026-07-10 10:02:44,2026-07-10,a2efe08e-114c-4ea7-a67c-e950f5053bb4,COMIC_COVER,26557,Captain America Vol. 1,ULTRA_RARE,35555.0,0x46c53c70bb59b14ce82715b0dc7b1a20d9c96b86,0xab24ca4312541996a45a0e82888e45ec7b34fcb5,wneon,daXRPcat
396642,2026-07-10 10:57:14,2026-07-10,66b46e57-90c5-4556-a65e-6dc44899cea6,COMIC_COVER,30501,Marvel Comics,COMMON,78000.0,0x5cd54bd230829b917781551bd6a3d1f84a0321c9,0xaa1192b9315088cd8809f4498b62a8d013a0f1cd,Alfa13,msirovi
392967,2026-07-10 11:12:12,2026-07-10,ce4ae109-fb92-412f-b2c2-348d248af2b9,COMIC_COVER,5723,Tales of Suspense Vol. 1,COMMON,85000.0,0x5198dbe1a55c10f37a27ca2cad3c246318637d06,0x6d6500b8752a9db7a97584e32dd6cc3d76d93662,Josh7291,ComicBytez
392970,2026-07-10 11:12:18,2026-07-10,ce4ae109-fb92-412f-b2c2-348d248af2b9,COMIC_COVER,5587,Tales of Suspense Vol. 1,COMMON,85000.0,0x5198dbe1a55c10f37a27ca2cad3c246318637d06,0x6d6500b8752a9db7a97584e32dd6cc3d76d93662,Josh7291,ComicBytez
393604,2026-07-10 11:12:40,2026-07-10,ce4ae109-fb92-412f-b2c2-348d248af2b9,COMIC_COVER,4400,Tales of Suspense Vol. 1,COMMON,94995.0,0x0a55b9038ce2d15969365df8cc0be3ad3897313b,0x6d6500b8752a9db7a97584e32dd6cc3d76d93662,Zombi2,ComicBytez
393611,2026-07-10 11:14:14,2026-07-10,7693425f-edad-4cd9-900c-075b1e26012c,COMIC_COVER,8048,Journey Into Mystery Vol. 1,COMMON,77500.0,0x0a55b9038ce2d15969365df8cc0be3ad3897313b,0x6d6500b8752a9db7a97584e32dd6cc3d76d93662,Zombi2,ComicBytez
393616,2026-07-10 11:14:42,2026-07-10,7693425f-edad-4cd9-900c-075b1e26012c,COMIC_COVER,2268,Journey Into Mystery Vol. 1,COMMON,77500.0,0x0a55b9038ce2d15969365df8cc0be3ad3897313b,0x6d6500b8752a9db7a97584e32dd6cc3d76d93662,Zombi2,ComicBytez
393615,2026-07-10 11:14:48,2026-07-10,7693425f-edad-4cd9-900c-075b1e26012c,COMIC_COVER,2972,Journey Into Mystery Vol. 1,COMMON,77500.0,0x0a55b9038ce2d15969365df8cc0be3ad3897313b,0x6d6500b8752a9db7a97584e32dd6cc3d76d93662,Zombi2,ComicBytez
393612,2026-07-10 11:15:17,2026-07-10,7693425f-edad-4cd9-900c-075b1e26012c,COMIC_COVER,6114,Journey Into Mystery Vol. 1,COMMON,77500.0,0x0a55b9038ce2d15969365df8cc0be3ad3897313b,0x6d6500b8752a9db7a97584e32dd6cc3d76d93662,Zombi2,ComicBytez
393609,2026-07-10 11:15:22,2026-07-10,7693425f-edad-4cd9-900c-075b1e26012c,COMIC_COVER,8428,Journey Into Mystery Vol. 1,COMMON,77500.0,0x0a55b9038ce2d15969365df8cc0be3ad3897313b,0x6d6500b8752a9db7a97584e32dd6cc3d76d93662,Zombi2,ComicBytez
392262,2026-07-10 11:15:46,2026-07-10,6db92658-cab4-4bcf-a57b-0e0f9f6750fb,COLLECTIBLE_TYPE,5575,‍‍Mimban Trooper,COMMON,8995.0,0x0a55b9038ce2d15969365df8cc0be3ad3897313b,0x7c01ea897e1b3ba2d87de33956cda3a0b0333cac,Zombi2,newiz
393613,2026-07-10 11:15:56,2026-07-10,7693425f-edad-4cd9-900c-075b1e26012c,COMIC_COVER,5093,Journey Into Mystery Vol. 1,COMMON,77500.0,0x0a55b9038ce2d15969365df8cc0be3ad3897313b,0x6d6500b8752a9db7a97584e32dd6cc3d76d93662,Zombi2,ComicBytez
393614,2026-07-10 11:16:12,2026-07-10,7693425f-edad-4cd9-900c-075b1e26012c,COMIC_COVER,3643,Journey Into Mystery Vol. 1,COMMON,77500.0,0x0a55b9038ce2d15969365df8cc0be3ad3897313b,0x6d6500b8752a9db7a97584e32dd6cc3d76d93662,Zombi2,ComicBytez
392945,2026-07-10 11:16:18,2026-07-10,7693425f-edad-4cd9-900c-075b1e26012c,COMIC_COVER,8432,Journey Into Mystery Vol. 1,COMMON,80000.0,0x5198dbe1a55c10f37a27ca2cad3c246318637d06,0x6d6500b8752a9db7a97584e32dd6cc3d76d93662,Josh7291,ComicBytez
392947,2026-07-10 11:16:24,2026-07-10,7693425f-edad-4cd9-900c-075b1e26012c,COMIC_COVER,8223,Journey Into Mystery Vol. 1,COMMON,80000.0,0x5198dbe1a55c10f37a27ca2cad3c246318637d06,0x6d6500b8752a9db7a97584e32dd6cc3d76d93662,Josh7291,ComicBytez
380726,2026-07-10 11:16:39,2026-07-10,7693425f-edad-4cd9-900c-075b1e26012c,COMIC_COVER,8203,Journey Into Mystery Vol. 1,COMMON,88000.0,0xabe792cf5973efa49817074531bae1833455a144,0x6d6500b8752a9db7a97584e32dd6cc3d76d93662,Mixtress,ComicBytez
380258,2026-07-10 11:16:45,2026-07-10,7693425f-edad-4cd9-900c-075b1e26012c,COMIC_COVER,8499,Journey Into Mystery Vol. 1,COMMON,89000.0,0x1dca747e25055c549746973b2883aa4931f72cd3,0x6d6500b8752a9db7a97584e32dd6cc3d76d93662,epicspc,ComicBytez
394633,2026-07-10 11:17:40,2026-07-10,c291e6d6-4cc9-40da-9a82-e6d1925bd9d0,COMIC_COVER,4124,The Avengers Vol. 1,COMMON,40000.0,0x5198dbe1a55c10f37a27ca2cad3c246318637d06,0x6d6500b8752a9db7a97584e32dd6cc3d76d93662,Josh7291,ComicBytez
388365,2026-07-10 11:18:40,2026-07-10,c291e6d6-4cc9-40da-9a82-e6d1925bd9d0,COMIC_COVER,9290,The Avengers Vol. 1,COMMON,42000.0,0x0a55b9038ce2d15969365df8cc0be3ad3897313b,0x6d6500b8752a9db7a97584e32dd6cc3d76d93662,Zombi2,ComicBytez
388369,2026-07-10 11:19:09,2026-07-10,c291e6d6-4cc9-40da-9a82-e6d1925bd9d0,COMIC_COVER,2841,The Avengers Vol. 1,COMMON,42000.0,0x0a55b9038ce2d15969365df8cc0be3ad3897313b,0x6d6500b8752a9db7a97584e32dd6cc3d76d93662,Zombi2,ComicBytez
398611,2026-07-10 11:19:14,2026-07-10,90ddfb08-17a4-4aac-be1f-5f30c4afbe26,COMIC_COVER,470,Captain America Comics,RARE,95000.0,0xb3590ef60176acc6050ae8315aeb626ccf66f050,0x695c54bfad8921c007487392f2f76c55d0a0fca4,RockyOMI,WalrusKing1976
388368,2026-07-10 11:19:20,2026-07-10,c291e6d6-4cc9-40da-9a82-e6d1925bd9d0,COMIC_COVER,3026,The Avengers Vol. 1,COMMON,42000.0,0x0a55b9038ce2d15969365df8cc0be3ad3897313b,0x6d6500b8752a9db7a97584e32dd6cc3d76d93662,Zombi2,ComicBytez
388367,2026-07-10 11:19:46,2026-07-10,c291e6d6-4cc9-40da-9a82-e6d1925bd9d0,COMIC_COVER,3957,The Avengers Vol. 1,COMMON,42000.0,0x0a55b9038ce2d15969365df8cc0be3ad3897313b,0x6d6500b8752a9db7a97584e32dd6cc3d76d93662,Zombi2,ComicBytez
388371,2026-07-10 11:20:20,2026-07-10,c291e6d6-4cc9-40da-9a82-e6d1925bd9d0,COMIC_COVER,2543,The Avengers Vol. 1,COMMON,42000.0,0x0a55b9038ce2d15969365df8cc0be3ad3897313b,0x6d6500b8752a9db7a97584e32dd6cc3d76d93662,Zombi2,ComicBytez
388373,2026-07-10 11:20:26,2026-07-10,c291e6d6-4cc9-40da-9a82-e6d1925bd9d0,COMIC_COVER,2095,The Avengers Vol. 1,COMMON,42000.0,0x0a55b9038ce2d15969365df8cc0be3ad3897313b,0x6d6500b8752a9db7a97584e32dd6cc3d76d93662,Zombi2,ComicBytez
380742,2026-07-10 11:20:40,2026-07-10,c291e6d6-4cc9-40da-9a82-e6d1925bd9d0,COMIC_COVER,8996,The Avengers Vol. 1,COMMON,44000.0,0xabe792cf5973efa49817074531bae1833455a144,0x6d6500b8752a9db7a97584e32dd6cc3d76d93662,Mixtress,ComicBytez
371557,2026-07-10 11:21:18,2026-07-10,c291e6d6-4cc9-40da-9a82-e6d1925bd9d0,COMIC_COVER,1642,The Avengers Vol. 1,COMMON,44900.0,0xe43c144261d2bca77009a648a50f26b71eb4c4c0,0x6d6500b8752a9db7a97584e32dd6cc3d76d93662,Titi20,ComicBytez
388366,2026-07-10 11:21:47,2026-07-10,c291e6d6-4cc9-40da-9a82-e6d1925bd9d0,COMIC_COVER,5522,The Avengers Vol. 1,COMMON,45000.0,0x0a55b9038ce2d15969365df8cc0be3ad3897313b,0x6d6500b8752a9db7a97584e32dd6cc3d76d93662,Zombi2,ComicBytez
388372,2026-07-10 11:21:52,2026-07-10,c291e6d6-4cc9-40da-9a82-e6d1925bd9d0,COMIC_COVER,2266,The Avengers Vol. 1,COMMON,47500.0,0x0a55b9038ce2d15969365df8cc0be3ad3897313b,0x6d6500b8752a9db7a97584e32dd6cc3d76d93662,Zombi2,ComicBytez
378940,2026-07-10 11:22:44,2026-07-10,d63e9844-2204-4dde-82e0-3d5c467ed225,COLLECTIBLE_TYPE,2593,Goofy,SECRET_RARE,190000.0,0x425849593dca4af4feb342718081dbf867449d45,0xf797271310b595e8739c205afd219c86809cc112,tomagio,CocoaPuff00
393589,2026-07-10 11:23:19,2026-07-10,719b4691-a26e-4047-9597-5cefa1cae8ef,COMIC_COVER,1826,Giant-Size X-Men Vol. 1,COMMON,95000.0,0x0a55b9038ce2d15969365df8cc0be3ad3897313b,0x6d6500b8752a9db7a97584e32dd6cc3d76d93662,Zombi2,ComicBytez
393592,2026-07-10 11:23:46,2026-07-10,719b4691-a26e-4047-9597-5cefa1cae8ef,COMIC_COVER,1299,Giant-Size X-Men Vol. 1,COMMON,95000.0,0x0a55b9038ce2d15969365df8cc0be3ad3897313b,0x6d6500b8752a9db7a97584e32dd6cc3d76d93662,Zombi2,ComicBytez
393590,2026-07-10 11:25:18,2026-07-10,719b4691-a26e-4047-9597-5cefa1cae8ef,COMIC_COVER,1585,Giant-Size X-Men Vol. 1,COMMON,95000.0,0x0a55b9038ce2d15969365df8cc0be3ad3897313b,0x6d6500b8752a9db7a97584e32dd6cc3d76d93662,Zombi2,ComicBytez
393586,2026-07-10 11:25:23,2026-07-10,719b4691-a26e-4047-9597-5cefa1cae8ef,COMIC_COVER,7427,Giant-Size X-Men Vol. 1,COMMON,95000.0,0x0a55b9038ce2d15969365df8cc0be3ad3897313b,0x6d6500b8752a9db7a97584e32dd6cc3d76d93662,Zombi2,ComicBytez
368044,2026-07-10 11:25:29,2026-07-10,3a867661-d468-4559-884f-777a86ec8eda,COLLECTIBLE_TYPE,6084,Pluto,ULTRA_RARE,99000.0,0x517b0383b6460c4bff8ce7c449bb35b2230a5e13,0xf797271310b595e8739c205afd219c86809cc112,lrussell5,CocoaPuff00
393588,2026-07-10 11:25:45,2026-07-10,719b4691-a26e-4047-9597-5cefa1cae8ef,COMIC_COVER,2447,Giant-Size X-Men Vol. 1,COMMON,95000.0,0x0a55b9038ce2d15969365df8cc0be3ad3897313b,0x6d6500b8752a9db7a97584e32dd6cc3d76d93662,Zombi2,ComicBytez
393587,2026-07-10 11:26:15,2026-07-10,719b4691-a26e-4047-9597-5cefa1cae8ef,COMIC_COVER,3905,Giant-Size X-Men Vol. 1,COMMON,95000.0,0x0a55b9038ce2d15969365df8cc0be3ad3897313b,0x6d6500b8752a9db7a97584e32dd6cc3d76d93662,Zombi2,ComicBytez
380724,2026-07-10 11:26:21,2026-07-10,719b4691-a26e-4047-9597-5cefa1cae8ef,COMIC_COVER,6267,Giant-Size X-Men Vol. 1,COMMON,98000.0,0xabe792cf5973efa49817074531bae1833455a144,0x6d6500b8752a9db7a97584e32dd6cc3d76d93662,Mixtress,ComicBytez
384662,2026-07-10 11:26:27,2026-07-10,f5a393e0-13d2-40a3-8c6f-075709139d24,COLLECTIBLE_TYPE,7300,Daisy Duck,RARE,29000.0,0x30cf9f620203cf3fdc1c2bf07331a7213f985607,0xf797271310b595e8739c205afd219c86809cc112,med13,CocoaPuff00
379316,2026-07-10 11:26:44,2026-07-10,c844b748-f9f8-41d4-98c1-ed3178f379ba,COLLECTIBLE_TYPE,3446,Donald Duck,UNCOMMON,30000.0,0x72dddc73b642775db8c91b0de1d840a03e5bad0c,0xf797271310b595e8739c205afd219c86809cc112,manuelrg1497,CocoaPuff00
397146,2026-07-10 11:33:20,2026-07-10,900388bb-8847-4334-8d1a-508de81c4a4d,COLLECTIBLE_TYPE,7037,Superman,UNCOMMON,652500.0,0xdd6d71582a7a2160a20c4ec12376665ba574de02,0xf797271310b595e8739c205afd219c86809cc112,RayJos,CocoaPuff00
393181,2026-07-10 11:38:48,2026-07-10,01d0a2d6-acf0-457d-9382-2705811f68d8,COLLECTIBLE_TYPE,7112,#21 Jim Lee The Joker ,COMMON,170000.0,0x1feaa2893d2f5f39054085fac42c2ebdb650e808,0xf797271310b595e8739c205afd219c86809cc112,TeXFiles,CocoaPuff00
398508,2026-07-10 12:30:12,2026-07-10,8e553d98-d05f-4856-acec-8696b33e11f9,COMIC_COVER,709,Captain America Comics,UNCOMMON,85000.0,0x3abab0aef2a81b893903161ef9e33273a86a4b0e,0x8b7bc1aa5ecef0b7c8e86ddbe5fbba47fa7cd674,masterroni,VigorousPigeon
398136,2026-07-10 12:30:44,2026-07-10,8e553d98-d05f-4856-acec-8696b33e11f9,COMIC_COVER,453,Captain America Comics,UNCOMMON,90000.0,0x8799c4fbc97644779843c5f90131b4dad1355844,0x8b7bc1aa5ecef0b7c8e86ddbe5fbba47fa7cd674,stephenduarte,VigorousPigeon
367297,2026-07-10 12:40:43,2026-07-10,8725f9a7-1ef1-47b8-ba27-5dbf9640845e,COMIC_COVER,27369,Strange Tales Vol. 1,COMMON,11500.0,0xc13ebe19760f507c976a2e17527a534ee8aa3619,0x6d6500b8752a9db7a97584e32dd6cc3d76d93662,gonzo686,ComicBytez
397513,2026-07-10 12:41:38,2026-07-10,6ed8fc83-40e6-4dab-8d65-23d71476a3b5,COMIC_COVER,699,Christmas On Bear Mountain,COMMON,184568.0,0xb29871c774211215ad7c49cde2535da96ea15c56,0xcb3126ca37ecc9ef86dad8d2f569d3f8357300c6,BacardiCreation,KA971
398331,2026-07-10 12:43:11,2026-07-10,61ffae37-3178-4bec-966b-3d79da99beb8,COMIC_COVER,1830,Iron Man Vol. 1,COMMON,23000.0,0x68aef76582c173ee065504eacde28076b7bbe49e,0x810fc31bb65039ecc423b1a0881880915670ec54,drve67,drbsoccer
393036,2026-07-10 12:44:12,2026-07-10,61ffae37-3178-4bec-966b-3d79da99beb8,COMIC_COVER,5601,Iron Man Vol. 1,COMMON,24999.0,0xd4c59f3e80e6e82efc977a390b236240e9e4cecb,0x810fc31bb65039ecc423b1a0881880915670ec54,merlink,drbsoccer
381173,2026-07-10 12:45:18,2026-07-10,61ffae37-3178-4bec-966b-3d79da99beb8,COMIC_COVER,7467,Iron Man Vol. 1,COMMON,26000.0,0x27978e894c2da7968d46b8b38b96449dd6286885,0x810fc31bb65039ecc423b1a0881880915670ec54,OfficialDante,drbsoccer
398682,2026-07-10 12:55:17,2026-07-10,7693425f-edad-4cd9-900c-075b1e26012c,COMIC_COVER,4722,Journey Into Mystery Vol. 1,COMMON,80000.0,0x5198dbe1a55c10f37a27ca2cad3c246318637d06,0x6d6500b8752a9db7a97584e32dd6cc3d76d93662,Josh7291,ComicBytez
398681,2026-07-10 12:55:23,2026-07-10,7693425f-edad-4cd9-900c-075b1e26012c,COMIC_COVER,6893,Journey Into Mystery Vol. 1,COMMON,80000.0,0x5198dbe1a55c10f37a27ca2cad3c246318637d06,0x6d6500b8752a9db7a97584e32dd6cc3d76d93662,Josh7291,ComicBytez
394623,2026-07-10 12:56:44,2026-07-10,5edf2573-2b03-49a1-8732-c341a635e7c3,COMIC_COVER,702,Fantastic Four Vol. 1,COMMON,19000.0,0x5198dbe1a55c10f37a27ca2cad3c246318637d06,0x6d6500b8752a9db7a97584e32dd6cc3d76d93662,Josh7291,ComicBytez
394618,2026-07-10 12:56:50,2026-07-10,5edf2573-2b03-49a1-8732-c341a635e7c3,COMIC_COVER,856,Fantastic Four Vol. 1,COMMON,19000.0,0x5198dbe1a55c10f37a27ca2cad3c246318637d06,0x6d6500b8752a9db7a97584e32dd6cc3d76d93662,Josh7291,ComicBytez
394622,2026-07-10 12:57:18,2026-07-10,5edf2573-2b03-49a1-8732-c341a635e7c3,COMIC_COVER,773,Fantastic Four Vol. 1,COMMON,19000.0,0x5198dbe1a55c10f37a27ca2cad3c246318637d06,0x6d6500b8752a9db7a97584e32dd6cc3d76d93662,Josh7291,ComicBytez
394620,2026-07-10 12:57:45,2026-07-10,5edf2573-2b03-49a1-8732-c341a635e7c3,COMIC_COVER,843,Fantastic Four Vol. 1,COMMON,19000.0,0x5198dbe1a55c10f37a27ca2cad3c246318637d06,0x6d6500b8752a9db7a97584e32dd6cc3d76d93662,Josh7291,ComicBytez
394621,2026-07-10 12:57:52,2026-07-10,5edf2573-2b03-49a1-8732-c341a635e7c3,COMIC_COVER,840,Fantastic Four Vol. 1,COMMON,19000.0,0x5198dbe1a55c10f37a27ca2cad3c246318637d06,0x6d6500b8752a9db7a97584e32dd6cc3d76d93662,Josh7291,ComicBytez
393878,2026-07-10 12:57:58,2026-07-10,5edf2573-2b03-49a1-8732-c341a635e7c3,COMIC_COVER,1557,Fantastic Four Vol. 1,COMMON,19500.0,0xafd0dee0ac43ee6a07e0eb265a5bb7800a9c33ab,0x6d6500b8752a9db7a97584e32dd6cc3d76d93662,zollip74,ComicBytez
393879,2026-07-10 12:58:14,2026-07-10,5edf2573-2b03-49a1-8732-c341a635e7c3,COMIC_COVER,4161,Fantastic Four Vol. 1,COMMON,19500.0,0xafd0dee0ac43ee6a07e0eb265a5bb7800a9c33ab,0x6d6500b8752a9db7a97584e32dd6cc3d76d93662,zollip74,ComicBytez
393880,2026-07-10 12:58:20,2026-07-10,5edf2573-2b03-49a1-8732-c341a635e7c3,COMIC_COVER,5486,Fantastic Four Vol. 1,COMMON,19500.0,0xafd0dee0ac43ee6a07e0eb265a5bb7800a9c33ab,0x6d6500b8752a9db7a97584e32dd6cc3d76d93662,zollip74,ComicBytez
398743,2026-07-10 13:05:16,2026-07-10,5edf2573-2b03-49a1-8732-c341a635e7c3,COMIC_COVER,571,Fantastic Four Vol. 1,COMMON,19000.0,0x5198dbe1a55c10f37a27ca2cad3c246318637d06,0xdd6d71582a7a2160a20c4ec12376665ba574de02,Josh7291,RayJos
398763,2026-07-10 14:02:47,2026-07-10,fd6c3850-436f-4356-a399-ce4b973a0355,COLLECTIBLE_TYPE,113,Harley Quinn - #08  Babs Tarr,UNCOMMON,135000.0,0xee5bb3ff11561038fcf6a1fe42fbedbf6d99c902,0x376faa4a61c0b08e6eaf8858710eb5749f9a8593,rsarge453,marcospf67
398761,2026-07-10 14:14:46,2026-07-10,21b9f6be-5b37-4c9c-8b89-7db849f16a32,COMIC_COVER,7833,Journey Into Mystery Vol. 1,SECRET_RARE,1150000.0,0xee5bb3ff11561038fcf6a1fe42fbedbf6d99c902,0x6eb52ea2e5e7577cd485028ad8d2ff939cfe4bb5,rsarge453,bfish13
398791,2026-07-10 14:22:45,2026-07-10,262ca5c3-d806-421d-aa0a-05207e5ea59c,COLLECTIBLE_TYPE,367,Donatello - IncogNinja,ULTRA_RARE,140000.0,0x1feaa2893d2f5f39054085fac42c2ebdb650e808,0xe308079e0862065ac75ae105cb572b4d93820317,TeXFiles,kbtwo3
398731,2026-07-10 14:27:14,2026-07-10,462fc423-9563-415e-aa1c-77c19f7a0650,COLLECTIBLE_TYPE,980,Shadow Trooper - Running,UNCOMMON,10000.0,0x7527ecf7ff922b4c74ac5ae6f697343dc3df00d2,0x3abab0aef2a81b893903161ef9e33273a86a4b0e,iBer,masterroni
398741,2026-07-10 14:28:44,2026-07-10,5edf2573-2b03-49a1-8732-c341a635e7c3,COMIC_COVER,629,Fantastic Four Vol. 1,COMMON,19000.0,0x5198dbe1a55c10f37a27ca2cad3c246318637d06,0x3abab0aef2a81b893903161ef9e33273a86a4b0e,Josh7291,masterroni
398740,2026-07-10 14:31:51,2026-07-10,5edf2573-2b03-49a1-8732-c341a635e7c3,COMIC_COVER,675,Fantastic Four Vol. 1,COMMON,19000.0,0x5198dbe1a55c10f37a27ca2cad3c246318637d06,0x6d6500b8752a9db7a97584e32dd6cc3d76d93662,Josh7291,ComicBytez
398742,2026-07-10 14:32:19,2026-07-10,5edf2573-2b03-49a1-8732-c341a635e7c3,COMIC_COVER,618,Fantastic Four Vol. 1,COMMON,19000.0,0x5198dbe1a55c10f37a27ca2cad3c246318637d06,0x6d6500b8752a9db7a97584e32dd6cc3d76d93662,Josh7291,ComicBytez
379554,2026-07-10 14:53:13,2026-07-10,0c7b5608-1fb4-4ec4-a55d-f1199de26a2c,COLLECTIBLE_TYPE,979,Homestead,UNCOMMON,42000.0,0x300c950f17dd66e4912148abea1c2bf12b86f0e7,0x9708d8dbac27faee62d891f65f6958d40196a85e,Forest420og,CosmicPotato
398581,2026-07-10 14:59:47,2026-07-10,14ecd7a0-032e-46c1-b12e-9aff63f5a871,COMIC_COVER,4906,All-New Marvel NOW! Point One,COMMON,5555.0,0x1a79ade14a342b977062ed1c56b2ab2a1fd38536,0xab24ca4312541996a45a0e82888e45ec7b34fcb5,Dekri,daXRPcat
387049,2026-07-10 15:03:14,2026-07-10,0ab36b42-c881-4c73-bbc2-fda5515240d1,COMIC_COVER,34725,New Mutants Vol. 1,COMMON,10000.0,0x0a55b9038ce2d15969365df8cc0be3ad3897313b,0xe915c142d8e31b3c93a76873a266804017eb9896,Zombi2,Kelkism
387048,2026-07-10 15:03:41,2026-07-10,0ab36b42-c881-4c73-bbc2-fda5515240d1,COMIC_COVER,41807,New Mutants Vol. 1,COMMON,10000.0,0x0a55b9038ce2d15969365df8cc0be3ad3897313b,0xe915c142d8e31b3c93a76873a266804017eb9896,Zombi2,Kelkism
384118,2026-07-10 15:04:41,2026-07-10,1162b196-4bb2-4be9-9639-5765aa1d3ab0,COMIC_COVER,1442,Incredible Hulk,UNCOMMON,16000.0,0xb60163e27ca6272940caa0b4dcd0c848572bec6e,0xe915c142d8e31b3c93a76873a266804017eb9896,Rmackey,Kelkism
391805,2026-07-10 15:09:09,2026-07-10,38240a36-10d1-4653-ba38-61bd524e3ef3,COLLECTIBLE_TYPE,108,Jean Grey - Phoenix,COMMON,128000.0,0xd30823ee1c9fe6c6a74a1f7e8ebe22d9ac3778a9,0xfa78ba08b5d02b9b4216c380da5b24ef38690349,Kaim777,Sevead
398844,2026-07-10 15:13:46,2026-07-10,f5caca1e-779f-4235-8622-c763fa92ccb6,COLLECTIBLE_TYPE,9,Donatello - Classic (Special Edition),COMMON,4300000.0,0x040e2ce7e952fce18a27becfe47c2b57d765058f,0x59e9dcf69da63f3f91f50dcfea77d3f9ab885b8c,VeVeRadar,Goldquest
396708,2026-07-10 15:30:08,2026-07-10,900388bb-8847-4334-8d1a-508de81c4a4d,COLLECTIBLE_TYPE,7215,Superman,UNCOMMON,655000.0,0x1e252a5f16ac3c1689eb717962d78c839290ac80,0xb3590ef60176acc6050ae8315aeb626ccf66f050,ntown514,RockyOMI
398909,2026-07-10 16:19:20,2026-07-10,934c4ebc-7655-4c91-8598-55b9bf451e8b,COMIC_COVER,8087,The X-Men Vol. 1,COMMON,99999.0,0xea7d88f3aaea00162d0626c3c8594ff9b057a6aa,0x8f5afc7671c89bb233b93ffb324de7fb0d6ba676,Urgency,klimster85
398974,2026-07-10 16:41:49,2026-07-10,877dfb81-f781-44c8-a1ce-8d585164cd26,COLLECTIBLE_TYPE,47,Yoda - One With The Force,SECRET_RARE,5600000.0,0x040e2ce7e952fce18a27becfe47c2b57d765058f,0xf8f66e612764d0efaf002bbc6646cd538b0afbaa,VeVeRadar,minotaar69
398872,2026-07-10 16:47:15,2026-07-10,c00630d3-6aaa-412a-a9d3-ffe68fceba5a,COLLECTIBLE_TYPE,591,Donatello - Classic,COMMON,41999.0,0x009230069c60156f531b3af06d1f4ee61b3ea61c,0x1df823f78c20904d68cec9a7ccf6a5e07ce955fd,ShatteredZ,flowchain
398928,2026-07-10 17:20:30,2026-07-10,37353ee5-47b8-4498-a220-7851c6dd0923,COLLECTIBLE_TYPE,2183,Michelangelo - Classic,COMMON,50000.0,0x001ba2698c37ec03a8a4f9cae7d31da236bdfab6,0xfa8f4df17138392bec6130272f699f873c215f8b,Mufasa914,Boughi
395259,2026-07-10 17:20:47,2026-07-10,3164f5e3-044d-477d-8022-0a99dead294d,COLLECTIBLE_TYPE,1910,Leonardo - Classic,COMMON,39999.0,0xa6c1703e054a613f89b64aabb4ecb2198df867c7,0xfa8f4df17138392bec6130272f699f873c215f8b,anar1407,Boughi
371325,2026-07-10 17:32:47,2026-07-10,7551e5a7-b615-4025-8a11-3aa148653ccf,COMIC_COVER,19436,Uncanny X-Men Vol. 1,ULTRA_RARE,45444.0,0xf24ad7f6e43144a8e5570b285805c45e890d3f82,0xfa8f4df17138392bec6130272f699f873c215f8b,thesnackman,Boughi
392156,2026-07-10 17:45:41,2026-07-10,a7c012e4-e41d-4cde-9251-9e45d23ff22b,COMIC_COVER,12324,Captain America Vol. 1,COMMON,6500.0,0x0a55b9038ce2d15969365df8cc0be3ad3897313b,0x31b5dbf0d1886d5dc5b7c32778d30deeef2e15af,Zombi2,slywalker
392159,2026-07-10 17:46:09,2026-07-10,a7c012e4-e41d-4cde-9251-9e45d23ff22b,COMIC_COVER,10156,Captain America Vol. 1,COMMON,6500.0,0x0a55b9038ce2d15969365df8cc0be3ad3897313b,0x31b5dbf0d1886d5dc5b7c32778d30deeef2e15af,Zombi2,slywalker
392155,2026-07-10 17:46:15,2026-07-10,a7c012e4-e41d-4cde-9251-9e45d23ff22b,COMIC_COVER,12760,Captain America Vol. 1,COMMON,6500.0,0x0a55b9038ce2d15969365df8cc0be3ad3897313b,0x31b5dbf0d1886d5dc5b7c32778d30deeef2e15af,Zombi2,slywalker
392157,2026-07-10 17:46:49,2026-07-10,a7c012e4-e41d-4cde-9251-9e45d23ff22b,COMIC_COVER,11004,Captain America Vol. 1,COMMON,6500.0,0x0a55b9038ce2d15969365df8cc0be3ad3897313b,0x31b5dbf0d1886d5dc5b7c32778d30deeef2e15af,Zombi2,slywalker
392150,2026-07-10 17:47:47,2026-07-10,a7c012e4-e41d-4cde-9251-9e45d23ff22b,COMIC_COVER,21326,Captain America Vol. 1,COMMON,6500.0,0x0a55b9038ce2d15969365df8cc0be3ad3897313b,0x31b5dbf0d1886d5dc5b7c32778d30deeef2e15af,Zombi2,slywalker
392153,2026-07-10 17:47:53,2026-07-10,a7c012e4-e41d-4cde-9251-9e45d23ff22b,COMIC_COVER,15293,Captain America Vol. 1,COMMON,6500.0,0x0a55b9038ce2d15969365df8cc0be3ad3897313b,0x31b5dbf0d1886d5dc5b7c32778d30deeef2e15af,Zombi2,slywalker
392151,2026-07-10 17:48:44,2026-07-10,a7c012e4-e41d-4cde-9251-9e45d23ff22b,COMIC_COVER,21234,Captain America Vol. 1,COMMON,6500.0,0x0a55b9038ce2d15969365df8cc0be3ad3897313b,0x31b5dbf0d1886d5dc5b7c32778d30deeef2e15af,Zombi2,slywalker
379575,2026-07-10 17:48:50,2026-07-10,da61cef5-655f-4465-95d3-07cb0488dc55,COMIC_COVER,649,Disney Classics,ULTRA_RARE,95000.0,0x300c950f17dd66e4912148abea1c2bf12b86f0e7,0xfa8f4df17138392bec6130272f699f873c215f8b,Forest420og,Boughi
398986,2026-07-10 17:48:56,2026-07-10,1162b196-4bb2-4be9-9639-5765aa1d3ab0,COMIC_COVER,1939,Incredible Hulk,UNCOMMON,777777.0,0x1e252a5f16ac3c1689eb717962d78c839290ac80,0xfeb4f097be08f8cc4607f46207c9cccce0251379,ntown514,KcBmw
392149,2026-07-10 17:49:11,2026-07-10,a7c012e4-e41d-4cde-9251-9e45d23ff22b,COMIC_COVER,24670,Captain America Vol. 1,COMMON,6500.0,0x0a55b9038ce2d15969365df8cc0be3ad3897313b,0x31b5dbf0d1886d5dc5b7c32778d30deeef2e15af,Zombi2,slywalker
392152,2026-07-10 17:49:17,2026-07-10,a7c012e4-e41d-4cde-9251-9e45d23ff22b,COMIC_COVER,15488,Captain America Vol. 1,COMMON,6500.0,0x0a55b9038ce2d15969365df8cc0be3ad3897313b,0x31b5dbf0d1886d5dc5b7c32778d30deeef2e15af,Zombi2,slywalker
399015,2026-07-10 18:11:46,2026-07-10,a512f767-6f55-42d5-b489-a5dfaf7b0cc3,COLLECTIBLE_TYPE,1855,"Lights, Camera, Hijinks!",RARE,14444.0,0xea7d88f3aaea00162d0626c3c8594ff9b057a6aa,0x5cd54bd230829b917781551bd6a3d1f84a0321c9,Urgency,Alfa13
395262,2026-07-10 18:25:45,2026-07-10,3164f5e3-044d-477d-8022-0a99dead294d,COLLECTIBLE_TYPE,509,Leonardo - Classic,COMMON,44999.0,0xa6c1703e054a613f89b64aabb4ecb2198df867c7,0x4ccbb148c27c9aa1650a24039f1b5f45e1678b62,anar1407,Nagash
399037,2026-07-10 18:32:42,2026-07-10,c00630d3-6aaa-412a-a9d3-ffe68fceba5a,COLLECTIBLE_TYPE,2530,Donatello - Classic,COMMON,24500.0,0x3061998c6436bfd74b1f2d110bce52495d125241,0xb0736199d1574f811d3502e496205b5dd5493ee3,BigVVLove24,Marconline
399038,2026-07-10 18:33:13,2026-07-10,c00630d3-6aaa-412a-a9d3-ffe68fceba5a,COLLECTIBLE_TYPE,1319,Donatello - Classic,COMMON,24500.0,0x3061998c6436bfd74b1f2d110bce52495d125241,0xb0736199d1574f811d3502e496205b5dd5493ee3,BigVVLove24,Marconline
399035,2026-07-10 18:33:48,2026-07-10,c00630d3-6aaa-412a-a9d3-ffe68fceba5a,COLLECTIBLE_TYPE,2609,Donatello - Classic,COMMON,24500.0,0x3061998c6436bfd74b1f2d110bce52495d125241,0xb0736199d1574f811d3502e496205b5dd5493ee3,BigVVLove24,Marconline
399039,2026-07-10 18:34:15,2026-07-10,c00630d3-6aaa-412a-a9d3-ffe68fceba5a,COLLECTIBLE_TYPE,1289,Donatello - Classic,COMMON,24500.0,0x3061998c6436bfd74b1f2d110bce52495d125241,0xb0736199d1574f811d3502e496205b5dd5493ee3,BigVVLove24,Marconline
382197,2026-07-10 18:42:11,2026-07-10,c6c4987d-df55-48bf-b727-655b73668c06,COLLECTIBLE_TYPE,839,Red Skull,ULTRA_RARE,400000.0,0x829d00d6cfc5c16b1a67f86756e2997a99013afd,0x6fce02f5b9882225e85c1b44212b98e1a1a9ff8b,ChallyP,sc0tchy
396800,2026-07-10 18:52:40,2026-07-10,95ab4dde-1a76-433c-a655-980a1e33156d,COLLECTIBLE_TYPE,230,Headspace Devil - Luke Chueh x Munkyking,RARE,30000.0,0x280ee3759aaae6d53f3fa13aa78bfa63d5d0af66,0x93f74d08297f46736ff48af1242f43eb35944623,TheAnonymousGuy,gvarner
389540,2026-07-10 18:53:14,2026-07-10,95ab4dde-1a76-433c-a655-980a1e33156d,COLLECTIBLE_TYPE,688,Headspace Devil - Luke Chueh x Munkyking,RARE,30000.0,0x280ee3759aaae6d53f3fa13aa78bfa63d5d0af66,0x93f74d08297f46736ff48af1242f43eb35944623,TheAnonymousGuy,gvarner
365896,2026-07-10 18:54:47,2026-07-10,43f8507e-4ad6-420b-b6ca-1c1b86d9e275,COLLECTIBLE_TYPE,2777,Captain America – The First Avenger,COMMON,25400.0,0x422ccebf2acfaf07f7d733eb4cfd67a9c5754564,0xab24ca4312541996a45a0e82888e45ec7b34fcb5,rebeccawiles,daXRPcat
383466,2026-07-10 18:55:48,2026-07-10,95ab4dde-1a76-433c-a655-980a1e33156d,COLLECTIBLE_TYPE,769,Headspace Devil - Luke Chueh x Munkyking,RARE,35000.0,0x280ee3759aaae6d53f3fa13aa78bfa63d5d0af66,0x93f74d08297f46736ff48af1242f43eb35944623,TheAnonymousGuy,gvarner
399036,2026-07-10 18:57:17,2026-07-10,c00630d3-6aaa-412a-a9d3-ffe68fceba5a,COLLECTIBLE_TYPE,2563,Donatello - Classic,COMMON,24500.0,0x3061998c6436bfd74b1f2d110bce52495d125241,0xd9303df30db28702a71be18fc2713a9d4c57739e,BigVVLove24,XPert44
399030,2026-07-10 18:57:23,2026-07-10,c00630d3-6aaa-412a-a9d3-ffe68fceba5a,COLLECTIBLE_TYPE,2330,Donatello - Classic,COMMON,24999.0,0x3061998c6436bfd74b1f2d110bce52495d125241,0xd9303df30db28702a71be18fc2713a9d4c57739e,BigVVLove24,XPert44
399029,2026-07-10 18:57:52,2026-07-10,c00630d3-6aaa-412a-a9d3-ffe68fceba5a,COLLECTIBLE_TYPE,2383,Donatello - Classic,COMMON,24999.0,0x3061998c6436bfd74b1f2d110bce52495d125241,0xd9303df30db28702a71be18fc2713a9d4c57739e,BigVVLove24,XPert44
399034,2026-07-10 18:58:20,2026-07-10,c00630d3-6aaa-412a-a9d3-ffe68fceba5a,COLLECTIBLE_TYPE,1738,Donatello - Classic,COMMON,24999.0,0x3061998c6436bfd74b1f2d110bce52495d125241,0xd9303df30db28702a71be18fc2713a9d4c57739e,BigVVLove24,XPert44
399033,2026-07-10 18:58:25,2026-07-10,c00630d3-6aaa-412a-a9d3-ffe68fceba5a,COLLECTIBLE_TYPE,1792,Donatello - Classic,COMMON,24999.0,0x3061998c6436bfd74b1f2d110bce52495d125241,0xd9303df30db28702a71be18fc2713a9d4c57739e,BigVVLove24,XPert44
399031,2026-07-10 18:58:41,2026-07-10,c00630d3-6aaa-412a-a9d3-ffe68fceba5a,COLLECTIBLE_TYPE,2281,Donatello - Classic,COMMON,24999.0,0x3061998c6436bfd74b1f2d110bce52495d125241,0xd9303df30db28702a71be18fc2713a9d4c57739e,BigVVLove24,XPert44
399032,2026-07-10 18:58:47,2026-07-10,c00630d3-6aaa-412a-a9d3-ffe68fceba5a,COLLECTIBLE_TYPE,1859,Donatello - Classic,COMMON,24999.0,0x3061998c6436bfd74b1f2d110bce52495d125241,0xd9303df30db28702a71be18fc2713a9d4c57739e,BigVVLove24,XPert44
399109,2026-07-10 19:12:20,2026-07-10,c00630d3-6aaa-412a-a9d3-ffe68fceba5a,COLLECTIBLE_TYPE,836,Donatello - Classic,COMMON,24500.0,0x3061998c6436bfd74b1f2d110bce52495d125241,0x10ca3a3e7bb8ee309b87928bc7560985178d1b4d,BigVVLove24,Meriban
399111,2026-07-10 19:12:55,2026-07-10,c00630d3-6aaa-412a-a9d3-ffe68fceba5a,COLLECTIBLE_TYPE,440,Donatello - Classic,COMMON,26500.0,0x3061998c6436bfd74b1f2d110bce52495d125241,0xe915c142d8e31b3c93a76873a266804017eb9896,BigVVLove24,Kelkism
398161,2026-07-10 19:13:49,2026-07-10,68649d9c-b610-4ac0-a07a-f14a1fca6585,COLLECTIBLE_TYPE,1689,Raphael - Classic,COMMON,29990.0,0xc0c03f3a159328a0680ca7026dc949d176f9d2f1,0xe915c142d8e31b3c93a76873a266804017eb9896,AppleCrumble8,Kelkism
398674,2026-07-10 19:15:11,2026-07-10,37353ee5-47b8-4498-a220-7851c6dd0923,COLLECTIBLE_TYPE,2793,Michelangelo - Classic,COMMON,50000.0,0x5198dbe1a55c10f37a27ca2cad3c246318637d06,0xe915c142d8e31b3c93a76873a266804017eb9896,Josh7291,Kelkism
386127,2026-07-10 19:16:20,2026-07-10,3164f5e3-044d-477d-8022-0a99dead294d,COLLECTIBLE_TYPE,778,Leonardo - Classic,COMMON,45000.0,0x0a55b9038ce2d15969365df8cc0be3ad3897313b,0xe915c142d8e31b3c93a76873a266804017eb9896,Zombi2,Kelkism
399108,2026-07-10 19:41:12,2026-07-10,c00630d3-6aaa-412a-a9d3-ffe68fceba5a,COLLECTIBLE_TYPE,928,Donatello - Classic,COMMON,24500.0,0x3061998c6436bfd74b1f2d110bce52495d125241,0xfa78ba08b5d02b9b4216c380da5b24ef38690349,BigVVLove24,Sevead
399106,2026-07-10 19:41:45,2026-07-10,c00630d3-6aaa-412a-a9d3-ffe68fceba5a,COLLECTIBLE_TYPE,1226,Donatello - Classic,COMMON,24500.0,0x3061998c6436bfd74b1f2d110bce52495d125241,0xfa78ba08b5d02b9b4216c380da5b24ef38690349,BigVVLove24,Sevead
399107,2026-07-10 19:42:16,2026-07-10,c00630d3-6aaa-412a-a9d3-ffe68fceba5a,COLLECTIBLE_TYPE,993,Donatello - Classic,COMMON,24500.0,0x3061998c6436bfd74b1f2d110bce52495d125241,0xfa78ba08b5d02b9b4216c380da5b24ef38690349,BigVVLove24,Sevead
396683,2026-07-10 20:12:18,2026-07-10,a22bd4e8-6ded-4d1d-af3e-19c35fa70ec4,COLLECTIBLE_TYPE,476,Peter Parker,RARE,188888.0,0xdd19b9f1d54942b4885b3ae8de4f0636fdc195ef,0x7120618f280abb36972af03caa79f0f14b8b8030,JRoller216,Bitcoinfather
399110,2026-07-10 20:14:14,2026-07-10,c00630d3-6aaa-412a-a9d3-ffe68fceba5a,COLLECTIBLE_TYPE,669,Donatello - Classic,COMMON,26500.0,0x3061998c6436bfd74b1f2d110bce52495d125241,0xd9303df30db28702a71be18fc2713a9d4c57739e,BigVVLove24,XPert44
391216,2026-07-10 20:36:17,2026-07-10,ff21c92f-797d-417b-a700-22ed43198f45,COMIC_COVER,507,The X-Men Vol. 1,COMMON,40000.0,0x7527ecf7ff922b4c74ac5ae6f697343dc3df00d2,0x6fce02f5b9882225e85c1b44212b98e1a1a9ff8b,iBer,sc0tchy
397078,2026-07-10 20:38:32,2026-07-10,38240a36-10d1-4653-ba38-61bd524e3ef3,COLLECTIBLE_TYPE,1811,Jean Grey - Phoenix,COMMON,124000.0,0x009230069c60156f531b3af06d1f4ee61b3ea61c,0xfa78ba08b5d02b9b4216c380da5b24ef38690349,ShatteredZ,Sevead
397076,2026-07-10 20:38:37,2026-07-10,38240a36-10d1-4653-ba38-61bd524e3ef3,COLLECTIBLE_TYPE,185,Jean Grey - Phoenix,COMMON,124999.0,0x8ce701635538a73413675ff605845f07287b9c1d,0xfa78ba08b5d02b9b4216c380da5b24ef38690349,Jeank,Sevead
397394,2026-07-10 20:46:21,2026-07-10,924d7c50-71d1-4f66-a510-3d037c7d2353,COLLECTIBLE_TYPE,247,Olaf,ULTRA_RARE,155000.0,0x9def0a1b71171af4bf55fdce463f7b4ddf075c76,0x00ffa01397ed2021de269536aacc06c2a088f81d,cmount76,chord530
398875,2026-07-10 20:47:46,2026-07-10,c00630d3-6aaa-412a-a9d3-ffe68fceba5a,COLLECTIBLE_TYPE,810,Donatello - Classic,COMMON,41999.0,0x009230069c60156f531b3af06d1f4ee61b3ea61c,0xe308079e0862065ac75ae105cb572b4d93820317,ShatteredZ,kbtwo3
398873,2026-07-10 20:48:15,2026-07-10,c00630d3-6aaa-412a-a9d3-ffe68fceba5a,COLLECTIBLE_TYPE,612,Donatello - Classic,COMMON,41999.0,0x009230069c60156f531b3af06d1f4ee61b3ea61c,0xe308079e0862065ac75ae105cb572b4d93820317,ShatteredZ,kbtwo3
365073,2026-07-10 21:02:45,2026-07-10,fd8eb416-8a88-4644-a486-c0f30b4e9e6a,COMIC_COVER,525,Marvel/DC: Deadpool/Batman,COMMON,70000.0,0xa0ba52a2b661805e0092f19df9e51f12e5ac1697,0x8f5afc7671c89bb233b93ffb324de7fb0d6ba676,stellanovas,klimster85
391317,2026-07-10 21:04:45,2026-07-10,2a1c126f-df51-4957-8f5c-db0b9375ecf8,COLLECTIBLE_TYPE,5727,Shadow Trooper - Squad Leader,COMMON,7900.0,0x3061998c6436bfd74b1f2d110bce52495d125241,0x009230069c60156f531b3af06d1f4ee61b3ea61c,BigVVLove24,ShatteredZ
383516,2026-07-10 21:07:15,2026-07-10,61940655-193f-49ed-885d-3c58d4b81b3e,COMIC_COVER,4984,Tales of Suspense Vol. 1,COMMON,4000.0,0x280ee3759aaae6d53f3fa13aa78bfa63d5d0af66,0x582be1bcc08c294625e9fde79e31b495e4fe28b9,TheAnonymousGuy,Treebranch
383490,2026-07-10 21:10:14,2026-07-10,911192c0-b420-464e-a89f-6bdb38887bc7,COMIC_COVER,107,Phoenix Resurrection: The Return of Jean Grey,COMMON,11702.0,0xa0db66cf20ab927fc4e4c47bf1f1148c0a99df92,0x790ffe78656927cc5c79f03617107bd4a5507917,cocohatesnfts,Touristedor
396431,2026-07-10 21:24:49,2026-07-10,1def2f37-8043-4aa8-a490-b4024db216ff,COLLECTIBLE_TYPE,3588,Dragon Girl - Gold / Pink,COMMON,68888.0,0x1599f053c0af3ee139e8136ef474ea557eea3107,0xd87dc19ec31f17bbef2815c465571523045a4ebe,brenis28,eddogg
388125,2026-07-10 21:39:18,2026-07-10,2c70e420-29bd-46bc-ba10-04073967e4d2,COLLECTIBLE_TYPE,5553,Take Me Out to the Ball Game,RARE,10000.0,0x0a55b9038ce2d15969365df8cc0be3ad3897313b,0x93f74d08297f46736ff48af1242f43eb35944623,Zombi2,gvarner
395851,2026-07-10 22:16:17,2026-07-10,f0290021-bc6c-43c3-b346-fec20c00a4c9,COLLECTIBLE_TYPE,3160,#5 Harley Quinn,RARE,50000.0,0x280ee3759aaae6d53f3fa13aa78bfa63d5d0af66,0xcd7e819ab064ddf882783b6b02030634b14c8d54,TheAnonymousGuy,RHolliday
399151,2026-07-10 22:16:48,2026-07-10,90ddfb08-17a4-4aac-be1f-5f30c4afbe26,COMIC_COVER,969,Captain America Comics,RARE,90000.0,0xa683b009a334008bccce6155562f60c368c4718a,0x6c1e401ea7cc8821e8f778ab2bb69031f7037b5e,mrscoggins,fuzzytaz
365040,2026-07-10 22:27:12,2026-07-10,5695db59-33ae-4ce5-a751-0f17d26265e4,COLLECTIBLE_TYPE,408,Dante,SECRET_RARE,133289.0,0xafacf9b519f00453be23a9964e0550529d571fbd,0xcd7e819ab064ddf882783b6b02030634b14c8d54,pitolivares,RHolliday
399197,2026-07-10 22:57:14,2026-07-10,95b86201-ed47-471f-ada2-4e053041379b,COLLECTIBLE_TYPE,442,Partners Statue,ULTRA_RARE,6600000.0,0xbdec2c1d798dcc387bdab81f24c4d739b4b33295,0xa3a3da84b048541f2cc2ef78d35a32bc2f5c3151,Cemal14,Hanna1212
398940,2026-07-10 23:00:13,2026-07-10,f64f5581-0640-4c33-873d-1d798c086e24,COLLECTIBLE_TYPE,2395,Stormtrooper,COMMON,29000.0,0x001ba2698c37ec03a8a4f9cae7d31da236bdfab6,0x59e9dcf69da63f3f91f50dcfea77d3f9ab885b8c,Mufasa914,Goldquest
389395,2026-07-10 23:00:42,2026-07-10,78607e25-2615-425c-9c2a-8d6a9c41cc6f,COLLECTIBLE_TYPE,417,Face Your Fear,SECRET_RARE,90000.0,0x280ee3759aaae6d53f3fa13aa78bfa63d5d0af66,0xcd7e819ab064ddf882783b6b02030634b14c8d54,TheAnonymousGuy,RHolliday
398938,2026-07-10 23:01:44,2026-07-10,f64f5581-0640-4c33-873d-1d798c086e24,COLLECTIBLE_TYPE,8313,Stormtrooper,COMMON,29000.0,0x001ba2698c37ec03a8a4f9cae7d31da236bdfab6,0x59e9dcf69da63f3f91f50dcfea77d3f9ab885b8c,Mufasa914,Goldquest
386230,2026-07-10 23:02:17,2026-07-10,f64f5581-0640-4c33-873d-1d798c086e24,COLLECTIBLE_TYPE,4071,Stormtrooper,COMMON,30000.0,0x0a55b9038ce2d15969365df8cc0be3ad3897313b,0x59e9dcf69da63f3f91f50dcfea77d3f9ab885b8c,Zombi2,Goldquest
386234,2026-07-10 23:02:45,2026-07-10,f64f5581-0640-4c33-873d-1d798c086e24,COLLECTIBLE_TYPE,3574,Stormtrooper,COMMON,30000.0,0x0a55b9038ce2d15969365df8cc0be3ad3897313b,0x59e9dcf69da63f3f91f50dcfea77d3f9ab885b8c,Zombi2,Goldquest
398939,2026-07-10 23:03:13,2026-07-10,f64f5581-0640-4c33-873d-1d798c086e24,COLLECTIBLE_TYPE,5648,Stormtrooper,COMMON,29000.0,0x001ba2698c37ec03a8a4f9cae7d31da236bdfab6,0x59e9dcf69da63f3f91f50dcfea77d3f9ab885b8c,Mufasa914,Goldquest
398947,2026-07-10 23:41:41,2026-07-10,c00630d3-6aaa-412a-a9d3-ffe68fceba5a,COLLECTIBLE_TYPE,1820,Donatello - Classic,COMMON,27000.0,0x040e2ce7e952fce18a27becfe47c2b57d765058f,0x7a93ca3c6b8189d2264daef731e49d5d56c1edbc,VeVeRadar,nimarama72
369588,2026-07-11 00:09:13,2026-07-10,1be7ee9d-14e1-4712-bd07-136ff691db02,COMIC_COVER,7382,Marvel Preview,ULTRA_RARE,65999.0,0xb29871c774211215ad7c49cde2535da96ea15c56,0x695c54bfad8921c007487392f2f76c55d0a0fca4,BacardiCreation,WalrusKing1976
398949,2026-07-11 00:10:47,2026-07-10,c00630d3-6aaa-412a-a9d3-ffe68fceba5a,COLLECTIBLE_TYPE,2719,Donatello - Classic,COMMON,27000.0,0x040e2ce7e952fce18a27becfe47c2b57d765058f,0xc4bff95003a86b44b3562b244c1be4a306af41d9,VeVeRadar,Chavycat5
398885,2026-07-11 00:11:22,2026-07-10,c00630d3-6aaa-412a-a9d3-ffe68fceba5a,COLLECTIBLE_TYPE,2860,Donatello - Classic,COMMON,27459.0,0x009230069c60156f531b3af06d1f4ee61b3ea61c,0xc4bff95003a86b44b3562b244c1be4a306af41d9,ShatteredZ,Chavycat5
399117,2026-07-11 00:12:13,2026-07-10,68649d9c-b610-4ac0-a07a-f14a1fca6585,COLLECTIBLE_TYPE,1439,Raphael - Classic,COMMON,29990.0,0xc0c03f3a159328a0680ca7026dc949d176f9d2f1,0xc4bff95003a86b44b3562b244c1be4a306af41d9,AppleCrumble8,Chavycat5
397781,2026-07-11 00:16:14,2026-07-10,cb514393-4ab4-4042-afcf-33e6083341ed,COLLECTIBLE_TYPE,1162,Collectors at Heart - Vinyl Pressing,RARE,5900.0,0x280ee3759aaae6d53f3fa13aa78bfa63d5d0af66,0x64c9830d6bf2c0c99a413cb86889ff860026f088,TheAnonymousGuy,DrFuze
373984,2026-07-11 00:17:12,2026-07-10,cb514393-4ab4-4042-afcf-33e6083341ed,COLLECTIBLE_TYPE,447,Collectors at Heart - Vinyl Pressing,RARE,6000.0,0x7527ecf7ff922b4c74ac5ae6f697343dc3df00d2,0x64c9830d6bf2c0c99a413cb86889ff860026f088,iBer,DrFuze
371120,2026-07-11 00:49:09,2026-07-10,09b73cca-d010-464b-90bc-a582c9388fdc,COMIC_COVER,5058,Amazing Fantasy Vol. 1,ULTRA_RARE,2480000.0,0xa56a5c3598b2ccd781614115548a6c0590b4e576,0xf24ad7f6e43144a8e5570b285805c45e890d3f82,Jiggledog,thesnackman
383023,2026-07-11 00:50:20,2026-07-10,d13ba790-5805-47ea-a351-b96647b21c7a,COLLECTIBLE_TYPE,64,Potball 8,COMMON,320000.0,0xd0b67d84cd3b146e843246bab2fdce66927e7485,0xd854a1ac380a65f5ef33d93bfd0a8b51455610be,gurifying,Griffin3030
398159,2026-07-11 00:50:47,2026-07-10,3facefe2-427f-48ec-a954-e5892b8c3b20,COLLECTIBLE_TYPE,751,Yoda - Focus,RARE,300000.0,0x39f1b4655b518566883d14cbe03d06aa0096fb36,0xf24ad7f6e43144a8e5570b285805c45e890d3f82,Bespokist,thesnackman
398886,2026-07-11 00:54:46,2026-07-10,ebf0810d-353d-49d2-9fd8-032aaae61f6a,COLLECTIBLE_TYPE,3366,Magic Lamp from Aladdin,UNCOMMON,72000.0,0x001ba2698c37ec03a8a4f9cae7d31da236bdfab6,0x6a33cebf165be1c5133f2725bb7264b918da605e,Mufasa914,BenCF
396182,2026-07-11 00:58:12,2026-07-10,582a6663-a706-4bc9-9078-b594acc896a8,COLLECTIBLE_TYPE,232,Gouki Nostalgic,SECRET_RARE,349000.0,0xd461f4806ccc1d4a4caf1a51586937daf6127a7a,0x6482fea7172389bf2f0d508c9a8fa0145526b8e5,Happyblob,LaXu
396181,2026-07-11 00:58:49,2026-07-10,582a6663-a706-4bc9-9078-b594acc896a8,COLLECTIBLE_TYPE,201,Gouki Nostalgic,SECRET_RARE,349000.0,0xd461f4806ccc1d4a4caf1a51586937daf6127a7a,0x6482fea7172389bf2f0d508c9a8fa0145526b8e5,Happyblob,LaXu
396180,2026-07-11 01:00:15,2026-07-10,582a6663-a706-4bc9-9078-b594acc896a8,COLLECTIBLE_TYPE,162,Gouki Nostalgic,SECRET_RARE,349000.0,0xd461f4806ccc1d4a4caf1a51586937daf6127a7a,0x6482fea7172389bf2f0d508c9a8fa0145526b8e5,Happyblob,LaXu
396179,2026-07-11 01:00:42,2026-07-10,582a6663-a706-4bc9-9078-b594acc896a8,COLLECTIBLE_TYPE,155,Gouki Nostalgic,SECRET_RARE,349000.0,0xd461f4806ccc1d4a4caf1a51586937daf6127a7a,0x6482fea7172389bf2f0d508c9a8fa0145526b8e5,Happyblob,LaXu
396638,2026-07-11 01:00:47,2026-07-10,582a6663-a706-4bc9-9078-b594acc896a8,COLLECTIBLE_TYPE,179,Gouki Nostalgic,SECRET_RARE,333333.0,0x6dbba676529d265bcc53ea2540447e9acc351059,0x6482fea7172389bf2f0d508c9a8fa0145526b8e5,justin187,LaXu
398512,2026-07-11 01:00:53,2026-07-10,582a6663-a706-4bc9-9078-b594acc896a8,COLLECTIBLE_TYPE,265,Gouki Nostalgic,SECRET_RARE,329000.0,0xd30823ee1c9fe6c6a74a1f7e8ebe22d9ac3778a9,0x6482fea7172389bf2f0d508c9a8fa0145526b8e5,Kaim777,LaXu
398705,2026-07-11 01:01:20,2026-07-10,582a6663-a706-4bc9-9078-b594acc896a8,COLLECTIBLE_TYPE,197,Gouki Nostalgic,SECRET_RARE,327069.0,0x7fc5f3ca8131c8cf8d426c046f8ff81af57967c1,0x6482fea7172389bf2f0d508c9a8fa0145526b8e5,SunChardBV,LaXu
398338,2026-07-11 01:06:15,2026-07-10,6b0fddfa-b86a-46c5-a57b-d8b0b9aceb33,COMIC_COVER,10340,Star Wars (1977),COMMON,19000.0,0x68aef76582c173ee065504eacde28076b7bbe49e,0x6a195271bca33d04e41b75e22a69367d84eed10d,drve67,charlesthe3rd
381970,2026-07-11 01:06:50,2026-07-10,f64f5581-0640-4c33-873d-1d798c086e24,COLLECTIBLE_TYPE,194,Stormtrooper,COMMON,68000.0,0xc8334661a2e68ec0e995848bf60bfc24737b15c2,0xdd6d71582a7a2160a20c4ec12376665ba574de02,Nielsthelion,RayJos
384619,2026-07-11 01:06:55,2026-07-10,6b0fddfa-b86a-46c5-a57b-d8b0b9aceb33,COMIC_COVER,30061,Star Wars (1977),COMMON,19500.0,0x26b1c55457a563e241df4e2a56e58e7c175d8908,0x6a195271bca33d04e41b75e22a69367d84eed10d,JamesTkirk,charlesthe3rd
379312,2026-07-11 01:07:11,2026-07-10,6b0fddfa-b86a-46c5-a57b-d8b0b9aceb33,COMIC_COVER,12048,Star Wars (1977),COMMON,20000.0,0x72dddc73b642775db8c91b0de1d840a03e5bad0c,0x6a195271bca33d04e41b75e22a69367d84eed10d,manuelrg1497,charlesthe3rd
399286,2026-07-11 01:47:18,2026-07-10,262ca5c3-d806-421d-aa0a-05207e5ea59c,COLLECTIBLE_TYPE,420,Donatello - IncogNinja,ULTRA_RARE,330000.0,0x040e2ce7e952fce18a27becfe47c2b57d765058f,0x009230069c60156f531b3af06d1f4ee61b3ea61c,VeVeRadar,ShatteredZ
398587,2026-07-11 02:04:44,2026-07-10,38f06c3c-c98c-4ad7-a513-847096fc8581,COMIC_COVER,12951,Vengeance,COMMON,4444.0,0x1a79ade14a342b977062ed1c56b2ab2a1fd38536,0x64c9830d6bf2c0c99a413cb86889ff860026f088,Dekri,DrFuze
383647,2026-07-11 02:04:53,2026-07-10,ca649d00-5d67-405d-829c-afa85411c1fc,COLLECTIBLE_TYPE,3694,#12 Harley Quinn,UNCOMMON,20000.0,0x0e63454f5e663282e9492991611064a9d8e5726c,0xb29871c774211215ad7c49cde2535da96ea15c56,DemonHill,BacardiCreation
393883,2026-07-11 02:05:46,2026-07-10,38f06c3c-c98c-4ad7-a513-847096fc8581,COMIC_COVER,18651,Vengeance,COMMON,4800.0,0xafd0dee0ac43ee6a07e0eb265a5bb7800a9c33ab,0x64c9830d6bf2c0c99a413cb86889ff860026f088,zollip74,DrFuze
393882,2026-07-11 02:06:16,2026-07-10,38f06c3c-c98c-4ad7-a513-847096fc8581,COMIC_COVER,12425,Vengeance,COMMON,4800.0,0xafd0dee0ac43ee6a07e0eb265a5bb7800a9c33ab,0x64c9830d6bf2c0c99a413cb86889ff860026f088,zollip74,DrFuze
393884,2026-07-11 02:06:44,2026-07-10,38f06c3c-c98c-4ad7-a513-847096fc8581,COMIC_COVER,18839,Vengeance,COMMON,4800.0,0xafd0dee0ac43ee6a07e0eb265a5bb7800a9c33ab,0x64c9830d6bf2c0c99a413cb86889ff860026f088,zollip74,DrFuze
376797,2026-07-11 02:07:20,2026-07-10,38f06c3c-c98c-4ad7-a513-847096fc8581,COMIC_COVER,15266,Vengeance,COMMON,5025.0,0xcdfcfe080b4d5749d5e13812f60aaed8bd37382c,0x64c9830d6bf2c0c99a413cb86889ff860026f088,Influx,DrFuze
399302,2026-07-11 02:08:13,2026-07-10,95b86201-ed47-471f-ada2-4e053041379b,COLLECTIBLE_TYPE,550,Partners Statue,ULTRA_RARE,8800000.0,0xd30823ee1c9fe6c6a74a1f7e8ebe22d9ac3778a9,0x08e8fca5f6f1a117a899d2c0b5f39b00cb2af589,Kaim777,Namecoast
398946,2026-07-11 02:14:45,2026-07-10,c00630d3-6aaa-412a-a9d3-ffe68fceba5a,COLLECTIBLE_TYPE,47,Donatello - Classic,COMMON,200000.0,0x040e2ce7e952fce18a27becfe47c2b57d765058f,0x390e256c72e6f14b2e7bec4f09bacbe4521b749f,VeVeRadar,Destroyer76
397845,2026-07-11 02:24:43,2026-07-10,f5caca1e-779f-4235-8622-c763fa92ccb6,COLLECTIBLE_TYPE,11,Donatello - Classic (Special Edition),COMMON,17444444.0,0x30c21c127d0d1d77a47210a6fda194404a94b795,0x3844505d0f1771c26fc669e8b0257314339207eb,joeyyamms,blaaah
399201,2026-07-11 02:45:48,2026-07-10,6b0fddfa-b86a-46c5-a57b-d8b0b9aceb33,COMIC_COVER,8300,Star Wars (1977),COMMON,39999.0,0xdd6d71582a7a2160a20c4ec12376665ba574de02,0xfeb4f097be08f8cc4607f46207c9cccce0251379,RayJos,KcBmw
397277,2026-07-11 03:24:48,2026-07-10,a0c50208-f32c-4e7e-9664-c28555a9f523,COLLECTIBLE_TYPE,547,Yoda,COMMON,220000.0,0xc13ebe19760f507c976a2e17527a534ee8aa3619,0x889c5f1d07cbc5bed5a1f9e3f9341fb3d4e82e62,gonzo686,veve1mama
399330,2026-07-11 03:41:09,2026-07-10,1e49b915-2794-4eb5-bc74-773aa9cdc85c,COLLECTIBLE_TYPE,1917,Doctor Strange,RARE,436000.0,0x8cc99e3359868c42278c900f5de2fa5f57317c7f,0xd854a1ac380a65f5ef33d93bfd0a8b51455610be,CharlieNFT123,Griffin3030
399234,2026-07-11 04:00:41,2026-07-10,7f342f16-83c7-4fa7-93d0-7218c6429617,COLLECTIBLE_TYPE,25,Collectors at Heart - Gold Pressing,ULTRA_RARE,150000.0,0x5cd54bd230829b917781551bd6a3d1f84a0321c9,0x4c50be730b24dbe49f06b4412b697a361627e011,Alfa13,HellaSweet
399011,2026-07-11 04:10:21,2026-07-10,65a5614b-77e4-4759-b52c-e24ed7f4faa9,COLLECTIBLE_TYPE,615,Dangpungdo - Autumn Carp,RARE,22500.0,0x3061998c6436bfd74b1f2d110bce52495d125241,0xe97ee1b2726a59602d87173db883baf016c8f1ac,BigVVLove24,Sfriedl6969
398701,2026-07-11 04:20:15,2026-07-10,f5a393e0-13d2-40a3-8c6f-075709139d24,COLLECTIBLE_TYPE,4130,Daisy Duck,RARE,25555.0,0x46c53c70bb59b14ce82715b0dc7b1a20d9c96b86,0xe97ee1b2726a59602d87173db883baf016c8f1ac,wneon,Sfriedl6969
399315,2026-07-11 04:56:41,2026-07-10,95b86201-ed47-471f-ada2-4e053041379b,COLLECTIBLE_TYPE,442,Partners Statue,ULTRA_RARE,7990000.0,0xa3a3da84b048541f2cc2ef78d35a32bc2f5c3151,0xb6e6911dd6354c65441690c4036a7ddd8accba05,Hanna1212,Bigmurphedm
395873,2026-07-11 05:27:43,2026-07-10,8854d1aa-b535-4a8d-9a7f-1392b8581136,COLLECTIBLE_TYPE,7256,John F. Walker,UNCOMMON,7000.0,0x280ee3759aaae6d53f3fa13aa78bfa63d5d0af66,0xd5b2e98a84300f87cb60e597f4310f0688bf49e8,TheAnonymousGuy,PonylloDigital
393313,2026-07-11 05:35:48,2026-07-10,4b4323d3-9f00-48c6-a7c7-3bd1927b9bdb,COLLECTIBLE_TYPE,432,Headspace Black Bear - Luke Chueh x Munkyking,UNCOMMON,12500.0,0x7c01ea897e1b3ba2d87de33956cda3a0b0333cac,0xd0b67d84cd3b146e843246bab2fdce66927e7485,newiz,gurifying
386126,2026-07-11 07:05:11,2026-07-11,3164f5e3-044d-477d-8022-0a99dead294d,COLLECTIBLE_TYPE,961,Leonardo - Classic,COMMON,45000.0,0x0a55b9038ce2d15969365df8cc0be3ad3897313b,0x6475dc232e2fcf3db2a76930082a0fc5f1e82e9a,Zombi2,
399319,2026-07-11 07:06:16,2026-07-11,68649d9c-b610-4ac0-a07a-f14a1fca6585,COLLECTIBLE_TYPE,1377,Raphael - Classic,COMMON,29990.0,0xc0c03f3a159328a0680ca7026dc949d176f9d2f1,0x6475dc232e2fcf3db2a76930082a0fc5f1e82e9a,AppleCrumble8,
399112,2026-07-11 07:07:12,2026-07-11,37353ee5-47b8-4498-a220-7851c6dd0923,COLLECTIBLE_TYPE,1105,Michelangelo - Classic,COMMON,50000.0,0x5198dbe1a55c10f37a27ca2cad3c246318637d06,0x6475dc232e2fcf3db2a76930082a0fc5f1e82e9a,Josh7291,
398879,2026-07-11 07:07:47,2026-07-11,c00630d3-6aaa-412a-a9d3-ffe68fceba5a,COLLECTIBLE_TYPE,2320,Donatello - Classic,COMMON,27490.0,0xc0c03f3a159328a0680ca7026dc949d176f9d2f1,0x6475dc232e2fcf3db2a76930082a0fc5f1e82e9a,AppleCrumble8,
399303,2026-07-11 07:21:10,2026-07-11,262ca5c3-d806-421d-aa0a-05207e5ea59c,COLLECTIBLE_TYPE,240,Donatello - IncogNinja,ULTRA_RARE,149000.0,0x03ecef97ec7b4523d1b568518a6b6a993ac6d01b,0xb716c2ed610109d9c1487252ca50dc18cd23d41e,InEcomiWeTrust,vibesman
390214,2026-07-11 07:33:18,2026-07-11,9200fc5a-9913-45cd-addf-5c17bdd006b3,COLLECTIBLE_TYPE,10731,Starlight Orb,UNCOMMON,8000.0,0x280ee3759aaae6d53f3fa13aa78bfa63d5d0af66,0x582708280474472378805107ca24f2ba104f8240,TheAnonymousGuy,bananaseed
399293,2026-07-11 08:15:20,2026-07-11,c00630d3-6aaa-412a-a9d3-ffe68fceba5a,COLLECTIBLE_TYPE,864,Donatello - Classic,COMMON,33333.0,0x03ecef97ec7b4523d1b568518a6b6a993ac6d01b,0x1c21f7c0c36c85f6fcbda5b7bd9521583b9c24e9,InEcomiWeTrust,B00G3r
398878,2026-07-11 09:03:14,2026-07-11,c00630d3-6aaa-412a-a9d3-ffe68fceba5a,COLLECTIBLE_TYPE,2750,Donatello - Classic,COMMON,27460.0,0xc0c03f3a159328a0680ca7026dc949d176f9d2f1,0x6d6500b8752a9db7a97584e32dd6cc3d76d93662,AppleCrumble8,ComicBytez
398295,2026-07-11 09:07:46,2026-07-11,e5173e94-6fed-4aa6-8cf9-00ddd687dfff,COMIC_COVER,3529,Star Wars Tales,COMMON,4000.0,0x68aef76582c173ee065504eacde28076b7bbe49e,0x9708d8dbac27faee62d891f65f6958d40196a85e,drve67,CosmicPotato
385030,2026-07-11 09:10:21,2026-07-11,349c3665-5662-4760-8caa-5c321bf287a7,COMIC_COVER,281,Star Wars: The Phantom Menace,COMMON,24000.0,0x7527ecf7ff922b4c74ac5ae6f697343dc3df00d2,0x9708d8dbac27faee62d891f65f6958d40196a85e,iBer,CosmicPotato
369505,2026-07-11 09:11:17,2026-07-11,a9e31860-56f0-4c40-950d-4790b8299b13,COMIC_COVER,608,Star Wars: The Mandalorian,COMMON,30000.0,0x7527ecf7ff922b4c74ac5ae6f697343dc3df00d2,0x9708d8dbac27faee62d891f65f6958d40196a85e,iBer,CosmicPotato
398327,2026-07-11 09:12:17,2026-07-11,54bb9a53-55d8-4c59-ad2b-3843b1250783,COMIC_COVER,8459,Star Wars (1977),COMMON,8000.0,0x68aef76582c173ee065504eacde28076b7bbe49e,0x9708d8dbac27faee62d891f65f6958d40196a85e,drve67,CosmicPotato
383563,2026-07-11 09:16:10,2026-07-11,38240a36-10d1-4653-ba38-61bd524e3ef3,COLLECTIBLE_TYPE,567,Jean Grey - Phoenix,COMMON,129000.0,0xad64552217cc8c683733f0a97db79c26e89cd9c0,0xfa78ba08b5d02b9b4216c380da5b24ef38690349,Akamaru,Sevead
396065,2026-07-11 09:29:19,2026-07-11,1a7caa75-e930-4d8e-8b03-672bf40cfd5f,COLLECTIBLE_TYPE,70,Princess Jasmine,SECRET_RARE,400000.0,0xa0db66cf20ab927fc4e4c47bf1f1148c0a99df92,0x59e9dcf69da63f3f91f50dcfea77d3f9ab885b8c,cocohatesnfts,Goldquest
399482,2026-07-11 09:30:20,2026-07-11,53902cb1-10c4-43a0-ad24-a0ad1cbd1a02,COLLECTIBLE_TYPE,723,Mrs. Incredible,ULTRA_RARE,39000.0,0x6274aa03dfdb044d6c7a80fa7a75e9d7c5ff007d,0xb0736199d1574f811d3502e496205b5dd5493ee3,ottema,Marconline
399016,2026-07-11 09:43:45,2026-07-11,c00630d3-6aaa-412a-a9d3-ffe68fceba5a,COLLECTIBLE_TYPE,840,Donatello - Classic,COMMON,200000.0,0x1a79ade14a342b977062ed1c56b2ab2a1fd38536,0x6fce02f5b9882225e85c1b44212b98e1a1a9ff8b,Dekri,sc0tchy
389962,2026-07-11 09:46:13,2026-07-11,4ffc5640-7bdd-4862-ae02-1d4cc8c004e4,COMIC_COVER,186,Christmas On Bear Mountain,RARE,78600.0,0xe97ee1b2726a59602d87173db883baf016c8f1ac,0x9708d8dbac27faee62d891f65f6958d40196a85e,Sfriedl6969,CosmicPotato
399537,2026-07-11 09:56:43,2026-07-11,c3df7496-e8e7-4507-b80a-5c2b5d996645,COLLECTIBLE_TYPE,6570,#100 Todd McFarlane Batman,COMMON,1600000.0,0x21b832be60d006d84463c7be091c70c9b958fc06,0xb3590ef60176acc6050ae8315aeb626ccf66f050,adigitalfuture,RockyOMI
399530,2026-07-11 09:57:48,2026-07-11,36d4a1e9-2398-4262-ad35-251d5a868865,COLLECTIBLE_TYPE,938,Kingpin,ULTRA_RARE,250000.0,0x89bb3d06134463ab1fb24cbb480b7208f7337492,0x185d7220c3aff7946a4459b4b5ee84fd44585872,spc1204,NFTLATINO
368694,2026-07-11 10:07:13,2026-07-11,79ce1faa-9a1e-4882-a216-f855e2356b95,COMIC_COVER,1125,Retellings,COMMON,17000.0,0x85b4d4ce572f590c8014bd955dce0eb6e7c1d176,0x9708d8dbac27faee62d891f65f6958d40196a85e,BuddhaKing,CosmicPotato
386852,2026-07-11 10:13:49,2026-07-11,60689182-6fd1-469d-aa27-2230c890092d,COMIC_COVER,2209,Retellings,ULTRA_RARE,59000.0,0xa3e8bd1141f4eb460060214e1d460cb0c13ce22b,0x9708d8dbac27faee62d891f65f6958d40196a85e,bkrfc76,CosmicPotato
376911,2026-07-11 10:23:43,2026-07-11,e74fc433-8f2a-4893-897f-4f72dd41c35a,COLLECTIBLE_TYPE,181,Thumper,ULTRA_RARE,400000.0,0xf505e4ea6ee3413968b68126ee230817835a9210,0x59e9dcf69da63f3f91f50dcfea77d3f9ab885b8c,LeBronson,Goldquest
372187,2026-07-11 10:33:40,2026-07-11,57cc6578-d821-4ea1-a709-521905ed5838,COLLECTIBLE_TYPE,3486,Sunflower Grin - Special Mission - Silver,ULTRA_RARE,9999.0,0xa0db66cf20ab927fc4e4c47bf1f1148c0a99df92,0x76d4225b49d775bd0e0c1421092242c79d9838f1,cocohatesnfts,kdurbO
399548,2026-07-11 10:35:17,2026-07-11,a512f767-6f55-42d5-b489-a5dfaf7b0cc3,COLLECTIBLE_TYPE,853,"Lights, Camera, Hijinks!",RARE,15000.0,0x8060aa27215d075768a047b81c55b11347c7d7f7,0xe97ee1b2726a59602d87173db883baf016c8f1ac,0xNFT,Sfriedl6969
398987,2026-07-11 10:44:45,2026-07-11,366c3299-cedd-4e3a-bf06-0b62f36a017a,COMIC_COVER,5821,Sgt. Fury And His Howling Commandos,COMMON,4000.0,0xea7d88f3aaea00162d0626c3c8594ff9b057a6aa,0x933cbb8c0e5a9dc9eb7de009e9b21c93d2340c54,Urgency,Daoudz86
392524,2026-07-11 10:53:47,2026-07-11,cc9837df-83e2-4394-bac5-eda08eb0041e,COLLECTIBLE_TYPE,393,#24 Brian Bolland Penguin,RARE,245000.0,0x0a55b9038ce2d15969365df8cc0be3ad3897313b,0xf24ad7f6e43144a8e5570b285805c45e890d3f82,Zombi2,thesnackman
399459,2026-07-11 11:04:16,2026-07-11,1f4c9bbd-f55c-41b5-b368-b70d940cdb05,COMIC_COVER,13862,Strange Academy,COMMON,3600.0,0x6274aa03dfdb044d6c7a80fa7a75e9d7c5ff007d,0x8f5afc7671c89bb233b93ffb324de7fb0d6ba676,ottema,klimster85
391155,2026-07-11 11:04:22,2026-07-11,1f4c9bbd-f55c-41b5-b368-b70d940cdb05,COMIC_COVER,15093,Strange Academy,COMMON,3700.0,0xafd0dee0ac43ee6a07e0eb265a5bb7800a9c33ab,0x8f5afc7671c89bb233b93ffb324de7fb0d6ba676,zollip74,klimster85
389478,2026-07-11 11:05:26,2026-07-11,1f4c9bbd-f55c-41b5-b368-b70d940cdb05,COMIC_COVER,8123,Strange Academy,COMMON,4500.0,0x966fc334588062ab3eeb1100186e70002ffbf9bf,0x8f5afc7671c89bb233b93ffb324de7fb0d6ba676,Saff,klimster85
398739,2026-07-11 11:18:51,2026-07-11,7693425f-edad-4cd9-900c-075b1e26012c,COMIC_COVER,7781,Journey Into Mystery Vol. 1,COMMON,80000.0,0x5198dbe1a55c10f37a27ca2cad3c246318637d06,0xbac31a1230602fa26c131fed21132d8c7c9a7ec6,Josh7291,wc3nte
399558,2026-07-11 11:35:11,2026-07-11,b3848db8-0178-4ea6-96e5-542c428d28a3,COLLECTIBLE_TYPE,1221,Zinogre - Animated,ULTRA_RARE,200000.0,0xa799d5ec1fb11df36a81574d014bce8fffd29d9b,0x2568e90565681facd3c8ade48ae644b407eaf0f3,Lamouche,Acemargedon
399568,2026-07-11 12:00:20,2026-07-11,6db92658-cab4-4bcf-a57b-0e0f9f6750fb,COLLECTIBLE_TYPE,1221,‍‍Mimban Trooper,COMMON,45000.0,0xa799d5ec1fb11df36a81574d014bce8fffd29d9b,0x2568e90565681facd3c8ade48ae644b407eaf0f3,Lamouche,Acemargedon
399571,2026-07-11 12:02:46,2026-07-11,ab837c48-11e4-4fe9-b99a-0fd17f62e599,COLLECTIBLE_TYPE,1221,Death Trooper - SE-14r Blaster,COMMON,45000.0,0xa799d5ec1fb11df36a81574d014bce8fffd29d9b,0x2568e90565681facd3c8ade48ae644b407eaf0f3,Lamouche,Acemargedon
399574,2026-07-11 12:03:17,2026-07-11,193323d3-79fe-4b42-b144-ef1c227aaca1,COLLECTIBLE_TYPE,1221,Death Trooper - E-11D Blaster Rifle,COMMON,45000.0,0xa799d5ec1fb11df36a81574d014bce8fffd29d9b,0x2568e90565681facd3c8ade48ae644b407eaf0f3,Lamouche,Acemargedon
399575,2026-07-11 12:05:10,2026-07-11,57da1dfd-058b-48db-ab9a-f4fa82eb4db6,COLLECTIBLE_TYPE,1221,Death Trooper Helmet,COMMON,45000.0,0xa799d5ec1fb11df36a81574d014bce8fffd29d9b,0x2568e90565681facd3c8ade48ae644b407eaf0f3,Lamouche,Acemargedon
399580,2026-07-11 12:19:49,2026-07-11,2e87137d-51b3-41ee-93e1-80e0e799d6ba,COLLECTIBLE_TYPE,4151,Spider-Man – Hangin’ Out,UNCOMMON,100000.0,0xcf1d91d133e7f5e1455ffc7d8466cd1a84b11d22,0x5cd54bd230829b917781551bd6a3d1f84a0321c9,Addictivecardboard,Alfa13
392686,2026-07-11 12:22:16,2026-07-11,6958fcc2-1d2d-403c-8791-6465c53ae0eb,COMIC_COVER,796,Ultimate Spider-Man Vol. 1,COMMON,25000.0,0xaaa0cf606933c07774472374422821d161ad8527,0x062b5bf5a84e20c3faf1b5b3baee24c02126fa83,Hutteresque,Syl2620
398918,2026-07-11 12:35:47,2026-07-11,8df33af6-579e-4722-9745-abf30cc070fb,COLLECTIBLE_TYPE,128,Captain Carter  - Action,ULTRA_RARE,40000.0,0x001ba2698c37ec03a8a4f9cae7d31da236bdfab6,0xe97ee1b2726a59602d87173db883baf016c8f1ac,Mufasa914,Sfriedl6969
399549,2026-07-11 12:39:46,2026-07-11,79ce1faa-9a1e-4882-a216-f855e2356b95,COMIC_COVER,1125,Retellings,COMMON,7000.0,0x9708d8dbac27faee62d891f65f6958d40196a85e,0xe97ee1b2726a59602d87173db883baf016c8f1ac,CosmicPotato,Sfriedl6969
373013,2026-07-11 12:49:13,2026-07-11,ba8d9aa8-ef53-4377-85b4-13284259858f,COMIC_COVER,1300,The X-Men Vol. 1,UNCOMMON,15000.0,0xf6d8eff7af1cab91a9337a7327d062a2c61398f9,0x8f5afc7671c89bb233b93ffb324de7fb0d6ba676,Lukady,klimster85
373014,2026-07-11 12:50:50,2026-07-11,ba8d9aa8-ef53-4377-85b4-13284259858f,COMIC_COVER,2261,The X-Men Vol. 1,UNCOMMON,15000.0,0xf6d8eff7af1cab91a9337a7327d062a2c61398f9,0x8f5afc7671c89bb233b93ffb324de7fb0d6ba676,Lukady,klimster85
399599,2026-07-11 13:03:43,2026-07-11,aa07ce2d-aeff-4234-9eeb-78d70f92c429,COLLECTIBLE_TYPE,37,Chun-Li Red,SECRET_RARE,1900000.0,0x10b3951d67f458b93bb9946d60de88262ccc280a,0x6c2d2b14cdf2e55a1ce1c88770a03a086e2c0f20,CaptainCurt,Hazuka
399239,2026-07-11 13:10:12,2026-07-11,a30604ac-4ac1-4f27-93b3-33620eb250f4,COMIC_COVER,35946,The Amazing Spider-Man Vol. 1,COMMON,31500.0,0xdd6d71582a7a2160a20c4ec12376665ba574de02,0xc92e617579e32b59fa1257ea4c6c4f0110b08343,RayJos,cardboardholos
385809,2026-07-11 13:11:44,2026-07-11,a30604ac-4ac1-4f27-93b3-33620eb250f4,COMIC_COVER,39722,The Amazing Spider-Man Vol. 1,COMMON,32500.0,0x0a55b9038ce2d15969365df8cc0be3ad3897313b,0xc92e617579e32b59fa1257ea4c6c4f0110b08343,Zombi2,cardboardholos
385801,2026-07-11 13:12:51,2026-07-11,a30604ac-4ac1-4f27-93b3-33620eb250f4,COMIC_COVER,49518,The Amazing Spider-Man Vol. 1,COMMON,32500.0,0x0a55b9038ce2d15969365df8cc0be3ad3897313b,0xc92e617579e32b59fa1257ea4c6c4f0110b08343,Zombi2,cardboardholos
393934,2026-07-11 13:50:20,2026-07-11,205f1c9a-35f5-4a86-acc6-c968b286398f,COLLECTIBLE_TYPE,325,MYO - Pink,ULTRA_RARE,219999.0,0x2414255a7b9001972bd37de27dea67302bd451f0,0x22f87c47bb34f354f8d434e26e437f3e2946b675,LSully,D0GB0Y
399476,2026-07-11 14:19:19,2026-07-11,2ac51c33-bbae-4ca8-acac-ef1b923a3985,COMIC_COVER,12312,Wolverine Vol. 3,COMMON,5000.0,0x6274aa03dfdb044d6c7a80fa7a75e9d7c5ff007d,0x582be1bcc08c294625e9fde79e31b495e4fe28b9,ottema,Treebranch
399134,2026-07-11 14:21:16,2026-07-11,440badb6-242f-414a-bc86-db6f15f2cc8b,COLLECTIBLE_TYPE,5156,Jake the Dog,UNCOMMON,15555.0,0xdd19b9f1d54942b4885b3ae8de4f0636fdc195ef,0x582be1bcc08c294625e9fde79e31b495e4fe28b9,JRoller216,Treebranch
379355,2026-07-11 14:23:45,2026-07-11,488b4d3e-b76b-447f-a922-c2f33711d93c,COLLECTIBLE_TYPE,2520,Jawa 03,COMMON,11111.0,0xa0db66cf20ab927fc4e4c47bf1f1148c0a99df92,0x3abab0aef2a81b893903161ef9e33273a86a4b0e,cocohatesnfts,masterroni
379357,2026-07-11 14:24:17,2026-07-11,488b4d3e-b76b-447f-a922-c2f33711d93c,COLLECTIBLE_TYPE,1135,Jawa 03,COMMON,11111.0,0xa0db66cf20ab927fc4e4c47bf1f1148c0a99df92,0x3abab0aef2a81b893903161ef9e33273a86a4b0e,cocohatesnfts,masterroni
399382,2026-07-11 14:45:43,2026-07-11,025f3171-042a-4d9c-bff1-b73f62166ba5,COMIC_COVER,3773,The Amazing Spider-Man Vol. 1 - Annual,ULTRA_RARE,35555.0,0x46c53c70bb59b14ce82715b0dc7b1a20d9c96b86,0x7a93ca3c6b8189d2264daef731e49d5d56c1edbc,wneon,nimarama72
378172,2026-07-11 14:56:52,2026-07-11,2130c3b0-6f36-4c74-8f08-b738e4dda147,COLLECTIBLE_TYPE,213,Flying Balloons Girl (Black Edition),ULTRA_RARE,212000.0,0x576673d91b512551f71ce01d6cb30dd4a6a5798c,0xd7793b0c6f37298db12cf18e115f1fa86fc29e26,Akoni,valhalla1702
399644,2026-07-11 15:38:45,2026-07-11,078b614a-f579-4edd-9f31-a50b5b095c1e,COMIC_COVER,1701,Fantastic Four Vol. 1 - Annual,COMMON,11999.0,0xdd6d71582a7a2160a20c4ec12376665ba574de02,0x8f5afc7671c89bb233b93ffb324de7fb0d6ba676,RayJos,klimster85
399812,2026-07-11 16:10:20,2026-07-11,fc2b0d45-fc44-40b7-bf30-7c3ba7ec4c78,COLLECTIBLE_TYPE,87,Peperino,UNCOMMON,60000.0,0x177cd14ff697ac3252d23bfb91bf25ab047a5823,0xa799d5ec1fb11df36a81574d014bce8fffd29d9b,Yonne,Lamouche
399800,2026-07-11 16:11:47,2026-07-11,c7ee25ad-cc35-4124-860b-778d53ad156c,COLLECTIBLE_TYPE,222,Mojo Jojo,RARE,222222.0,0x177cd14ff697ac3252d23bfb91bf25ab047a5823,0xfc6aaa36a8d6ad1850b5c6411f41351c9c93a9dd,Yonne,WizPoLo
395884,2026-07-11 16:21:11,2026-07-11,f5e0f729-c64c-4d77-bdf6-831cc180a9fa,COLLECTIBLE_TYPE,6203,Ikaris,COMMON,6000.0,0x280ee3759aaae6d53f3fa13aa78bfa63d5d0af66,0xab24ca4312541996a45a0e82888e45ec7b34fcb5,TheAnonymousGuy,daXRPcat
390263,2026-07-11 16:23:16,2026-07-11,f5e0f729-c64c-4d77-bdf6-831cc180a9fa,COLLECTIBLE_TYPE,17131,Ikaris,COMMON,7000.0,0xc56a4ec7e6d91fb8485f85818b0438f10a13f6ac,0xab24ca4312541996a45a0e82888e45ec7b34fcb5,mattloonies,daXRPcat
396914,2026-07-11 16:25:09,2026-07-11,872821f8-2814-450d-8287-e870cf137179,COLLECTIBLE_TYPE,2071,Kang 1,RARE,30000.0,0x1feaa2893d2f5f39054085fac42c2ebdb650e808,0xfa78ba08b5d02b9b4216c380da5b24ef38690349,TeXFiles,Sevead
392203,2026-07-11 16:28:12,2026-07-11,a840e47a-0db8-46bd-bffe-c1c5ecb295d3,COLLECTIBLE_TYPE,5202,Zombie Captain America #1,COMMON,7500.0,0x0a55b9038ce2d15969365df8cc0be3ad3897313b,0xab24ca4312541996a45a0e82888e45ec7b34fcb5,Zombi2,daXRPcat
392206,2026-07-11 16:29:47,2026-07-11,a840e47a-0db8-46bd-bffe-c1c5ecb295d3,COLLECTIBLE_TYPE,4702,Zombie Captain America #1,COMMON,7500.0,0x0a55b9038ce2d15969365df8cc0be3ad3897313b,0xab24ca4312541996a45a0e82888e45ec7b34fcb5,Zombi2,daXRPcat
392205,2026-07-11 16:33:15,2026-07-11,a840e47a-0db8-46bd-bffe-c1c5ecb295d3,COLLECTIBLE_TYPE,4809,Zombie Captain America #1,COMMON,7500.0,0x0a55b9038ce2d15969365df8cc0be3ad3897313b,0xab24ca4312541996a45a0e82888e45ec7b34fcb5,Zombi2,daXRPcat
392199,2026-07-11 16:34:14,2026-07-11,a840e47a-0db8-46bd-bffe-c1c5ecb295d3,COLLECTIBLE_TYPE,5482,Zombie Captain America #1,COMMON,7500.0,0x0a55b9038ce2d15969365df8cc0be3ad3897313b,0xab24ca4312541996a45a0e82888e45ec7b34fcb5,Zombi2,daXRPcat
392201,2026-07-11 16:35:17,2026-07-11,a840e47a-0db8-46bd-bffe-c1c5ecb295d3,COLLECTIBLE_TYPE,5249,Zombie Captain America #1,COMMON,7500.0,0x0a55b9038ce2d15969365df8cc0be3ad3897313b,0xab24ca4312541996a45a0e82888e45ec7b34fcb5,Zombi2,daXRPcat
392990,2026-07-11 16:40:09,2026-07-11,488697cf-fc29-478a-807b-99795f740790,COLLECTIBLE_TYPE,11611,Bucky Barnes,RARE,29999.0,0x46c53c70bb59b14ce82715b0dc7b1a20d9c96b86,0xab24ca4312541996a45a0e82888e45ec7b34fcb5,wneon,daXRPcat
399763,2026-07-11 16:42:41,2026-07-11,8854d1aa-b535-4a8d-9a7f-1392b8581136,COLLECTIBLE_TYPE,5198,John F. Walker,UNCOMMON,7500.0,0x280ee3759aaae6d53f3fa13aa78bfa63d5d0af66,0xab24ca4312541996a45a0e82888e45ec7b34fcb5,TheAnonymousGuy,daXRPcat
394240,2026-07-11 16:44:20,2026-07-11,8854d1aa-b535-4a8d-9a7f-1392b8581136,COLLECTIBLE_TYPE,3540,John F. Walker,UNCOMMON,8000.0,0xf8f66e612764d0efaf002bbc6646cd538b0afbaa,0xab24ca4312541996a45a0e82888e45ec7b34fcb5,minotaar69,daXRPcat
396428,2026-07-11 16:50:13,2026-07-11,86a1c74b-4fff-4729-9cf9-57d92f29e053,COLLECTIBLE_TYPE,23277,Steve Rogers,COMMON,14888.0,0x1599f053c0af3ee139e8136ef474ea557eea3107,0xab24ca4312541996a45a0e82888e45ec7b34fcb5,brenis28,daXRPcat
396329,2026-07-11 16:50:46,2026-07-11,86a1c74b-4fff-4729-9cf9-57d92f29e053,COLLECTIBLE_TYPE,15153,Steve Rogers,COMMON,14999.0,0xde8cafd60937b3164f4c3e5435e12487c37a8431,0xab24ca4312541996a45a0e82888e45ec7b34fcb5,jsbwrs,daXRPcat
396330,2026-07-11 16:51:47,2026-07-11,86a1c74b-4fff-4729-9cf9-57d92f29e053,COLLECTIBLE_TYPE,15602,Steve Rogers,COMMON,14999.0,0xde8cafd60937b3164f4c3e5435e12487c37a8431,0xab24ca4312541996a45a0e82888e45ec7b34fcb5,jsbwrs,daXRPcat
397409,2026-07-11 16:56:44,2026-07-11,37353ee5-47b8-4498-a220-7851c6dd0923,COLLECTIBLE_TYPE,1731,Michelangelo - Classic,COMMON,58888.0,0x1599f053c0af3ee139e8136ef474ea557eea3107,0x6475dc232e2fcf3db2a76930082a0fc5f1e82e9a,brenis28,
398056,2026-07-11 16:57:16,2026-07-11,68649d9c-b610-4ac0-a07a-f14a1fca6585,COLLECTIBLE_TYPE,1488,Raphael - Classic,COMMON,30000.0,0xeaae55f602d74c8dbb1b373b06e5eed3d957148a,0x6475dc232e2fcf3db2a76930082a0fc5f1e82e9a,Robcookz,
398052,2026-07-11 16:58:42,2026-07-11,c00630d3-6aaa-412a-a9d3-ffe68fceba5a,COLLECTIBLE_TYPE,2124,Donatello - Classic,COMMON,30000.0,0xeaae55f602d74c8dbb1b373b06e5eed3d957148a,0x6475dc232e2fcf3db2a76930082a0fc5f1e82e9a,Robcookz,
399891,2026-07-11 17:08:13,2026-07-11,f5caca1e-779f-4235-8622-c763fa92ccb6,COLLECTIBLE_TYPE,32,Donatello - Classic (Special Edition),COMMON,2469999.0,0xad64552217cc8c683733f0a97db79c26e89cd9c0,0xe308079e0862065ac75ae105cb572b4d93820317,Akamaru,kbtwo3
399919,2026-07-11 17:25:43,2026-07-11,877dfb81-f781-44c8-a1ce-8d585164cd26,COLLECTIBLE_TYPE,235,Yoda - One With The Force,SECRET_RARE,4200000.0,0xa535f7a9f30226715b5f7029244d9c61d6a410b6,0x10d7e0933bc32c9f9a4ef09409d4561c3af3a0c0,MrHulk181,Rickard
399925,2026-07-11 17:27:42,2026-07-11,66bf871d-a8d4-474e-a0f2-b1ceb28c7b94,COLLECTIBLE_TYPE,1432,Millennium Falcon,COMMON,450000.0,0xa535f7a9f30226715b5f7029244d9c61d6a410b6,0x319a31606b67e323621aef8dd5235a4955bec018,MrHulk181,Mushroomcarp
399808,2026-07-11 17:30:47,2026-07-11,44f34b03-80c8-4962-b24d-caf00dd052d0,COLLECTIBLE_TYPE,1494,PRIDE: Givenchy Beauty,RARE,470000.0,0x177cd14ff697ac3252d23bfb91bf25ab047a5823,0x319a31606b67e323621aef8dd5235a4955bec018,Yonne,Mushroomcarp
399587,2026-07-11 18:05:15,2026-07-11,a64c22fa-268e-4153-b31f-2b93d8c877eb,COLLECTIBLE_TYPE,8289,1:1 DeLorean Time Machine - Static,RARE,35000.0,0xcf1d91d133e7f5e1455ffc7d8466cd1a84b11d22,0x582be1bcc08c294625e9fde79e31b495e4fe28b9,Addictivecardboard,Treebranch
399968,2026-07-11 18:14:16,2026-07-11,caa42fb7-4e75-4b87-8936-af0b5239b0ce,COMIC_COVER,683,Captain America Comics,SECRET_RARE,1000000.0,0xf8f66e612764d0efaf002bbc6646cd538b0afbaa,0xfa9d8a97059e3277ed7818e49b03a030b25ffb1f,minotaar69,MrSquibs
399970,2026-07-11 18:15:11,2026-07-11,caa42fb7-4e75-4b87-8936-af0b5239b0ce,COMIC_COVER,525,Captain America Comics,SECRET_RARE,1000000.0,0xf8f66e612764d0efaf002bbc6646cd538b0afbaa,0xfa9d8a97059e3277ed7818e49b03a030b25ffb1f,minotaar69,MrSquibs
399983,2026-07-11 18:37:43,2026-07-11,95b86201-ed47-471f-ada2-4e053041379b,COLLECTIBLE_TYPE,1680,Partners Statue,ULTRA_RARE,6230000.0,0x334ee32935a4a3dfb92702401e42a2da2279ff58,0x89bb3d06134463ab1fb24cbb480b7208f7337492,BigOz,spc1204
390948,2026-07-11 18:52:15,2026-07-11,478d47ad-3be8-444e-ad77-6974c758e38b,COMIC_COVER,2713,Star Wars Villains: Darth Maul,COMMON,4900.0,0x0d1509b026d680caed17764fae38e870460b7acc,0x9708d8dbac27faee62d891f65f6958d40196a85e,TopDog,CosmicPotato
397975,2026-07-11 18:53:11,2026-07-11,6b0fddfa-b86a-46c5-a57b-d8b0b9aceb33,COMIC_COVER,942,Star Wars (1977),COMMON,175000.0,0xba2078397436ae14dbd7644251412c765e496ca2,0x185d7220c3aff7946a4459b4b5ee84fd44585872,GlazedGOAT,NFTLATINO
389471,2026-07-11 18:55:42,2026-07-11,2db05d0a-2fcf-481c-9752-9737bb3ec9cf,COLLECTIBLE_TYPE,628,#01 Eduardo Risso Batman - Blue & Yellow Variant,SECRET_RARE,500000.0,0xe9e02ca01d542786bf775790da3459ce2c23a437,0xeb91205aad43ba308ec527ca4c6fe878fb88e65a,GlobotechNFT,debull911
399880,2026-07-11 18:56:10,2026-07-11,21c393c9-47dc-4d6e-b006-5896b72070d0,COMIC_COVER,9808,The Amazing Spider-Man Vol. 1,COMMON,6500.0,0xafd0dee0ac43ee6a07e0eb265a5bb7800a9c33ab,0xbf076dc721c6dc138db8b6842466f39066cb9133,zollip74,Roligoal
399879,2026-07-11 18:56:15,2026-07-11,21c393c9-47dc-4d6e-b006-5896b72070d0,COMIC_COVER,5996,The Amazing Spider-Man Vol. 1,COMMON,6500.0,0xafd0dee0ac43ee6a07e0eb265a5bb7800a9c33ab,0xbf076dc721c6dc138db8b6842466f39066cb9133,zollip74,Roligoal
399878,2026-07-11 18:56:52,2026-07-11,21c393c9-47dc-4d6e-b006-5896b72070d0,COMIC_COVER,4423,The Amazing Spider-Man Vol. 1,COMMON,6500.0,0xafd0dee0ac43ee6a07e0eb265a5bb7800a9c33ab,0xbf076dc721c6dc138db8b6842466f39066cb9133,zollip74,Roligoal
389247,2026-07-11 19:34:07,2026-07-11,56d2d22e-e2c9-4e5f-8c5c-ed8b14fdf0df,COMIC_COVER,313,Fantastic Four Vol. 1,COMMON,50000.0,0x7527ecf7ff922b4c74ac5ae6f697343dc3df00d2,0x24bcb75a005b327759ec651d455d8d6a60970dde,iBer,MattskiSTL
385458,2026-07-11 19:36:11,2026-07-11,64cf903a-bdb0-4bcd-8d1d-f18f362afecd,COLLECTIBLE_TYPE,1522,Darth Vader Samurai - Eyes of the Empire,COMMON,135000.0,0x7e12f425e754e16591e13c25b681aeae066c0619,0x9708d8dbac27faee62d891f65f6958d40196a85e,BitcoinSats,CosmicPotato
386850,2026-07-11 19:40:42,2026-07-11,5577bb8c-1e49-49b2-a1bc-da7e6d82eceb,COMIC_COVER,2548,Captain America Vol. 6,ULTRA_RARE,57000.0,0xa3e8bd1141f4eb460060214e1d460cb0c13ce22b,0x24bcb75a005b327759ec651d455d8d6a60970dde,bkrfc76,MattskiSTL
399555,2026-07-11 19:41:20,2026-07-11,313db527-a94f-410c-af18-03b774481ff4,COMIC_COVER,4404,The Incredible Hulk Vol. 1,ULTRA_RARE,333333.0,0xf8f66e612764d0efaf002bbc6646cd538b0afbaa,0x24bcb75a005b327759ec651d455d8d6a60970dde,minotaar69,MattskiSTL
399609,2026-07-11 20:06:47,2026-07-11,62cf5e24-1fea-432c-aec0-a0c4a71bed9b,COLLECTIBLE_TYPE,215,Phastos,COMMON,20000.0,0x1a79ade14a342b977062ed1c56b2ab2a1fd38536,0xab24ca4312541996a45a0e82888e45ec7b34fcb5,Dekri,daXRPcat
391223,2026-07-11 20:09:08,2026-07-11,ccdd8c55-44c4-4c6a-b10b-da80ad5bd733,COMIC_COVER,953,Fantastic Four Vol. 1,COMMON,40000.0,0x7527ecf7ff922b4c74ac5ae6f697343dc3df00d2,0x63863f41761bd51ea5b825c752d7219a9edf5107,iBer,SleepynComics
382484,2026-07-11 20:10:15,2026-07-11,d3592ec1-a359-49e6-b883-765fd98b4d03,COMIC_COVER,699,Fantastic Four Vol. 1,COMMON,36000.0,0x7527ecf7ff922b4c74ac5ae6f697343dc3df00d2,0x63863f41761bd51ea5b825c752d7219a9edf5107,iBer,SleepynComics
380384,2026-07-11 20:39:15,2026-07-11,39c4b021-c6e7-479d-ab1d-8de90749d729,COLLECTIBLE_TYPE,1401,DJ Big Bot - Rust,COMMON,10000.0,0x5cd54bd230829b917781551bd6a3d1f84a0321c9,0xa4772fea724a01a22f1914788a1e4556c7d74599,Alfa13,Fairyman
387187,2026-07-11 20:41:41,2026-07-11,9f87e40a-7c24-41b8-bfef-449010476738,COLLECTIBLE_TYPE,86,Secret Santa,RARE,40000.0,0xdf857ea830d5294c42a1b1845c81f83834fc046c,0xa4772fea724a01a22f1914788a1e4556c7d74599,Chechyhoney,Fairyman
379650,2026-07-11 20:43:45,2026-07-11,5afd3b4c-4249-4701-b4aa-cd492d804f82,COLLECTIBLE_TYPE,1824,Santa and His Reindeer,RARE,11111.0,0xa0db66cf20ab927fc4e4c47bf1f1148c0a99df92,0xa4772fea724a01a22f1914788a1e4556c7d74599,cocohatesnfts,Fairyman
372188,2026-07-11 20:44:17,2026-07-11,bd16e6f6-1138-4083-8c0f-8e312c3c9450,COLLECTIBLE_TYPE,2848,Santa Comes Down the Chimney,ULTRA_RARE,13000.0,0xa0db66cf20ab927fc4e4c47bf1f1148c0a99df92,0xa4772fea724a01a22f1914788a1e4556c7d74599,cocohatesnfts,Fairyman
383448,2026-07-11 20:48:44,2026-07-11,0764efd5-2967-4f8e-89c5-e5839123f198,COLLECTIBLE_TYPE,943,Chewbacca And Family Wish You a Happy Holiday,ULTRA_RARE,80000.0,0xf90e36efb6b1d211aba29d91552efb3e685e7a17,0xa4772fea724a01a22f1914788a1e4556c7d74599,CruizinTunes,Fairyman
371545,2026-07-11 20:55:12,2026-07-11,08ff2277-5ae8-428c-80c1-4cb8df9d6622,COLLECTIBLE_TYPE,1090,Velkhana - Animated,ULTRA_RARE,87999.0,0xe43c144261d2bca77009a648a50f26b71eb4c4c0,0xa4772fea724a01a22f1914788a1e4556c7d74599,Titi20,Fairyman
400065,2026-07-11 21:01:12,2026-07-11,6e0cf5d2-44a6-44fe-a40e-a8ac8ff487e5,COMIC_COVER,5418,Tales of Suspense Vol. 1,SECRET_RARE,4300000.0,0x92f184f8f7a44d781529554ea862888f1b8a3396,0xfa9d8a97059e3277ed7818e49b03a030b25ffb1f,Coolmoe1,MrSquibs
399963,2026-07-11 21:01:41,2026-07-11,3e721ba5-054c-4913-8a2a-e4c09183262c,COLLECTIBLE_TYPE,26,Basim - Hidden One,RARE,2687567.0,0xad64552217cc8c683733f0a97db79c26e89cd9c0,0x6fce02f5b9882225e85c1b44212b98e1a1a9ff8b,Akamaru,sc0tchy
380737,2026-07-11 21:14:10,2026-07-11,9dd62a73-b50a-4b56-9fb7-89cd756ca9da,COMIC_COVER,34152,The Amazing Spider-Man Vol. 1,COMMON,9450.0,0xabe792cf5973efa49817074531bae1833455a144,0xbb39c89a39782cc3e5775f2c843ce4270b7f8f59,Mixtress,UP418
399821,2026-07-11 21:15:11,2026-07-11,da4f0ab8-00be-498e-8784-bde7d0d105e2,COLLECTIBLE_TYPE,5446,#56 Bruce Timm Harley Quinn,COMMON,130000.0,0x177cd14ff697ac3252d23bfb91bf25ab047a5823,0xdd6d71582a7a2160a20c4ec12376665ba574de02,Yonne,RayJos
400047,2026-07-11 21:24:10,2026-07-11,c1cb0b38-fcf4-4b99-8ee1-65770fb96151,COMIC_COVER,309,Fantastic Four Vol. 1,SECRET_RARE,2000000.0,0x51acdc6f01c33219a1580bcd965b9b390cbe6454,0xabcef822172b002985687014d8c0205c1089d66a,glennnncoco,Bebebabelula
398716,2026-07-11 21:27:18,2026-07-11,c00630d3-6aaa-412a-a9d3-ffe68fceba5a,COLLECTIBLE_TYPE,1986,Donatello - Classic,COMMON,800000.0,0x1feaa2893d2f5f39054085fac42c2ebdb650e808,0xa4772fea724a01a22f1914788a1e4556c7d74599,TeXFiles,Fairyman
398316,2026-07-11 21:43:11,2026-07-11,2c15071d-6402-4774-952d-f5673767060f,COMIC_COVER,6061,Savage She-Hulk,COMMON,3000.0,0x68aef76582c173ee065504eacde28076b7bbe49e,0x8366be1ab47df31edd83296534e086cc4062a797,drve67,11VeVeLasVegas11
399767,2026-07-11 21:44:41,2026-07-11,2794ef40-2f15-422b-b71f-9f17becccf5c,COMIC_COVER,847,The Incredible Hulk Vol. 1,COMMON,149999.0,0xdd6d71582a7a2160a20c4ec12376665ba574de02,0x16af3889f5e3ef853d1e0e65a124764a1560f78a,RayJos,Nightrider
397305,2026-07-11 22:16:13,2026-07-11,7598d35a-beb1-432d-bef6-a204eb526d44,COLLECTIBLE_TYPE,938,Fix-It Felix,RARE,25555.0,0x46c53c70bb59b14ce82715b0dc7b1a20d9c96b86,0x4894c0a1d76453eaf78dc8259e409c22ff090919,wneon,cryptohogg
390998,2026-07-11 22:36:11,2026-07-11,68471a8a-ac03-4f86-b203-dffaab2d81e3,COMIC_COVER,6149,X-Men Vol. 5,UNCOMMON,3900.0,0x0d1509b026d680caed17764fae38e870460b7acc,0xfa78ba08b5d02b9b4216c380da5b24ef38690349,TopDog,Sevead
390999,2026-07-11 22:36:42,2026-07-11,68471a8a-ac03-4f86-b203-dffaab2d81e3,COMIC_COVER,3804,X-Men Vol. 5,UNCOMMON,3900.0,0x0d1509b026d680caed17764fae38e870460b7acc,0xfa78ba08b5d02b9b4216c380da5b24ef38690349,TopDog,Sevead
379282,2026-07-11 22:37:41,2026-07-11,bf0a3bcd-c5ed-40db-b83c-d1f694c0aebb,COMIC_COVER,4035,"Peter Parker, The Spectacular Spider-Man",UNCOMMON,5000.0,0xc74b310a8e67f8a3561ebf9e4b5676203446817e,0xfa78ba08b5d02b9b4216c380da5b24ef38690349,Noxie,Sevead
365901,2026-07-11 22:57:47,2026-07-11,2c6899fc-abc0-4e55-a826-0dcdb62d646a,COMIC_COVER,1677,Avengers,UNCOMMON,11000.0,0x89bb3d06134463ab1fb24cbb480b7208f7337492,0x8f5afc7671c89bb233b93ffb324de7fb0d6ba676,spc1204,klimster85
399272,2026-07-11 23:28:20,2026-07-11,98ccff78-6042-42d7-849b-dbb09f3ad944,COLLECTIBLE_TYPE,787,Ken,COMMON,435000.0,0xa535f7a9f30226715b5f7029244d9c61d6a410b6,0x3af06941df42ed70ee7e4444d36b9711dcd022fb,MrHulk181,IgoreAve
400127,2026-07-11 23:47:14,2026-07-11,8e553d98-d05f-4856-acec-8696b33e11f9,COMIC_COVER,180,Captain America Comics,UNCOMMON,70000.0,0xd0b67d84cd3b146e843246bab2fdce66927e7485,0x334ee32935a4a3dfb92702401e42a2da2279ff58,gurifying,BigOz
382568,2026-07-11 23:56:47,2026-07-11,b6f29798-c0ff-4bd8-96fc-a5f8b9b621ae,COLLECTIBLE_TYPE,736,Flerkitten 3,RARE,25000.0,0xa0db66cf20ab927fc4e4c47bf1f1148c0a99df92,0x2568e90565681facd3c8ade48ae644b407eaf0f3,cocohatesnfts,Acemargedon
400080,2026-07-11 23:59:15,2026-07-11,2a293f70-73ed-4c93-8095-ae0341f912a4,COLLECTIBLE_TYPE,215,Goofy,SECRET_RARE,999999.0,0xcc42c464f1d43b77fb9e277f997e6f12755c1135,0x6d6500b8752a9db7a97584e32dd6cc3d76d93662,ZeppAlin,ComicBytez
397568,2026-07-12 00:45:19,2026-07-11,00bb28bd-a5fb-4fc3-8e9f-e3b8db8ed8b1,COMIC_COVER,17843,Fallen Son: The Death of Captain America,SECRET_RARE,90000.0,0x829d3e9e30e170436c2547196ac179092b6e7b34,0x0b3df6e39f7d4d7899ae8a1ab999bf2da3eb0a55,BACKDOORKICK,RichardPrins
389687,2026-07-12 00:46:13,2026-07-11,69aa8eb1-0cd0-4a6f-8ee5-d06bd3eac21f,COLLECTIBLE_TYPE,376,Miura - Bianco Polo Park,RARE,115000.0,0x65430cae8eca80b2549242f945f0a92ceb85fe32,0xe9e87d40e3813af3b7bab937f2879f6a3b3fb544,maiigo,TheJokerIII
383664,2026-07-12 00:49:15,2026-07-11,3e76a505-7b97-498b-81cd-8d0edec83594,COMIC_COVER,17463,Fallen Son: The Death of Captain America,UNCOMMON,6000.0,0x280ee3759aaae6d53f3fa13aa78bfa63d5d0af66,0x0b3df6e39f7d4d7899ae8a1ab999bf2da3eb0a55,TheAnonymousGuy,RichardPrins
396039,2026-07-12 01:01:18,2026-07-11,0f904d35-3c3e-46c2-a0ce-8577055da7b3,COMIC_COVER,1814,Young Avengers,SECRET_RARE,140000.0,0x966fc334588062ab3eeb1100186e70002ffbf9bf,0x0b3df6e39f7d4d7899ae8a1ab999bf2da3eb0a55,Saff,RichardPrins
396503,2026-07-12 01:02:13,2026-07-11,99854e7d-99ac-4c5f-8a4e-2859dcb9224b,COMIC_COVER,7997,Young Avengers,UNCOMMON,12284.0,0xba342d956059a58c6310453257030eb305e82c6d,0x0b3df6e39f7d4d7899ae8a1ab999bf2da3eb0a55,omahasethike,RichardPrins
389042,2026-07-12 01:04:16,2026-07-11,2993c02c-2b94-474f-ae2f-35aca7a9ffec,COMIC_COVER,28119,Young Avengers,COMMON,5000.0,0x966fc334588062ab3eeb1100186e70002ffbf9bf,0x0b3df6e39f7d4d7899ae8a1ab999bf2da3eb0a55,Saff,RichardPrins
392107,2026-07-12 01:10:41,2026-07-11,cd610d2e-dd02-44af-9809-f13df08fe04a,COLLECTIBLE_TYPE,306,Bert & Ernie,ULTRA_RARE,200000.0,0xd3c90f4e9c3886ae603acae4a2b0fa900593f1c4,0x1ec054f3f424f39c0933d056f585a9d42189d4d8,montrealactor,Maschi
399871,2026-07-12 01:22:47,2026-07-11,262ca5c3-d806-421d-aa0a-05207e5ea59c,COLLECTIBLE_TYPE,399,Donatello - IncogNinja,ULTRA_RARE,122222.0,0x6dbba676529d265bcc53ea2540447e9acc351059,0xaedfab097f21f40deaeab7b7ccaa3a7fc120de9c,justin187,comical1
390076,2026-07-12 01:24:08,2026-07-11,4e358881-d6e6-41a0-ad3c-8b3021128af0,COLLECTIBLE_TYPE,280,Luke Skywalker: Jedi,ULTRA_RARE,349500.0,0xe43c144261d2bca77009a648a50f26b71eb4c4c0,0x9f99e9086a65e5287376de58c248c767b88bc115,Titi20,PetarFX
399626,2026-07-12 01:24:49,2026-07-11,1969839e-04bc-4433-801f-3a2007e410f4,COLLECTIBLE_TYPE,656,You'll find that I’m full of surprises,RARE,100000.0,0x1a79ade14a342b977062ed1c56b2ab2a1fd38536,0x9f99e9086a65e5287376de58c248c767b88bc115,Dekri,PetarFX
399657,2026-07-12 01:25:17,2026-07-11,a9e31860-56f0-4c40-950d-4790b8299b13,COMIC_COVER,622,Star Wars: The Mandalorian,COMMON,30000.0,0x7527ecf7ff922b4c74ac5ae6f697343dc3df00d2,0x9f99e9086a65e5287376de58c248c767b88bc115,iBer,PetarFX
390336,2026-07-12 01:28:18,2026-07-11,dbf7083a-bb7c-45e4-bfa1-87611a3a4cc1,COMIC_COVER,149,Ben 10,COMMON,14000.0,0x7527ecf7ff922b4c74ac5ae6f697343dc3df00d2,0x9f99e9086a65e5287376de58c248c767b88bc115,iBer,PetarFX
389230,2026-07-12 01:28:36,2026-07-11,c018bce1-21d0-426a-a575-2401ac249a54,COMIC_COVER,727,It's Jeff: Jeff-Verse,COMMON,28000.0,0x7527ecf7ff922b4c74ac5ae6f697343dc3df00d2,0x9f99e9086a65e5287376de58c248c767b88bc115,iBer,PetarFX
368584,2026-07-12 01:47:15,2026-07-11,bae065cc-84f3-43a8-b9b3-27e6776b9274,COLLECTIBLE_TYPE,1004,Death Trooper - DLT-19D Heavy Blaster Rifle,COMMON,9900.0,0xcba2f75208f2cedea08dc25ba7e4b218c1bd0bc4,0x0af2d56de97e943da27bba50356650836f93d1cf,jintokil,hliasolympiakos
399026,2026-07-12 01:47:24,2026-07-11,305c5cde-ab8e-4d48-9d20-151a84e48725,COLLECTIBLE_TYPE,424,Sagunja - The Four Gracious Plants,RARE,21111.0,0x3061998c6436bfd74b1f2d110bce52495d125241,0x431a7e8f91f89ccd52936337338a6b499333b384,BigVVLove24,GG282
399027,2026-07-12 01:47:40,2026-07-11,305c5cde-ab8e-4d48-9d20-151a84e48725,COLLECTIBLE_TYPE,226,Sagunja - The Four Gracious Plants,RARE,21111.0,0x3061998c6436bfd74b1f2d110bce52495d125241,0x431a7e8f91f89ccd52936337338a6b499333b384,BigVVLove24,GG282
399028,2026-07-12 01:48:19,2026-07-11,305c5cde-ab8e-4d48-9d20-151a84e48725,COLLECTIBLE_TYPE,109,Sagunja - The Four Gracious Plants,RARE,22222.0,0x3061998c6436bfd74b1f2d110bce52495d125241,0x431a7e8f91f89ccd52936337338a6b499333b384,BigVVLove24,GG282
399491,2026-07-12 01:49:14,2026-07-11,65a5614b-77e4-4759-b52c-e24ed7f4faa9,COLLECTIBLE_TYPE,625,Dangpungdo - Autumn Carp,RARE,22500.0,0x3061998c6436bfd74b1f2d110bce52495d125241,0x431a7e8f91f89ccd52936337338a6b499333b384,BigVVLove24,GG282
386510,2026-07-12 01:49:43,2026-07-11,d0b2f4f9-b7e3-445c-9fa5-3c5750564912,COLLECTIBLE_TYPE,1588,1840 Two Penny Blue RJ,COMMON,6000.0,0xad64552217cc8c683733f0a97db79c26e89cd9c0,0x0af2d56de97e943da27bba50356650836f93d1cf,Akamaru,hliasolympiakos
393173,2026-07-12 02:03:45,2026-07-11,5edf2573-2b03-49a1-8732-c341a635e7c3,COMIC_COVER,989,Fantastic Four Vol. 1,COMMON,32000.0,0x7527ecf7ff922b4c74ac5ae6f697343dc3df00d2,0x9f99e9086a65e5287376de58c248c767b88bc115,iBer,PetarFX
386706,2026-07-12 02:26:45,2026-07-11,45377e33-3dc9-4ea9-bc54-66d97d3260bd,COMIC_COVER,584,Marvel & Disney: What If…?,COMMON,15840.0,0xe97ee1b2726a59602d87173db883baf016c8f1ac,0x9f99e9086a65e5287376de58c248c767b88bc115,Sfriedl6969,PetarFX
368298,2026-07-12 02:35:43,2026-07-11,60689182-6fd1-469d-aa27-2230c890092d,COMIC_COVER,4540,Retellings,ULTRA_RARE,60000.0,0x2b3c583a63acf0a23a563a155c496b20efc7afa2,0x9f99e9086a65e5287376de58c248c767b88bc115,inthebox77,PetarFX
376384,2026-07-12 02:39:14,2026-07-11,97a369cd-f9db-45b3-aedb-87aaf31a64e4,COLLECTIBLE_TYPE,840,Lightning McQueen Base,RARE,40000.0,0xa0db66cf20ab927fc4e4c47bf1f1148c0a99df92,0xad64552217cc8c683733f0a97db79c26e89cd9c0,cocohatesnfts,Akamaru
400244,2026-07-12 03:03:17,2026-07-11,5edf2573-2b03-49a1-8732-c341a635e7c3,COMIC_COVER,630,Fantastic Four Vol. 1,COMMON,32000.0,0x7527ecf7ff922b4c74ac5ae6f697343dc3df00d2,0x9f99e9086a65e5287376de58c248c767b88bc115,iBer,PetarFX
400190,2026-07-12 03:03:40,2026-07-11,d013f2b2-b1f8-40fa-a38d-95b152cb4373,COLLECTIBLE_TYPE,363,Gold Noggles,SECRET_RARE,63600.0,0xd0b67d84cd3b146e843246bab2fdce66927e7485,0xad64552217cc8c683733f0a97db79c26e89cd9c0,gurifying,Akamaru
390630,2026-07-12 03:14:09,2026-07-11,06137121-cc15-4b85-b69d-346b97d20337,COLLECTIBLE_TYPE,796,Maserati MC12 - Pantone Orange,RARE,188000.0,0x7c01ea897e1b3ba2d87de33956cda3a0b0333cac,0xad64552217cc8c683733f0a97db79c26e89cd9c0,newiz,Akamaru
400248,2026-07-12 03:15:41,2026-07-11,606b52d3-4562-4e3f-b217-e1b60efd6f7d,COLLECTIBLE_TYPE,1466,Chip n’ Dale,ULTRA_RARE,135000.0,0xfc140688ee0f2420acadd9b39fb69f98b7a86417,0x61fd1e45301128b1fe85b2b6a2709533dabd95b3,packer,Metakoi
371071,2026-07-12 04:16:39,2026-07-11,6dc198af-76a7-48dd-9223-ee0df220580a,COMIC_COVER,236,Venom Vol. 5,ULTRA_RARE,90000.0,0x4927368bd7bf769c51f7ae7b6eee90f0866738ff,0x823b80dbaeccf2cfa43e6127bffb057c12828eb6,Audothrone,Granolawarfare
400184,2026-07-12 04:42:13,2026-07-11,2e8f2a97-74d9-4e3a-8034-dbb3b0ea381d,COMIC_COVER,565,The Avengers Vol. 9,RARE,50000.0,0x829d3e9e30e170436c2547196ac179092b6e7b34,0x8f5afc7671c89bb233b93ffb324de7fb0d6ba676,BACKDOORKICK,klimster85
400049,2026-07-12 05:45:12,2026-07-11,77d2507f-59be-45c7-a8fa-28962e60e432,COMIC_COVER,5110,Fantastic Four Vol. 1,SECRET_RARE,1000000.0,0x51acdc6f01c33219a1580bcd965b9b390cbe6454,0xfa9d8a97059e3277ed7818e49b03a030b25ffb1f,glennnncoco,MrSquibs
400173,2026-07-12 05:56:38,2026-07-11,ffa21c53-afa0-461b-9149-edbb302ce9d1,COMIC_COVER,4071,Old Man Logan,RARE,65000.0,0x829d3e9e30e170436c2547196ac179092b6e7b34,0xd9303df30db28702a71be18fc2713a9d4c57739e,BACKDOORKICK,XPert44
400274,2026-07-12 05:58:16,2026-07-11,6c0ee03d-22fb-4223-8aef-990bae789c2c,COMIC_COVER,983,Ultimate X-Men Vol. 2,SECRET_RARE,150000.0,0x829d3e9e30e170436c2547196ac179092b6e7b34,0xd9303df30db28702a71be18fc2713a9d4c57739e,BACKDOORKICK,XPert44
398083,2026-07-12 05:58:49,2026-07-11,708d3c42-31de-4962-b8d4-00b0ae5e7c7b,COMIC_COVER,385,Punisher Vol. 15,ULTRA_RARE,49000.0,0x829d3e9e30e170436c2547196ac179092b6e7b34,0xd9303df30db28702a71be18fc2713a9d4c57739e,BACKDOORKICK,XPert44
400180,2026-07-12 05:59:47,2026-07-11,864dfa40-4d9f-4179-b8d9-c16ea12c1a86,COMIC_COVER,3675,The Avengers Vol. 8,RARE,30000.0,0x829d3e9e30e170436c2547196ac179092b6e7b34,0xd9303df30db28702a71be18fc2713a9d4c57739e,BACKDOORKICK,XPert44
