veve_id,ts_utc,date_pt,element_id,element_type,edition,name,rarity,price_usd,seller,buyer,seller_username,buyer_username
02b45185-a426-41a7-988d-e1fd68b61cae,2026-08-30 08:14:12,2026-08-30,0f73e72f-8bc1-48c4-8b70-4e9b4e372003,COLLECTIBLE_TYPE,424,Namor - Saga of the Sub-Mariner 1988,ULTRA_RARE,49.00,0xab43c36e07de149d09eb22fc2fa2a5fc06815c50,0x0efbd11f7745ad1f175ca77ac9a729c873eeea38,,
69121a85-f6fc-4e8b-ad21-e3926cbab14a,2026-08-30 08:01:53,2026-08-30,68649d9c-b610-4ac0-a07a-f14a1fca6585,COLLECTIBLE_TYPE,284,Raphael - Classic,COMMON,7.77,0x75ca90067216698f41c95a8301a78205a9652377,0x28e18208731cb49c9c0b2256aafc03183e08c5f7,,
6c59bf6f-f4e7-41e0-9744-914406666fbe,2026-08-30 08:01:20,2026-08-30,d37184af-298d-4b47-ae13-819fb234b80d,COLLECTIBLE_TYPE,1949,Episode 12 - Arise,COMMON,1.11,0x40ee1a2354242e5706ab98908175078baf2ba108,0x76dd0009fe9998f42e0cb6f00338c2e2264d670a,,ScarySeaMonster
84abb992-fd72-450f-8f03-a9669b9d7c05,2026-08-30 07:57:22,2026-08-30,46359177-0a0a-4148-aac9-7875a76aaa91,COLLECTIBLE_TYPE,1740,Toph,COMMON,7.99,0x40ee1a2354242e5706ab98908175078baf2ba108,0x4027950024c80545e7688b5cd7a4ab1fa5d92296,,
5142571c-cebe-4ab7-9345-93f9eb33bc06,2026-08-30 07:51:17,2026-08-30,ab430454-99cf-4b4a-bcc6-5c4ed737512d,COMIC_COVER,1613,Captain America,UNCOMMON,29.99,0x54149535b8891f7f9052559e21cf313df59edcd9,0x71c72a3dd6e632d0aff4732832164acedc7edaa4,,
d905cae2-d9b7-4a23-8358-b1191630b076,2026-08-30 07:50:26,2026-08-30,01bd4803-ce5d-45ed-9cfa-1d225aa8450a,COMIC_COVER,193,Saga of the Sub-Mariner,COMMON,2.00,0x914d50cb886de5ee2650ce084fe5f36eedc6699d,0xb245d3fd702c81f06d1adedac81ceb57177a4094,,
da4d1487-c995-4a95-bdd2-5cbf3aaf5a4a,2026-08-30 07:48:23,2026-08-30,bd00a602-fcaf-455b-bbe8-13dfadc598fe,COMIC_COVER,382,Daredevil,COMMON,2.90,0x2c6a5c54e3dfd72ba88f983102117ce22573063e,0xb245d3fd702c81f06d1adedac81ceb57177a4094,,
a1d8ac3b-13d5-4cde-a4a0-cec97cd34f72,2026-08-30 07:41:03,2026-08-30,38c59645-a19f-450d-95bd-983fa8d34af4,COMIC_COVER,685,Spider-Man Swing Shift Director's Cut,ULTRA_RARE,8.99,0x0cea3b049375a3b5c96f73504d8cefc56a6c8888,0xdad909e00ed88afa6faf6ec89cbe039e41380ddf,,
aeb342a2-9bc9-4b0a-929f-b1dff92875ff,2026-08-30 07:40:20,2026-08-30,70268693-3fba-42c9-b3df-fb6c62d8aa62,COMIC_COVER,1725,The Amazing Spider-Man,COMMON,4.99,0x4dad8c9bbc92851f617b34a0a7d7d1a487f10349,0x53861bc57546c0cee95a67d939b0937ee82945c0,,
0a199437-52d7-4441-9297-9a80781b8cbc,2026-08-30 07:40:17,2026-08-30,70268693-3fba-42c9-b3df-fb6c62d8aa62,COMIC_COVER,1824,The Amazing Spider-Man,COMMON,4.99,0x30986d883dc2f5bb12dbf2ae5f995cbe4bd93993,0x53861bc57546c0cee95a67d939b0937ee82945c0,,
7cef4e7c-de37-4265-9874-1c1737b7b54c,2026-08-30 07:40:14,2026-08-30,70268693-3fba-42c9-b3df-fb6c62d8aa62,COMIC_COVER,4136,The Amazing Spider-Man,COMMON,4.99,0xcb17aeca55bef9280c4d7ca3d09b3b14a96a3397,0x53861bc57546c0cee95a67d939b0937ee82945c0,,
5886727a-c1f5-4939-850f-b4afe56acc40,2026-08-30 07:40:06,2026-08-30,70268693-3fba-42c9-b3df-fb6c62d8aa62,COMIC_COVER,9205,The Amazing Spider-Man,COMMON,4.99,0x93365222c1bbe3b5853c0ca6234f130899bc2760,0x53861bc57546c0cee95a67d939b0937ee82945c0,,
9cbba308-6c5c-40c2-94d5-f2ff385f573c,2026-08-30 07:28:13,2026-08-30,22bf0636-cdd4-4b6a-8072-54fd92ea07e8,COLLECTIBLE_TYPE,1129,Mandalore,UNCOMMON,69.00,0xf54beaa6713784e2e92cc5fc3a72ea6f6f806cda,0xe5d42d4e36b86435ece0c0b3f3f37b6a001484d7,,
ae6d3214-a1ad-4dcb-8e78-e70de7a560fb,2026-08-30 07:24:19,2026-08-30,ee3bf33e-e38f-4ee6-8ae9-8fa5c792f201,COMIC_COVER,5398,Marvel Spotlight,COMMON,2.99,0x9f4caaec6a2e9f8409b704f3ef16f0d51e827cdf,0x53861bc57546c0cee95a67d939b0937ee82945c0,,
0827d162-1349-4dfc-a09f-d2c15dc75540,2026-08-30 07:22:58,2026-08-30,b33b48e4-fd3f-40e3-96f4-cbc3f2ac3a2e,COMIC_COVER,393,Tales of Suspense,COMMON,4.70,0x7e83c3cb90d4e7cde15a168206907306eeed77ad,0x53861bc57546c0cee95a67d939b0937ee82945c0,,
913ade10-722d-4a69-9467-25e77989b808,2026-08-30 07:16:10,2026-08-30,4f37124d-6bf0-4345-8016-560fbf6cc1a0,COMIC_COVER,929,Miles Morales: Spider-Man,COMMON,7.55,0x4b951061ed07f71f546d86c1a1e1ced75e1761cf,0x53861bc57546c0cee95a67d939b0937ee82945c0,,
9f5e4bd4-a8c6-4735-8f2c-846ebe60284a,2026-08-30 07:13:23,2026-08-30,f108a1b1-62eb-473c-88d0-3d340255f4d7,COLLECTIBLE_TYPE,1001,Beach Prank,RARE,1.49,0x5a913babfcfc3c6ad41258cc27db0c20f9c45da9,0x1ee9920e6efdcbc57d48e669b87a6e822fc7d828,,Lamouche
7333396b-304c-4556-b281-b6fc380043ca,2026-08-30 07:13:15,2026-08-30,a9bd25e9-7deb-403f-9710-15314e0bc689,COLLECTIBLE_TYPE,39,Acrobatic Surfing,UNCOMMON,1.10,0x5a913babfcfc3c6ad41258cc27db0c20f9c45da9,0x1ee9920e6efdcbc57d48e669b87a6e822fc7d828,,Lamouche
17562986-a1e2-4465-90d2-e823f6cb35df,2026-08-30 07:12:33,2026-08-30,a7c012e4-e41d-4cde-9251-9e45d23ff22b,COMIC_COVER,26030,Captain America,COMMON,2.30,0x93365222c1bbe3b5853c0ca6234f130899bc2760,0xbb03d0efe30dbf9bf28994d96908f8d206c27c3f,,
5a50bf02-e79b-4852-8913-0d8cd0714632,2026-08-30 07:11:39,2026-08-30,92635283-99b4-4597-ba69-01e39ccba334,COLLECTIBLE_TYPE,943,Master Splinter - Father Figure,COMMON,4.50,0x2f4cb07b2cfc337e9e16d425e2561c284870c4ec,0x79671df2d5dc06ca22ef8ea615d1157fa46fbce2,,
f14a879a-a0fb-4f10-abaf-a2b030d43c7f,2026-08-30 07:07:40,2026-08-30,0c90c49f-d867-47de-991f-d5b5606ffb09,COLLECTIBLE_TYPE,1347,Namor - Phoenix,COMMON,14.00,0x293fcc0ac045bdfb5cc0ee137c7f3ece4e077185,0x1c207ec9d93f9e7f4eb3c2b8550390f274f40edd,LSully,
4a1ca82f-480b-4163-88a6-fe24be7fdcf5,2026-08-30 07:07:37,2026-08-30,31c7db16-2591-48a3-bcfd-94e296fe5813,COMIC_COVER,529,Daredevil,UNCOMMON,1.66,0x3b44ebc2f886f28a6de1ad7713b9ca9be7bb8324,0xb1996131178bc6edd9b315c0dac79c7288a5b80c,SunChardBV,
5aeb428b-9aaa-4952-9c78-9e14492e2975,2026-08-30 07:07:05,2026-08-30,a35c9516-2f7f-4b04-9623-1ca35f8e5d2c,COMIC_COVER,872,"Peter Parker, The Spectacular Spider-Man",COMMON,7.65,0xb245d3fd702c81f06d1adedac81ceb57177a4094,0x53861bc57546c0cee95a67d939b0937ee82945c0,,
e2b14076-b63d-4163-82da-459845531cbe,2026-08-30 07:06:46,2026-08-30,8d6dd132-4c5c-4709-8fe7-2c4003c5c3f0,COMIC_COVER,673,"Peter Parker, The Spectacular Spider-Man",RARE,6.90,0x71c72a3dd6e632d0aff4732832164acedc7edaa4,0x53861bc57546c0cee95a67d939b0937ee82945c0,,
7ca4bf2b-412e-42e2-9133-62d339f41be2,2026-08-30 07:06:33,2026-08-30,92635283-99b4-4597-ba69-01e39ccba334,COLLECTIBLE_TYPE,88,Master Splinter - Father Figure,COMMON,4.50,0x8baae2a4ee3fd8d536a68eb2d16298231293a36b,0xfa3c36d91ed4d5bfe8199d5bf41bca6db9d76d62,,blaaah
4af9f3c4-28f6-4378-aef0-50fa80a4ea46,2026-08-30 07:06:31,2026-08-30,fccfc777-cc16-4a36-b063-8258d6e69ffe,COLLECTIBLE_TYPE,230,Boy,SECRET_RARE,19.99,0x1c3d04635a30ffe26a9d4c1aa1e0cfa180618202,0x901d5cf32677238a41e59215f3b77f8ccc6b8a6e,,
c661179a-1160-46dd-a20f-004056e3e905,2026-08-30 07:01:44,2026-08-30,d0330635-0828-433b-b4eb-fb03d3be3be0,COMIC_COVER,14010,Marvel Spotlight,COMMON,3.39,0x4187e4287acce37f6dc1446072146a9c9cb48989,0x53861bc57546c0cee95a67d939b0937ee82945c0,,
eb1849f4-5d02-49bf-95d6-8fff4b417955,2026-08-30 07:00:57,2026-08-30,b4fee4e8-489e-4678-bfae-c0a8e9b19726,COMIC_COVER,4224,Spider-Man 2099,UNCOMMON,2.48,0xc1902b4a930c8d409af78ee6fae3b98cb98ab65a,0x53861bc57546c0cee95a67d939b0937ee82945c0,,
13c81888-7cdb-4d3b-90ac-63f80754aa68,2026-08-30 06:49:37,2026-08-29,a9bd25e9-7deb-403f-9710-15314e0bc689,COLLECTIBLE_TYPE,1440,Acrobatic Surfing,UNCOMMON,1.10,0x51266f8af0b734b8fa5861f7871fd9924c49b6ae,0x998ce881ba55e721319d4d6d4a98fe467bd9b257,,
17e49639-8003-49f4-9e96-73bd7fc4839c,2026-08-30 06:48:59,2026-08-29,90b09859-6fa5-4fbf-beb9-cd8b19187dad,COLLECTIBLE_TYPE,1220,E-Rank Essence Stone,COMMON,1.00,0xcb17aeca55bef9280c4d7ca3d09b3b14a96a3397,0x998ce881ba55e721319d4d6d4a98fe467bd9b257,,
a92b99a9-801b-4257-834d-fad430eb3c4d,2026-08-30 06:47:35,2026-08-29,ca6b36f9-e72b-4e29-95da-b1c4a3626242,COLLECTIBLE_TYPE,421,Snow,COMMON,1.00,0xae16400e6107df7171cf8767487ffebef0e59954,0x998ce881ba55e721319d4d6d4a98fe467bd9b257,,
27ca6889-8cbc-4608-8f96-42d915aec4bc,2026-08-30 06:45:40,2026-08-29,5a83120d-b4c0-4982-85d7-3046dd7d5f4f,COLLECTIBLE_TYPE,511,Rain,UNCOMMON,1.00,0xa86b4b84b858b39ff4b6ed3f55bf71fd667b4a29,0x998ce881ba55e721319d4d6d4a98fe467bd9b257,,
610ad523-edab-4a82-9696-cbdf94e0d942,2026-08-30 06:31:46,2026-08-29,c3df7496-e8e7-4507-b80a-5c2b5d996645,COLLECTIBLE_TYPE,7324,#100 Todd McFarlane Batman,COMMON,489.00,0x48bc5739644cb8023b3c49aa2028b2caaad6445a,0x06f3cd7a785b6c7054ff1646e1ecc535c5787187,,
f6109e16-a9b7-4d89-a074-c8efd28f0301,2026-08-30 06:25:54,2026-08-29,cbe550c6-847b-47ea-a5b4-89187cd8ef99,COLLECTIBLE_TYPE,1201,Sam Wilson - Action,UNCOMMON,20.00,0x229d5a5db58654d41dc8276bcac2975aaa45e1ea,0x6ce16df2dda6e082b02d2dc390b3b3eb60c3b83b,,
98eb67b4-8edd-48f6-ad41-f0ea95130b96,2026-08-30 06:19:50,2026-08-29,27d639fc-8d6c-4805-86dd-85731a0cd474,COLLECTIBLE_TYPE,763,Leonardo - Dojo Discipline,RARE,142000.00,0xc6730f46c02113ceb47ebd590544b9f7eba39f00,0x741a844ef54e7571da85fd9355cab541319f05fd,,
9846f7b9-7255-4263-84a6-b87688303e04,2026-08-30 06:11:08,2026-08-29,fc5afe38-2732-4c5e-8a13-a7f6b2aa950d,COMIC_COVER,436,Doom 2099: Rage Of Doom,UNCOMMON,88.00,0x88e8fe8c552a59be0a9c21b74a41fd5fbcbf2dee,0xb1a527bf8c4a9814b173ecf8ac93236d5821de5b,Aroostic,VeveWes
b35e46ce-dcc4-436e-bfb8-6849510d659d,2026-08-30 06:10:59,2026-08-29,54d26051-e124-449d-a82d-3ad2692656af,COMIC_COVER,206,Doom 2099: Rage Of Doom,RARE,7.98,0x88e8fe8c552a59be0a9c21b74a41fd5fbcbf2dee,0xb1a527bf8c4a9814b173ecf8ac93236d5821de5b,Aroostic,VeveWes
d1e8623d-4efe-4926-b924-d5987576c1a5,2026-08-30 06:07:37,2026-08-29,33661a00-f6d3-41b8-900d-385fcead2df7,COLLECTIBLE_TYPE,1308,Scarlet Witch Venomized,RARE,9.98,0x229d5a5db58654d41dc8276bcac2975aaa45e1ea,0x34337573802267d1ddf7a3105c380c42476f193c,,
7419883e-c6ba-411b-80cd-cd9f3ecb30e8,2026-08-30 06:06:33,2026-08-29,17a24561-3d56-45d0-97ef-d52c597143b7,COMIC_COVER,165,Spider-Man/Hulk: Fire And Brimstone,ULTRA_RARE,75.00,0x88e8fe8c552a59be0a9c21b74a41fd5fbcbf2dee,0x079fc13ab1970e1e300ae4d42712872eb7f4533d,Aroostic,Shmaniel
62da0bfb-9731-4d3d-ba2d-718d0069a611,2026-08-30 06:05:31,2026-08-29,87f6a7f3-98fc-4c51-bddd-6946a509f760,COLLECTIBLE_TYPE,874,Too Much Magic!,UNCOMMON,10.47,0xda8eda62175d1a2b3e3f860fa0138a9a773b9c0c,0xe141506efc7445961fbfedbc7bf0a074964d3fa5,,
e74844ef-2d41-4df6-af05-8c83da9c7e8e,2026-08-30 06:04:49,2026-08-29,812c6266-4451-4144-b285-454bd0c5b73c,COLLECTIBLE_TYPE,1567,Blob Venomized,RARE,14.99,0x0efbd11f7745ad1f175ca77ac9a729c873eeea38,0x34337573802267d1ddf7a3105c380c42476f193c,,
4196274a-192c-466d-ad26-1a1a2a7e57b8,2026-08-30 05:53:32,2026-08-29,79591032-fc65-4e70-b404-b435d8d311fb,COMIC_COVER,879,X-Men: The Hellfire Murder,ULTRA_RARE,10.98,0xb04f582df0cf05164b33d3bd1359d17ba964b7fa,0x079fc13ab1970e1e300ae4d42712872eb7f4533d,,Shmaniel
291e7561-17e6-4043-ad40-45eb1f10f23e,2026-08-30 05:51:04,2026-08-29,29b199e4-2f8c-451c-bacd-79cbe2ff510b,COMIC_COVER,903,The Amazing Spider-Man,ULTRA_RARE,23.20,0xe3dfcb781d03e048559cd784c3b02fb6ac04992e,0x0896687c50c764e1d9ebad74948d7422c505ae21,g5551212,
5ad38e6d-3ac0-42ce-b156-767292daef63,2026-08-30 05:50:09,2026-08-29,f0ccdd0b-c4ae-41e9-b853-5133d7a813bc,COLLECTIBLE_TYPE,902,Predator - Seasoned Hunter,COMMON,8.70,0xcbd13edb4fe005e4c3bf67108909a1402a0eb269,0xbd1285606ce4dc05097c1ab7ca4414e26c873cc3,,
32962663-bbee-4a7d-81a8-6f265c4d1af2,2026-08-30 05:33:04,2026-08-29,ec04c6de-1ef4-436b-bb1a-8a9109a95bb6,COLLECTIBLE_TYPE,428,Colossus - Phoenix,COMMON,12.00,0x50254b1a7bda2de5a16f12c069e8aeefdb5e9b69,0x5dba5404beeb01a9c7bc04d03dbe117353230c63,,
c91052f7-83da-4e6f-998b-2214830f63a8,2026-08-30 05:28:16,2026-08-29,f1bb37cc-7350-403f-9e06-5942bc3765ec,COLLECTIBLE_TYPE,136,Master Splinter - Weapon Training,RARE,6.99,0x0bd508271a2932ac342a16b9267bd31429b917b7,0x8e7f5ba158a8a691775b0634e57c4fe2e993268a,,
7b1e5e9b-d734-41a7-a488-19bfb5216059,2026-08-30 05:27:12,2026-08-29,905d1ad2-a6fe-4a98-b199-0d5e6ad9d2dd,COLLECTIBLE_TYPE,6282,The Rise of Ultraman #1 - Ed McGuinness ,COMMON,9.95,0xe3998a13338f6f3c817a5d69517d1690479fff61,0x070e5bf365e1383a0ddd022229a5e1470c483e90,,
bd3eb550-30bd-44a9-a5e7-ec345ebad42e,2026-08-30 05:26:59,2026-08-29,905d1ad2-a6fe-4a98-b199-0d5e6ad9d2dd,COLLECTIBLE_TYPE,4357,The Rise of Ultraman #1 - Ed McGuinness ,COMMON,9.95,0xc5f8eb83ed1d4749b3eb7328f2c808573c09d154,0x070e5bf365e1383a0ddd022229a5e1470c483e90,,
e7e00c4d-2a11-4e87-ab28-eb8c25670481,2026-08-30 05:26:51,2026-08-29,905d1ad2-a6fe-4a98-b199-0d5e6ad9d2dd,COLLECTIBLE_TYPE,1953,The Rise of Ultraman #1 - Ed McGuinness ,COMMON,9.95,0xf89617ce514894f8f3d73225c9c3da19d17bb04d,0x070e5bf365e1383a0ddd022229a5e1470c483e90,,
4efb88d8-b582-4921-a4fa-67584fc9c283,2026-08-30 05:26:42,2026-08-29,905d1ad2-a6fe-4a98-b199-0d5e6ad9d2dd,COLLECTIBLE_TYPE,4753,The Rise of Ultraman #1 - Ed McGuinness ,COMMON,9.95,0xaf08a0844e2134579a93cc6b2fc75935d35e9337,0x070e5bf365e1383a0ddd022229a5e1470c483e90,,
1dbbe65a-9882-4730-a9de-4c505cb70f78,2026-08-30 05:26:42,2026-08-29,7247e9ea-90b8-469c-b42f-b2e9d2160089,COMIC_COVER,3602,The Incredible Hulk,UNCOMMON,22.00,0x1bad8c14218f994f5cad1f48cea191ed6f81a0c5,0xc7ed902577b999c93d9425653997d9af84299085,,
f20cc50a-4c64-44f9-96fb-3980723079f1,2026-08-30 05:26:33,2026-08-29,905d1ad2-a6fe-4a98-b199-0d5e6ad9d2dd,COLLECTIBLE_TYPE,4652,The Rise of Ultraman #1 - Ed McGuinness ,COMMON,9.95,0x9512de70ee7922d50cf16755c5b1e775fa6b4aaf,0x070e5bf365e1383a0ddd022229a5e1470c483e90,,
3d5894ee-4866-41de-924c-06eac298fb18,2026-08-30 05:26:23,2026-08-29,905d1ad2-a6fe-4a98-b199-0d5e6ad9d2dd,COLLECTIBLE_TYPE,3312,The Rise of Ultraman #1 - Ed McGuinness ,COMMON,9.95,0x8f679ab5202e4f863fec300c0ec412d89d6cfa86,0x070e5bf365e1383a0ddd022229a5e1470c483e90,,
797ad1b3-c29a-454f-ad1e-1912965653a8,2026-08-30 05:26:13,2026-08-29,905d1ad2-a6fe-4a98-b199-0d5e6ad9d2dd,COLLECTIBLE_TYPE,2079,The Rise of Ultraman #1 - Ed McGuinness ,COMMON,9.95,0xb238269ecbfa7bd3d7d57a6203f33e329153d999,0x070e5bf365e1383a0ddd022229a5e1470c483e90,,
70168647-0f0e-419c-bede-89e2381d79b9,2026-08-30 05:21:43,2026-08-29,125b902c-7c6e-4262-a58f-4f3e4ee8d195,COLLECTIBLE_TYPE,5409,The Rise of Ultraman #1 - Alex Ross,COMMON,39.99,0xc5f8eb83ed1d4749b3eb7328f2c808573c09d154,0x070e5bf365e1383a0ddd022229a5e1470c483e90,,
b1b86aba-631a-4903-8a01-944aee6aa6af,2026-08-30 05:21:36,2026-08-29,125b902c-7c6e-4262-a58f-4f3e4ee8d195,COLLECTIBLE_TYPE,3750,The Rise of Ultraman #1 - Alex Ross,COMMON,39.99,0xf89617ce514894f8f3d73225c9c3da19d17bb04d,0x070e5bf365e1383a0ddd022229a5e1470c483e90,,
76b13f8d-53ea-4f74-9e7e-29a7270f82ad,2026-08-30 05:21:28,2026-08-29,125b902c-7c6e-4262-a58f-4f3e4ee8d195,COLLECTIBLE_TYPE,1191,The Rise of Ultraman #1 - Alex Ross,COMMON,39.99,0x815a7162dc57bc191039db564f5a1fb0f65ca01c,0x070e5bf365e1383a0ddd022229a5e1470c483e90,,
44ac8e5e-7ef8-44a6-80f1-b78c52fb10e2,2026-08-30 05:21:17,2026-08-29,125b902c-7c6e-4262-a58f-4f3e4ee8d195,COLLECTIBLE_TYPE,7278,The Rise of Ultraman #1 - Alex Ross,COMMON,39.99,0x2d4ac6b15b54bf10f2b9dbc72d86adbae2c0d6e8,0x070e5bf365e1383a0ddd022229a5e1470c483e90,,
62fe9d30-f065-478a-9867-cf0498cc5d6c,2026-08-30 05:21:03,2026-08-29,125b902c-7c6e-4262-a58f-4f3e4ee8d195,COLLECTIBLE_TYPE,3218,The Rise of Ultraman #1 - Alex Ross,COMMON,39.99,0x9512de70ee7922d50cf16755c5b1e775fa6b4aaf,0x070e5bf365e1383a0ddd022229a5e1470c483e90,,
80343373-97ad-4af3-8934-9e2111e6064f,2026-08-30 05:07:41,2026-08-29,45a9e4ae-492c-4650-b309-ff65c0246a13,COMIC_COVER,892,Spider-Man Swing Shift Director's Cut,RARE,4.69,0x3b44ebc2f886f28a6de1ad7713b9ca9be7bb8324,0xe9cecf16a2a738310cc430ab0ce524b87a43910c,SunChardBV,
549fa4fa-e0ba-440d-a666-18274f890e3c,2026-08-30 05:03:51,2026-08-29,38c59645-a19f-450d-95bd-983fa8d34af4,COMIC_COVER,492,Spider-Man Swing Shift Director's Cut,ULTRA_RARE,8.99,0x3b44ebc2f886f28a6de1ad7713b9ca9be7bb8324,0xc17f50f34d5e8f0a0145537d22d9976e930e283e,SunChardBV,
148c1446-d878-4434-9891-6cfbf2371af9,2026-08-30 05:01:35,2026-08-29,e120c73b-c7bd-4905-a2f7-55f3b0b9ab9a,COLLECTIBLE_TYPE,1103,BB-8,COMMON,13.97,0xba8fb0163e977ddc7996d02a90e6cba7f831f8d6,0x6a43c295536d57129e9617690003232cf38ce5a1,,
7de0fed9-0cd8-4a2b-b62d-a41a9b7a0647,2026-08-30 05:01:01,2026-08-29,45a9e4ae-492c-4650-b309-ff65c0246a13,COMIC_COVER,806,Spider-Man Swing Shift Director's Cut,RARE,4.69,0x0cea3b049375a3b5c96f73504d8cefc56a6c8888,0xd819e2d3861e73536c58dddaa1a03522df6b921d,,
99910169-0dc8-4450-a155-77274067e2cd,2026-08-30 04:58:58,2026-08-29,73d51340-9820-467a-b17a-efd4e928e7ff,COMIC_COVER,1591,Nova,UNCOMMON,6.99,0x2d2933beb21a100977804604194e2956983eb82c,0x23894e9606d25aafee326b49bfb99818620ded83,,
8aa35c20-57d7-4128-835a-127fd73e2a17,2026-08-30 04:31:59,2026-08-29,7247e9ea-90b8-469c-b42f-b2e9d2160089,COMIC_COVER,9954,The Incredible Hulk,UNCOMMON,22.00,0xb1996131178bc6edd9b315c0dac79c7288a5b80c,0x23894e9606d25aafee326b49bfb99818620ded83,,
cf8eda6c-6d8b-45d2-93a2-d348f5bcf05f,2026-08-30 04:28:26,2026-08-29,53057d99-ac36-4dd2-b28a-8aa22d9f0b51,COLLECTIBLE_TYPE,536,Ben Reilly - Acrobatic Arachnid,UNCOMMON,44.00,0x4f9f661b22c67e1f5913b1dd21fa7259dd36b062,0xf8f9505c9e8affbdd5e505ae4f38b99cfa3aebe5,,Gwarcoin
28229c5c-9775-41c1-a3bf-cf92ba105884,2026-08-30 04:18:57,2026-08-29,73255fe7-c9e7-489a-a3bd-547b9b87a8a5,COLLECTIBLE_TYPE,439,Ash ,ULTRA_RARE,4.00,0x5c351ffda198aa91df287ad320c592222a9dc67c,0xdc5334963cb0811c26c15e76d34fe192f3082712,,
8a97977e-6af6-4bbb-8e73-de7446cc87b7,2026-08-30 03:55:58,2026-08-29,0c90c49f-d867-47de-991f-d5b5606ffb09,COLLECTIBLE_TYPE,1610,Namor - Phoenix,COMMON,14.00,0xa27826d1da4fdf2e36acf424bc0d833dfad84256,0x34afcaf8e05a759be614e952632b111f129a70eb,,
559fd4bb-7b60-4a06-a3ca-d0a7e7c1af24,2026-08-30 03:49:05,2026-08-29,46359177-0a0a-4148-aac9-7875a76aaa91,COLLECTIBLE_TYPE,1144,Toph,COMMON,7.99,0xa27826d1da4fdf2e36acf424bc0d833dfad84256,0x40ee1a2354242e5706ab98908175078baf2ba108,,
0fb44dc2-3a13-41e2-9fc3-4c89832c9015,2026-08-30 03:45:18,2026-08-29,a605b45c-c809-40d4-a98b-b5daa200a696,COLLECTIBLE_TYPE,2400,Black Panther – Ultimate Animated,SECRET_RARE,131.15,0x7831ac4c9b585cbf93a6e2ec9c71513aafef21c4,0xda8eda62175d1a2b3e3f860fa0138a9a773b9c0c,,
27313c15-3c70-4a30-96cc-4f98ed8e3e76,2026-08-30 03:43:34,2026-08-29,73255fe7-c9e7-489a-a3bd-547b9b87a8a5,COLLECTIBLE_TYPE,380,Ash ,ULTRA_RARE,4.00,0xdc5334963cb0811c26c15e76d34fe192f3082712,0x24c4efef8db56faa510a718e06258b080c07eabc,,
b65c0006-4017-47b4-827a-c412e98d39f9,2026-08-30 03:43:11,2026-08-29,5a83120d-b4c0-4982-85d7-3046dd7d5f4f,COLLECTIBLE_TYPE,190,Rain,UNCOMMON,1.00,0xf766f95fa592646f068a1821e5b6496efaf1a3bf,0x24c4efef8db56faa510a718e06258b080c07eabc,,
34a7a006-5d54-4a8a-b687-a7d9f3847c40,2026-08-30 03:42:40,2026-08-29,ca6b36f9-e72b-4e29-95da-b1c4a3626242,COLLECTIBLE_TYPE,750,Snow,COMMON,1.00,0xfb99df1477da04ae0ac658e4eeed1e4dcda92f33,0x24c4efef8db56faa510a718e06258b080c07eabc,,
a96b5512-2def-47c6-a175-ac2282eb33fc,2026-08-30 03:41:17,2026-08-29,719b4691-a26e-4047-9597-5cefa1cae8ef,COMIC_COVER,2947,Giant-Size X-Men,COMMON,24.99,0xda8eda62175d1a2b3e3f860fa0138a9a773b9c0c,0xd351c4a2564e24273d2074a95d23921d37368a25,,
6fa8aaab-c7e8-439c-b18f-3b86c0d23678,2026-08-30 03:41:16,2026-08-29,bc64c1a9-5efe-4b52-824d-27ffed8b13e4,COLLECTIBLE_TYPE,970,Lightning,RARE,2.00,0x4187e4287acce37f6dc1446072146a9c9cb48989,0x24c4efef8db56faa510a718e06258b080c07eabc,,
7b343fb8-c0cd-4b7f-b41e-29a1c09cd6b6,2026-08-30 03:41:04,2026-08-29,484b70b0-2cb3-4687-96f1-7daf1d964614,COMIC_COVER,10732,Daredevil,COMMON,7.49,0x7e83c3cb90d4e7cde15a168206907306eeed77ad,0xd351c4a2564e24273d2074a95d23921d37368a25,,
c5262d95-6cea-451a-ab2d-5d2e9886f10f,2026-08-30 03:37:05,2026-08-29,7b76ceee-2678-4957-af06-8cd97e37833a,COMIC_COVER,8570,Uncanny X-Men,COMMON,1.20,0xdafbc5ea5117b7c00d209b0a8783c56f5a3abe49,0xef0b3bc019d850671717d65377ec9a4f44156788,thesnackman,Detectivekunkun
66ff43f8-9e7f-4627-9d78-b603afba29ff,2026-08-30 03:34:46,2026-08-29,f6c0f08f-a0e9-455b-9008-13dc70abcfba,COLLECTIBLE_TYPE,345,Vana,SECRET_RARE,29.90,0x80f3bde052cdbb0170691b132f51acbc6efc84a9,0x1ee9920e6efdcbc57d48e669b87a6e822fc7d828,,Lamouche
bbc246bd-4ad5-45bc-9757-28b22007b630,2026-08-30 03:24:36,2026-08-29,bc50774d-b923-4a5c-8e5d-f25608e1e80e,COLLECTIBLE_TYPE,2160,Batgirl,COMMON,9.82,0x42d75e1cf24cd11be72825f13758d1dc71153c3f,0xb52dc768230d6653cc1b2ea18b495b7f89fe7c17,,
640b01f9-191e-481d-8951-a5ad86f69226,2026-08-30 03:22:50,2026-08-29,4f992ee1-d183-485d-a9c9-00695bc727de,COLLECTIBLE_TYPE,4265,Jim Lee Batman V3,COMMON,9.72,0xe389386cf8d4db8c21dbd0ef35c7758833c6fa71,0xa648e3ef8467dec6e2d719f6d1e511fe6bf09cb8,,
f31bb820-646d-4368-8202-a667d2487aed,2026-08-30 03:20:07,2026-08-29,01bd4803-ce5d-45ed-9cfa-1d225aa8450a,COMIC_COVER,316,Saga of the Sub-Mariner,COMMON,2.00,0xd34ab5a9f8d64f7d183738ca3eaa00528ff234f9,0x17ba734287b90f451e51200a47ba60fede86f6e9,,
241c9eef-6e46-4732-833a-b7e05dfb9707,2026-08-30 03:18:26,2026-08-29,0c90c49f-d867-47de-991f-d5b5606ffb09,COLLECTIBLE_TYPE,1583,Namor - Phoenix,COMMON,14.00,0x34afcaf8e05a759be614e952632b111f129a70eb,0xf766f95fa592646f068a1821e5b6496efaf1a3bf,,
a690b557-3fcc-4a8d-9a29-a4b9232294c3,2026-08-30 03:08:05,2026-08-29,9a54e06f-15c2-41e2-bd84-1250ad184629,COMIC_COVER,753,Spider-Girl,UNCOMMON,7.98,0xaa8d060555697549431218fb06b04037b7162343,0x0a456626fff95687ef3aa6020be8dfa5484a3447,,
427694f6-1788-40c3-9738-370e2fa7fd6f,2026-08-30 03:06:26,2026-08-29,9d466685-c3c3-4363-998f-ea6963c2ea04,COMIC_COVER,19768,Fantastic Four,COMMON,12.50,0xec32b9d287b073e9c48ae8ba768718ba42286bec,0x4eda5b9266ea82d6ffc0bc2bb7415422f5b4b28a,,
9186042e-2e11-4897-a50b-9824249ef4e4,2026-08-30 03:06:16,2026-08-29,9d466685-c3c3-4363-998f-ea6963c2ea04,COMIC_COVER,26749,Fantastic Four,COMMON,12.50,0xe0035e15508e76870facb51d2ee158c6ceef4b56,0x4eda5b9266ea82d6ffc0bc2bb7415422f5b4b28a,,
aba7febc-158f-4679-a3a8-92eeb0cdf098,2026-08-30 03:06:13,2026-08-29,9d466685-c3c3-4363-998f-ea6963c2ea04,COMIC_COVER,12407,Fantastic Four,COMMON,12.50,0xec32b9d287b073e9c48ae8ba768718ba42286bec,0x4eda5b9266ea82d6ffc0bc2bb7415422f5b4b28a,,
e1c60ae3-dd2b-48af-84eb-fae1d3bf6cab,2026-08-30 03:01:14,2026-08-29,8edf849b-7a77-4038-9607-651e127c8ec9,COMIC_COVER,14104,NYX,COMMON,1.64,0xaa8d060555697549431218fb06b04037b7162343,0x4eda5b9266ea82d6ffc0bc2bb7415422f5b4b28a,,
7521bbc6-c12b-48c9-abfd-e5add226f7cf,2026-08-30 03:01:11,2026-08-29,8edf849b-7a77-4038-9607-651e127c8ec9,COMIC_COVER,18286,NYX,COMMON,1.64,0xaa8d060555697549431218fb06b04037b7162343,0x4eda5b9266ea82d6ffc0bc2bb7415422f5b4b28a,,
bedf0cac-df92-44ae-bcac-f391a44341b0,2026-08-30 03:01:08,2026-08-29,8edf849b-7a77-4038-9607-651e127c8ec9,COMIC_COVER,17733,NYX,COMMON,1.64,0xaa8d060555697549431218fb06b04037b7162343,0x4eda5b9266ea82d6ffc0bc2bb7415422f5b4b28a,,
ad104b2b-1500-48e8-a8d3-57805f2700d2,2026-08-30 03:01:06,2026-08-29,8edf849b-7a77-4038-9607-651e127c8ec9,COMIC_COVER,14712,NYX,COMMON,1.64,0xaa8d060555697549431218fb06b04037b7162343,0x4eda5b9266ea82d6ffc0bc2bb7415422f5b4b28a,,
56b1618c-4a78-4aeb-a349-b90e42c49bb0,2026-08-30 03:01:03,2026-08-29,8edf849b-7a77-4038-9607-651e127c8ec9,COMIC_COVER,12200,NYX,COMMON,1.64,0x03bb6abd9143981b5c81b3394c512f4f0a71bbe7,0x4eda5b9266ea82d6ffc0bc2bb7415422f5b4b28a,,
eb8eaa33-4558-43aa-b166-1923b9719e3c,2026-08-30 03:00:07,2026-08-29,0c90c49f-d867-47de-991f-d5b5606ffb09,COLLECTIBLE_TYPE,1064,Namor - Phoenix,COMMON,14.00,0xe6d02e5a4f41f1b280f4c52b070e0886d81fe78c,0xe9f8d91d5e910f13a6c3ad34ff933a141bfaaa67,,
768ba76d-2eac-4701-a06c-924054942816,2026-08-30 02:50:37,2026-08-29,55ead8bb-f564-43b1-b48c-52524bec8827,COMIC_COVER,623,Miles Morales: Spider-Man,COMMON,2.10,0x5c351ffda198aa91df287ad320c592222a9dc67c,0x6ce16df2dda6e082b02d2dc390b3b3eb60c3b83b,,
9d369602-12cc-4f05-8f1b-528cd77d4a5e,2026-08-30 02:47:09,2026-08-29,744285a0-fd27-4a2f-8451-4d1503a6e9b9,COMIC_COVER,826,The Incredible Hulk,COMMON,6.98,0x3f34f825f64a25cd27c2443c49b1e38e26f8d577,0x6ce16df2dda6e082b02d2dc390b3b3eb60c3b83b,,
286c986e-6a88-459a-86f9-9ecbb241b6aa,2026-08-30 02:46:42,2026-08-29,448ea470-4329-4c9b-ad29-234261af5de5,COMIC_COVER,530,The Amazing Spider-Man,COMMON,3.45,0xaa8d060555697549431218fb06b04037b7162343,0x6ce16df2dda6e082b02d2dc390b3b3eb60c3b83b,,
bb7d77c2-ca7a-48aa-a670-3ffc302c24fb,2026-08-30 02:45:52,2026-08-29,744285a0-fd27-4a2f-8451-4d1503a6e9b9,COMIC_COVER,75,The Incredible Hulk,COMMON,6.98,0x3f34f825f64a25cd27c2443c49b1e38e26f8d577,0xed2c2b4ba88eb560515e180017d6c2d4d179e98d,,Tok3n
adec24b0-8a01-4301-8aff-5a7df8e17040,2026-08-30 02:45:34,2026-08-29,9cc31e5a-7bfd-4524-b718-4abd9d87d68e,COMIC_COVER,56,Cable: Love And Chrome,COMMON,2.00,0xaa8d060555697549431218fb06b04037b7162343,0x6ce16df2dda6e082b02d2dc390b3b3eb60c3b83b,,
97d1473e-88db-4d59-8f41-b428478d6682,2026-08-30 02:40:06,2026-08-29,9c32ff61-0097-4ae1-9f7f-f8c6f375fd70,COMIC_COVER,869,The Amazing Spider-Man,ULTRA_RARE,13.00,0xaa8d060555697549431218fb06b04037b7162343,0xb1a527bf8c4a9814b173ecf8ac93236d5821de5b,,VeveWes
dc0f964b-f2d3-44a8-a7bd-2fe38272daaa,2026-08-30 02:38:53,2026-08-29,34e513c6-c1dc-44c3-9896-fc80fe7d9e78,COMIC_COVER,447,Fantastic Four/Gargoyles,COMMON,2.95,0x88e8fe8c552a59be0a9c21b74a41fd5fbcbf2dee,0xb1a527bf8c4a9814b173ecf8ac93236d5821de5b,Aroostic,VeveWes
aab21723-66d5-42cf-b57f-547662f20421,2026-08-30 02:33:59,2026-08-29,d350feb0-a464-4ac5-a763-2e13ce688219,COMIC_COVER,8737,Captain America,RARE,49.58,0xf267d515e09943093600a1d9444a8bf90a21c123,0xf1f555d6470af14113b68e8d56818705cc2f38f7,,
ccff1ded-fb7a-4bc2-b19e-1d1696ea2abc,2026-08-30 02:33:54,2026-08-29,d350feb0-a464-4ac5-a763-2e13ce688219,COMIC_COVER,6432,Captain America,RARE,49.58,0xf766f95fa592646f068a1821e5b6496efaf1a3bf,0xf1f555d6470af14113b68e8d56818705cc2f38f7,,
c13f0188-f865-4beb-a7da-b4f2ea7d0054,2026-08-30 02:33:40,2026-08-29,d350feb0-a464-4ac5-a763-2e13ce688219,COMIC_COVER,9670,Captain America,RARE,49.58,0x95e34f466362647c3801bcdda6f95cf4037d9922,0xf1f555d6470af14113b68e8d56818705cc2f38f7,,
5fe90c8c-bd38-44f6-b897-723c503c79dc,2026-08-30 02:33:33,2026-08-29,d350feb0-a464-4ac5-a763-2e13ce688219,COMIC_COVER,8593,Captain America,RARE,49.58,0x75daa24ce531cd0cf528f0e646f428c47c2a303c,0xf1f555d6470af14113b68e8d56818705cc2f38f7,,
a1ae5ab6-2620-4996-abc5-3a72038e6a67,2026-08-30 02:25:15,2026-08-29,3f046859-154b-4a76-818f-f94ef4c0d928,COLLECTIBLE_TYPE,9494,Mike Wazowski: I’ve Been Waiting for This My Whole Life!,COMMON,8.50,0xaa7cc75deb8e77e9e2ebbd985e4112e200eca7e8,0x9ff89d4423c7e5618a82852e9c162e9cc92d14b1,,
b0f44b3c-1f45-4d9a-b955-56c31ff5c320,2026-08-30 02:10:54,2026-08-29,a560584c-0cf1-459a-ba67-050615c78d2b,COMIC_COVER,5832,Tales to Astonish,RARE,3.29,0x045ab1b962e5c37d8ade5920eba35d09c825bdea,0x11e4731a41f20e328d69d714b7d2a5fc5ebdef8a,,
0a48243a-aac6-4446-9c8b-a8497c753afb,2026-08-30 02:09:13,2026-08-29,2574a367-7ea1-4f57-be52-f226c2ed6e70,COLLECTIBLE_TYPE,3685,#89 Batman,COMMON,11.50,0x71c72a3dd6e632d0aff4732832164acedc7edaa4,0xf7fb1f9f8a99ad762d036b21b0c1c0f8283441bb,,
ffa8bf4f-3f9d-449f-9895-864e81c6ac79,2026-08-30 01:57:50,2026-08-29,083cd7a4-4f26-4c8a-983c-29dea38fad01,COLLECTIBLE_TYPE,468,Man on a Mission,ULTRA_RARE,14.95,0xd7b836470fe510048ed7c698f46ff3f0f5fd87c2,0x668b179eddcc54efc966b89546be46839745550e,,
aedff86a-a81c-420d-bc74-6a49574bba58,2026-08-30 01:56:26,2026-08-29,fd75c3c0-92d7-44e4-a251-255c95a539aa,COMIC_COVER,994,Marvel & Disney: What If…? Mickey And Friends Became The Avengers,COMMON,5.55,0x0b47cdaa4945e889fd42389fa40c25720481f0ac,0x7ee06912efef65457077c2171d776d9acfc9383e,Preda,Wopmamus
46cd421b-5ee2-49de-9fd1-f52c40c03fce,2026-08-30 01:54:20,2026-08-29,987e4869-7dd7-47ed-a417-351d20023d78,COLLECTIBLE_TYPE,2068,#100 Todd McFarlane Batman - Blue & Yellow Variant,ULTRA_RARE,63.27,0xdaa947bd821d2b3d8cf184554ece696291947bfe,0x1174c1b9504311e67a3ca52a27db54f13218649b,,
e7ba10c1-c678-4b4d-8858-11dd967541e2,2026-08-30 01:52:09,2026-08-29,35710b21-ee19-48c7-b88d-1c6bb114be19,COMIC_COVER,14353,Star Wars (1977),RARE,10.00,0x7e83c3cb90d4e7cde15a168206907306eeed77ad,0x712ed03659f4efb0b8748f8fb7618bca02714660,,
156e2577-95f4-40a4-8d58-bfb9e388b192,2026-08-30 01:51:36,2026-08-29,bd00a602-fcaf-455b-bbe8-13dfadc598fe,COMIC_COVER,589,Daredevil,COMMON,2.90,0x5c351ffda198aa91df287ad320c592222a9dc67c,0x9f4caaec6a2e9f8409b704f3ef16f0d51e827cdf,,
aca04552-8806-4f58-ace3-507f344ed0c2,2026-08-30 01:49:29,2026-08-29,9df98e7e-aa20-4446-8c5a-035795657c87,COMIC_COVER,343,Fantastic Four/Gargoyles,RARE,4.50,0x87cd7b4e8ad06ab2c0fed1c9a47a9d81f20622cf,0xf5abf789603141c6865308d50a0d522e1ebb0718,,
cba1488b-10a0-404e-a5f9-2f1f1997f9ed,2026-08-30 01:42:57,2026-08-29,980469b1-289c-4cb6-bcbf-2a957c2465ba,COMIC_COVER,2112,Star Wars Special: C-3PO,RARE,4.00,0x7f37872fc2127f5597919ffb7b7c2871136c967b,0xade53fc03f5da8122cafd666233b5ae3a688a224,,
5e90058b-1ff3-4449-a47c-436cbb3b9fcc,2026-08-30 01:41:30,2026-08-29,c563e6b7-39d1-4368-a306-21351a5fde79,COMIC_COVER,2378,Star Wars Special: C-3PO,UNCOMMON,2.95,0xdfedd7605676916ac6a0b0f473e0a688513cf2f0,0xade53fc03f5da8122cafd666233b5ae3a688a224,,
58ce968c-9ac3-4473-8b49-19b4f80791f3,2026-08-30 01:28:19,2026-08-29,ab430454-99cf-4b4a-bcc6-5c4ed737512d,COMIC_COVER,1407,Captain America,UNCOMMON,29.99,0x2a3093298af349c198686c5fcca747cd86babe15,0xc7ed902577b999c93d9425653997d9af84299085,,
5f822b82-97fd-4121-b8ee-4f021f21e0ba,2026-08-30 01:27:33,2026-08-29,a30604ac-4ac1-4f27-93b3-33620eb250f4,COMIC_COVER,33680,The Amazing Spider-Man,COMMON,8.50,0xd7b836470fe510048ed7c698f46ff3f0f5fd87c2,0x94b9458ed6303b1b697356d160139348e1dbffbe,,
5878ce6e-b1ba-4739-842b-3cb071dd30ec,2026-08-30 01:26:55,2026-08-29,f0d160a6-8232-48ce-bfbd-40e96d16cfe0,COMIC_COVER,39251,Fantastic Four,COMMON,10.00,0xefcd430dcb92a7847df613b2d6d36d99f665d9fa,0x94b9458ed6303b1b697356d160139348e1dbffbe,,
42b655c2-9e18-4600-bf90-0433898f1084,2026-08-30 01:20:28,2026-08-29,0eb64a14-7bc6-4c23-b56a-bf53aa7c9868,COMIC_COVER,8137,The Amazing Spider-Man,COMMON,4.20,0xd7b836470fe510048ed7c698f46ff3f0f5fd87c2,0x94b9458ed6303b1b697356d160139348e1dbffbe,,
01957d06-6c0a-40c7-8c1d-b9bdb304a4aa,2026-08-30 01:19:26,2026-08-29,7a96fc4a-905f-4397-ae24-230bd54036d9,COMIC_COVER,24980,What If...?,ULTRA_RARE,15.00,0xbe757e70397ebc1f0127827750f2fe298e723824,0x94b9458ed6303b1b697356d160139348e1dbffbe,,
04bdda52-35ba-40e7-b0e6-a5f164d86b45,2026-08-30 01:19:16,2026-08-29,bdb92aac-d1f0-4da3-a200-2c3453d106d0,COMIC_COVER,34701,What If...?,RARE,17.00,0x9f4caaec6a2e9f8409b704f3ef16f0d51e827cdf,0x94b9458ed6303b1b697356d160139348e1dbffbe,,
52cfc023-478e-427d-99df-c58d53ac8138,2026-08-30 01:19:07,2026-08-29,8917c8d3-94b5-4e58-a2d6-ee6757e15342,COMIC_COVER,20865,What If...?,UNCOMMON,6.00,0xb7c5aef9cae88aa10e869dab038964753a0b5789,0x94b9458ed6303b1b697356d160139348e1dbffbe,,
319abfdd-c0a7-48b1-8257-0218dd4839bc,2026-08-30 01:17:51,2026-08-29,d539ef5d-6c9d-4744-b0b6-a56cf15fa702,COMIC_COVER,54649,Marvels,RARE,7.77,0x9acb3a789126289f004c37610ce7b8e806dbe65d,0x94b9458ed6303b1b697356d160139348e1dbffbe,,
267bb41e-e408-47a7-80a3-71e88f443664,2026-08-30 01:17:42,2026-08-29,0c90c49f-d867-47de-991f-d5b5606ffb09,COLLECTIBLE_TYPE,1330,Namor - Phoenix,COMMON,14.00,0xa27826d1da4fdf2e36acf424bc0d833dfad84256,0xa8f9ea19e59b2f8f2e2efe621505908ad7cc209b,,sp3kyng
a9bb6b2c-0a90-4406-878c-7a2e1e1e1e18,2026-08-30 01:17:41,2026-08-29,8354b372-b4f3-4159-b8fe-94c46c2ed691,COMIC_COVER,16554,Marvels,UNCOMMON,4.33,0x9f4caaec6a2e9f8409b704f3ef16f0d51e827cdf,0x94b9458ed6303b1b697356d160139348e1dbffbe,,
bee8c278-3dd1-4df7-a223-a8e88328c593,2026-08-30 01:13:31,2026-08-29,3a592c07-aca1-43c8-9788-632462579e7b,COLLECTIBLE_TYPE,5148,The Emperor's Fist,ULTRA_RARE,239.00,0xbe534ee8af0a9aabf72a0ed80f3e23894272cb26,0x1174c1b9504311e67a3ca52a27db54f13218649b,,
96da91fa-b147-4eaf-b332-d5e19a2dda1e,2026-08-30 01:13:25,2026-08-29,ffcef65b-228a-4330-a648-777b5b082870,COMIC_COVER,136,Lilo & Stitch,COMMON,17.42,0x69b7efb8bcd9b29a46f668eace744f60cd440f01,0x94b9458ed6303b1b697356d160139348e1dbffbe,,
47d616d4-f6c8-4467-914b-c636dfdbfeed,2026-08-30 01:11:41,2026-08-29,e31fc143-da6c-4b99-b756-5622e543258b,COMIC_COVER,975,Saga of the Sub-Mariner,RARE,4.00,0x5c351ffda198aa91df287ad320c592222a9dc67c,0x012fcafef6f05cd903f840c0651837576eff4bc0,,
b088c024-dbcb-474f-aea0-1d67e02d5692,2026-08-30 01:08:53,2026-08-29,4239c71a-a348-4763-9a5a-9f4c48b16e49,COLLECTIBLE_TYPE,185,Mech Bobo - Silver,RARE,9.80,0x4187e4287acce37f6dc1446072146a9c9cb48989,0xe0cbb39953b3fb3ce905f82681181df983453143,,
1813a872-57cd-4556-b1c1-af7dc6dfe159,2026-08-30 01:07:51,2026-08-29,c8451443-e06d-4b2d-996b-e28e71837098,COMIC_COVER,4865,Fantastic Four,COMMON,1.20,0x4ca4710f78a17d3bd47261bcd93b636084d69903,0x94b9458ed6303b1b697356d160139348e1dbffbe,,
3a5d042e-50f0-4467-99ed-187dd24e85a5,2026-08-30 01:07:47,2026-08-29,c8451443-e06d-4b2d-996b-e28e71837098,COMIC_COVER,28391,Fantastic Four,COMMON,1.20,0x93365222c1bbe3b5853c0ca6234f130899bc2760,0x94b9458ed6303b1b697356d160139348e1dbffbe,,
7a355a0c-5ba3-4fcb-95f7-84859322efb8,2026-08-30 01:07:41,2026-08-29,c8451443-e06d-4b2d-996b-e28e71837098,COMIC_COVER,29280,Fantastic Four,COMMON,1.20,0x93365222c1bbe3b5853c0ca6234f130899bc2760,0x94b9458ed6303b1b697356d160139348e1dbffbe,,
3ac8ecb8-a380-448f-81a6-f7066f380622,2026-08-30 01:02:13,2026-08-29,2641f79e-8ce8-4b3f-9806-de801d475c14,COMIC_COVER,2252,Captain America,COMMON,54.65,0x781c34e607ab4fd144707e16bc0aca765ec5fc4d,0x5c351ffda198aa91df287ad320c592222a9dc67c,,
802da2a3-1925-4b0a-a3e4-cf62bf286f49,2026-08-30 01:01:20,2026-08-29,55ead8bb-f564-43b1-b48c-52524bec8827,COMIC_COVER,395,Miles Morales: Spider-Man,COMMON,2.10,0x5c351ffda198aa91df287ad320c592222a9dc67c,0x0a456626fff95687ef3aa6020be8dfa5484a3447,,
3e616e1c-6f36-464e-a5ad-faba61928c45,2026-08-30 01:00:38,2026-08-29,e31fc143-da6c-4b99-b756-5622e543258b,COMIC_COVER,608,Saga of the Sub-Mariner,RARE,4.00,0x5c351ffda198aa91df287ad320c592222a9dc67c,0x61baee0891437723b0f85395fd4f17992e77c77b,,
90c01f7f-92d6-46e7-aa1c-7bb8645d9803,2026-08-30 01:00:27,2026-08-29,478d47ad-3be8-444e-ad77-6974c758e38b,COMIC_COVER,8707,Darth Maul,COMMON,1.19,0x8a5f69b953945dca190af9131a183457f2115342,0xc09e5ba70ec075a93b66348bcd956e218a4855c6,,
d7329c45-c85b-4323-a1da-cf29e49cec42,2026-08-30 00:59:14,2026-08-29,fa94a447-ff5e-43fd-bc9e-d099d6023e89,COMIC_COVER,25889,Tales of Suspense,COMMON,2.00,0x7e83c3cb90d4e7cde15a168206907306eeed77ad,0xc09e5ba70ec075a93b66348bcd956e218a4855c6,,
3fd6fcbc-7a24-488d-bce6-62679efce394,2026-08-30 00:57:49,2026-08-29,b45e54fb-16f0-4057-b5b0-aa93a4e455db,COMIC_COVER,391,Marvel Premiere,COMMON,31.40,0x11e4731a41f20e328d69d714b7d2a5fc5ebdef8a,0x4c96b7bad7a6942a23e3ca85c9a43f5b5e224e48,,
f2e4ed69-c5eb-48fd-8b87-f50b911b77e1,2026-08-30 00:57:45,2026-08-29,a0b06945-0df1-416d-a25c-af780ccef09c,COMIC_COVER,598,Spider-Man Swing Shift Director's Cut,UNCOMMON,4.40,0xfe8607d7982fa9f33d07a5cc03733838087a5af2,0x43872333d3d1015271e7ea0672c9b62a6aeb0d22,,
582bd324-3608-4c90-9214-194d86bf3d4c,2026-08-30 00:57:20,2026-08-29,4d6556ef-32ed-47a8-b299-3692bb1f7ca5,COMIC_COVER,4945,Fantastic Four,COMMON,1.99,0x7e83c3cb90d4e7cde15a168206907306eeed77ad,0xc09e5ba70ec075a93b66348bcd956e218a4855c6,,
d547c8ed-f884-4bf1-9e20-d1c52aa23077,2026-08-30 00:56:54,2026-08-29,448ea470-4329-4c9b-ad29-234261af5de5,COMIC_COVER,604,The Amazing Spider-Man,COMMON,3.45,0xaa8d060555697549431218fb06b04037b7162343,0x43872333d3d1015271e7ea0672c9b62a6aeb0d22,,
a3f8adb3-481e-4eb2-8a2f-00c0c45cbcba,2026-08-30 00:51:44,2026-08-29,2867bd26-61d3-40e9-90df-ad44e9a60bb0,COMIC_COVER,482,X-Men '97: Season Two,UNCOMMON,5.00,0x5c351ffda198aa91df287ad320c592222a9dc67c,0x4c96b7bad7a6942a23e3ca85c9a43f5b5e224e48,,
e3a0fb79-9fb9-4388-87a5-6538885ffad5,2026-08-30 00:50:46,2026-08-29,de3f219a-708d-4df3-8ae5-384a34a49b94,COMIC_COVER,675,Wolverine,COMMON,7.98,0x23894e9606d25aafee326b49bfb99818620ded83,0x4c96b7bad7a6942a23e3ca85c9a43f5b5e224e48,,
c4312d0b-ec61-459c-83e9-fde06e6e7051,2026-08-30 00:49:56,2026-08-29,86913b78-1af9-46a1-864e-a9f6a165032d,COMIC_COVER,518,X-Men,COMMON,7.98,0xaa8d060555697549431218fb06b04037b7162343,0x4c96b7bad7a6942a23e3ca85c9a43f5b5e224e48,,
29b8a0c8-2035-4089-bfe5-5d49a408d1e1,2026-08-30 00:47:28,2026-08-29,9dd62a73-b50a-4b56-9fb7-89cd756ca9da,COMIC_COVER,69606,The Amazing Spider-Man,COMMON,4.99,0xda8eda62175d1a2b3e3f860fa0138a9a773b9c0c,0x737e0c654d5e060039385bc349a7b4cbb0c6a62a,,
90edd4ea-a461-454f-9137-575e3f391dd1,2026-08-30 00:43:02,2026-08-29,89bb6b19-83b8-4688-90a3-bdb642623015,COLLECTIBLE_TYPE,2435,To Die For,RARE,6.50,0xc5f8eb83ed1d4749b3eb7328f2c808573c09d154,0x10309a312f41d47b3b65b5945c1cec060e4d9808,,
66b1b4f1-5db9-41b7-9c6e-db073a7a8af4,2026-08-30 00:40:22,2026-08-29,fc943f7c-7e87-4f6e-b38e-8bc02c6cf7a6,COLLECTIBLE_TYPE,5381,Spider-Man – The Amazing Spider-Man,COMMON,40.00,0x5b50ea6ab4dc779765fd207ee27677d7ba8f5326,0x980e45df4eede31be4e128b95a20ca73c17538b3,Top10Mint,
43295e66-6db4-44e7-9082-96a3e612a66e,2026-08-30 00:40:18,2026-08-29,fc943f7c-7e87-4f6e-b38e-8bc02c6cf7a6,COLLECTIBLE_TYPE,26280,Spider-Man – The Amazing Spider-Man,COMMON,40.00,0xc10e72822a1d520cac50bf6a8d71d09f10c31462,0x980e45df4eede31be4e128b95a20ca73c17538b3,MrChamp,
3ba215c8-edbb-4e80-b7a7-86ae5f262d40,2026-08-30 00:33:36,2026-08-29,9d3783e8-05f7-4e20-b1f7-2c3b520ab3ee,COLLECTIBLE_TYPE,530,Mr. Toad's Wild Ride,SECRET_RARE,295.00,0x9e2d743cdb5f83604b1de67bae0a821b318fd7d7,0xac6692bd96c8577ee570c56127f31b44148f8dca,,
8c4ee6be-f037-4ee5-b91c-78e1f93a4fef,2026-08-30 00:28:21,2026-08-29,d4788b46-09e9-4528-bfd0-39a1a9ca087e,COLLECTIBLE_TYPE,422,Cube,SECRET_RARE,13.75,0x75ca90067216698f41c95a8301a78205a9652377,0xc6730f46c02113ceb47ebd590544b9f7eba39f00,,
4cf4d7b3-fc5b-475d-a0e6-2a894cc2bb9e,2026-08-30 00:22:02,2026-08-29,9dd62a73-b50a-4b56-9fb7-89cd756ca9da,COMIC_COVER,69442,The Amazing Spider-Man,COMMON,4.99,0xda8eda62175d1a2b3e3f860fa0138a9a773b9c0c,0xb0e2efc90729e2500bda19fd6ae2559e4e5e278b,,
8e2cb4c4-a9e5-4bab-a5b0-bafaff21237a,2026-08-30 00:18:59,2026-08-29,7db9bfc2-0833-409e-996a-26f2d8d95687,COMIC_COVER,328,Saga of the Sub-Mariner,SECRET_RARE,499.00,0x5c351ffda198aa91df287ad320c592222a9dc67c,0x634d0f4577e702db92dc842f2a9cf32063775804,,
c64b1af4-d042-482c-a264-6ca5163bd956,2026-08-30 00:10:41,2026-08-29,58ce00bf-e599-453d-ab67-146d84e4803c,COLLECTIBLE_TYPE,83,Colossus - Secret Wars 1985,ULTRA_RARE,41.99,0x801168356958f29e178ce186316abcd35d8c7761,0x8c5b59dbe9040ad1519cd0ba4132ab6010b203fa,,
10e1ef13-80bb-4377-a09b-00977f73603e,2026-08-30 00:08:24,2026-08-29,5a83120d-b4c0-4982-85d7-3046dd7d5f4f,COLLECTIBLE_TYPE,652,Rain,UNCOMMON,1.00,0xaa8d060555697549431218fb06b04037b7162343,0x0efbd11f7745ad1f175ca77ac9a729c873eeea38,,
bbda2807-0ce4-48d5-a495-50cb08949848,2026-08-30 00:00:22,2026-08-29,5a83120d-b4c0-4982-85d7-3046dd7d5f4f,COLLECTIBLE_TYPE,671,Rain,UNCOMMON,1.00,0xaa8d060555697549431218fb06b04037b7162343,0x0efbd11f7745ad1f175ca77ac9a729c873eeea38,,
d00f4dc2-7787-41ce-9639-d37329fcb4d8,2026-08-30 00:00:05,2026-08-29,5a83120d-b4c0-4982-85d7-3046dd7d5f4f,COLLECTIBLE_TYPE,961,Rain,UNCOMMON,1.00,0x40ee1a2354242e5706ab98908175078baf2ba108,0x0efbd11f7745ad1f175ca77ac9a729c873eeea38,,
cd65a21f-2b96-4c79-b4b6-67fb02f18722,2026-08-29 23:59:09,2026-08-29,8725f9a7-1ef1-47b8-ba27-5dbf9640845e,COMIC_COVER,14895,Strange Tales,COMMON,2.95,0xaf01c6783191f3306d3fe3875a53761963d4bb2e,0xef0b3bc019d850671717d65377ec9a4f44156788,,Detectivekunkun
6df4adf3-4a19-4437-843a-a6bf0f895b2e,2026-08-29 23:47:12,2026-08-29,2641f79e-8ce8-4b3f-9806-de801d475c14,COMIC_COVER,9556,Captain America,COMMON,54.65,0x0a8c13d4747540a171ee6d183d3d10de053331ee,0xb0dd8e2e3140cec3489248ebfec747fb861f77c8,,jayroc7903
3f1199fb-e019-478b-be91-6dd180ba3812,2026-08-29 23:46:57,2026-08-29,f6c0f08f-a0e9-455b-9008-13dc70abcfba,COLLECTIBLE_TYPE,345,Vana,SECRET_RARE,29.90,0xc6730f46c02113ceb47ebd590544b9f7eba39f00,0x80f3bde052cdbb0170691b132f51acbc6efc84a9,,
6506b997-c808-4240-8573-ea0b8316224c,2026-08-29 23:45:27,2026-08-29,2641f79e-8ce8-4b3f-9806-de801d475c14,COMIC_COVER,2576,Captain America,COMMON,54.65,0xf766f95fa592646f068a1821e5b6496efaf1a3bf,0x5c351ffda198aa91df287ad320c592222a9dc67c,,
22d7dd9d-e89b-4af8-a2f5-651b22ac16bb,2026-08-29 23:45:20,2026-08-29,2641f79e-8ce8-4b3f-9806-de801d475c14,COMIC_COVER,4377,Captain America,COMMON,54.65,0xf1f555d6470af14113b68e8d56818705cc2f38f7,0x5c351ffda198aa91df287ad320c592222a9dc67c,,
6f2cc2b7-0793-49c4-9afc-04d3862e8f22,2026-08-29 23:39:40,2026-08-29,4f88b6c2-9f84-466d-8e53-427c5d26c9ef,COMIC_COVER,2679,Uncanny X-Men,COMMON,1.00,0x341dcf00b341b1f4d7d92162cbbe2b548dbec1fa,0xbfe133ea734a47faba61661d54c5cbf75bba7d49,,
eedfa135-b511-4977-a99f-6c9d75997ee4,2026-08-29 23:32:12,2026-08-29,9d466685-c3c3-4363-998f-ea6963c2ea04,COMIC_COVER,10142,Fantastic Four,COMMON,10.99,0x7e83c3cb90d4e7cde15a168206907306eeed77ad,0x91e01572a3a55fd1ae0ab06269e1e980dfff1464,,
0306664d-bdae-4b5b-920a-77311144c00a,2026-08-29 23:31:36,2026-08-29,5a83120d-b4c0-4982-85d7-3046dd7d5f4f,COLLECTIBLE_TYPE,702,Rain,UNCOMMON,1.00,0xaa8d060555697549431218fb06b04037b7162343,0x0efbd11f7745ad1f175ca77ac9a729c873eeea38,,
d7e770c5-5789-4329-8552-1a123ecaa921,2026-08-29 23:31:33,2026-08-29,5a83120d-b4c0-4982-85d7-3046dd7d5f4f,COLLECTIBLE_TYPE,708,Rain,UNCOMMON,1.00,0x46da3b0fa2a144c2cd8489ad988ee4027449468a,0x0efbd11f7745ad1f175ca77ac9a729c873eeea38,,
e2c9596e-cefe-4704-942b-10357c398360,2026-08-29 23:31:30,2026-08-29,5a83120d-b4c0-4982-85d7-3046dd7d5f4f,COLLECTIBLE_TYPE,710,Rain,UNCOMMON,1.00,0x46da3b0fa2a144c2cd8489ad988ee4027449468a,0x0efbd11f7745ad1f175ca77ac9a729c873eeea38,,
98e2eec1-bf53-475b-bf81-f02e9b889c7e,2026-08-29 23:31:25,2026-08-29,5a83120d-b4c0-4982-85d7-3046dd7d5f4f,COLLECTIBLE_TYPE,897,Rain,UNCOMMON,1.00,0x40ee1a2354242e5706ab98908175078baf2ba108,0x0efbd11f7745ad1f175ca77ac9a729c873eeea38,,
b5c0c095-179c-4aa2-9bb4-1eadb5745f1d,2026-08-29 23:29:31,2026-08-29,9e65bdba-e67c-4af1-b1bc-f6bcc60e4bcd,COLLECTIBLE_TYPE,3592,Luke Skywalker's X-wing,RARE,27.00,0xaf01c6783191f3306d3fe3875a53761963d4bb2e,0x91e01572a3a55fd1ae0ab06269e1e980dfff1464,,
f3978afd-29f6-42b7-b449-699a2340fe4e,2026-08-29 23:25:23,2026-08-29,b3eaed1c-e2a8-4152-884e-c967a7387222,COMIC_COVER,689,The Amazing Spider-Man,COMMON,7.98,0x23894e9606d25aafee326b49bfb99818620ded83,0x4c96b7bad7a6942a23e3ca85c9a43f5b5e224e48,,
2a13767e-50f4-4227-8ece-8e4e2c7c167b,2026-08-29 23:25:05,2026-08-29,00166f2e-76bf-496f-a78f-8654c808d7e6,COMIC_COVER,600,X-Men,COMMON,6.00,0x23894e9606d25aafee326b49bfb99818620ded83,0x4c96b7bad7a6942a23e3ca85c9a43f5b5e224e48,,
d628ca47-50e0-47bc-9f50-2f54bff429bc,2026-08-29 23:24:50,2026-08-29,f67a1f34-5f06-4b92-b5b6-26973ae5d396,COMIC_COVER,327,The Thing,COMMON,4.00,0x23894e9606d25aafee326b49bfb99818620ded83,0x4c96b7bad7a6942a23e3ca85c9a43f5b5e224e48,,
16b28b9c-f154-4ca7-9621-451e79f8d55b,2026-08-29 23:24:37,2026-08-29,c9db67d2-00f1-4800-8ff5-b99d69cb9f52,COMIC_COVER,871,Wade Wilson: Deadpool,COMMON,5.50,0x23894e9606d25aafee326b49bfb99818620ded83,0x4c96b7bad7a6942a23e3ca85c9a43f5b5e224e48,,
bb32a88c-2dd1-4a26-b331-15bbabefb1e1,2026-08-29 23:16:38,2026-08-29,f91fbba9-e5f3-4d7d-93b4-91efacbc0b27,COLLECTIBLE_TYPE,1829,Spider-Man 2099 - Genetic Awakening,COMMON,14.90,0x229d5a5db58654d41dc8276bcac2975aaa45e1ea,0x76607bea75f84c166284e04e6f3422b5f5f27ae3,,
f56754f9-e2db-4ebe-9328-bb569bb710f0,2026-08-29 23:13:07,2026-08-29,53057d99-ac36-4dd2-b28a-8aa22d9f0b51,COLLECTIBLE_TYPE,2926,Ben Reilly - Acrobatic Arachnid,UNCOMMON,42.99,0x9af72bf8d20e3db1c1ffd8d84258fad28227ca74,0x76607bea75f84c166284e04e6f3422b5f5f27ae3,,
11bdfcff-beb7-4b1c-a1ed-fa5a7d9e4a6a,2026-08-29 23:11:00,2026-08-29,8f1cbd40-53b4-4b5b-b44b-5423bcff6bfe,COLLECTIBLE_TYPE,67207,Happy New Year! 2026 - Tier 1,COMMON,1.00,0x57809a33bab5304541e37c49d3a2a264c2dd4167,0x20ebb3a7e7752ffc00de68ef3a954d5b69a72d40,,
c7b7e243-d276-48da-895b-9764abc62998,2026-08-29 23:07:14,2026-08-29,92635283-99b4-4597-ba69-01e39ccba334,COLLECTIBLE_TYPE,546,Master Splinter - Father Figure,COMMON,4.50,0xd1438261d3075aeea3928b539ff0d756f5a5ec95,0x76607bea75f84c166284e04e6f3422b5f5f27ae3,,
074c420e-8f43-4753-a066-2f1fc221e653,2026-08-29 23:05:32,2026-08-29,d6f429e9-d2f9-4eb7-91da-7b75078155f4,COMIC_COVER,379,Avengers,UNCOMMON,2.80,0x5a3dc65a0c9b2498744937c4b3ed708091d9f7bb,0x2d2933beb21a100977804604194e2956983eb82c,,
d6607410-3f19-490d-b3a8-d4a5de38e079,2026-08-29 23:04:52,2026-08-29,d37184af-298d-4b47-ae13-819fb234b80d,COLLECTIBLE_TYPE,1528,Episode 12 - Arise,COMMON,1.90,0xe98552ce68c8c32db079256be6f35614b03af560,0xdba12b27d8eb55faeb4f840f710cd3b8e9a5c269,,
4b179cd1-0198-4749-9326-46e067f42b5c,2026-08-29 23:03:04,2026-08-29,8904d792-84db-42b3-a317-55ab046e00e8,COMIC_COVER,2828,The X-Men,COMMON,1.49,0x23894e9606d25aafee326b49bfb99818620ded83,0xd3f7ad24272e2b8e596d150e81886c7dfceb5bfc,,
ddd36ae7-5287-40cc-ae1c-83a99b46efd2,2026-08-29 23:02:47,2026-08-29,62e14b15-e06b-4c3c-bdc1-0bdc18fc9b7a,COMIC_COVER,551,The X-Men,COMMON,3.30,0xf1c15133d37341a6e906da5355fb0077bf388126,0xddd416cc3b31deb0bdd9343de7f3311d5c094edf,Petrson,vsanzluna
85cb44a0-1216-4241-8cf3-c40f3a291083,2026-08-29 22:59:15,2026-08-29,92635283-99b4-4597-ba69-01e39ccba334,COLLECTIBLE_TYPE,460,Master Splinter - Father Figure,COMMON,4.50,0xaa8d060555697549431218fb06b04037b7162343,0x40ee1a2354242e5706ab98908175078baf2ba108,,
accfb397-5231-4b57-98f0-8450e81bee89,2026-08-29 22:58:37,2026-08-29,ec460953-de8a-4649-8a68-666bb2f2168b,COLLECTIBLE_TYPE,922,Weakest Hunter - Frame,COMMON,1.15,0x741a844ef54e7571da85fd9355cab541319f05fd,0xdba12b27d8eb55faeb4f840f710cd3b8e9a5c269,,
b2dc7cb2-49ed-400b-9bf9-1f35b3d5174f,2026-08-29 22:48:59,2026-08-29,98370f9b-b3fe-4261-a4c1-4fdfed88e97b,COLLECTIBLE_TYPE,1515,Experiment 626,UNCOMMON,8.00,0xb76d08c1b43bbf5bc61952f8e856f6245bc2a470,0xf6ab7f07c7a9fc05d595f9f6f19f505a664960b0,,
732beb85-572f-4e32-8825-7c3be4d76069,2026-08-29 22:48:01,2026-08-29,8745030c-09fa-44c2-be2e-08c2b7fcdc4d,COLLECTIBLE_TYPE,1648,Scythe,ULTRA_RARE,99.00,0xc7c727830c185e4e241197c68380d9286b6ff61e,0x396233948c93272361ad65a1ff8c3d1289607e7b,,
3c5d4e69-9b6c-4497-9465-7e9f7a2ed651,2026-08-29 22:47:30,2026-08-29,c4e05e9c-1101-4027-8605-b33fb1499a4b,COMIC_COVER,520,The Avengers,COMMON,4.99,0xaf01c6783191f3306d3fe3875a53761963d4bb2e,0xd3f7ad24272e2b8e596d150e81886c7dfceb5bfc,,
9c232be3-8e4c-4228-9d99-96a8a4587974,2026-08-29 22:47:19,2026-08-29,55809cba-774b-48c7-905b-6ccdee05ffe3,COLLECTIBLE_TYPE,2138,The Genie,RARE,10.99,0xaf01c6783191f3306d3fe3875a53761963d4bb2e,0xc69b5476580612c668c4e78e86c6caee63f55bde,,
545facb6-7f4e-4152-bf3f-6b79f17ddca5,2026-08-29 22:47:08,2026-08-29,55809cba-774b-48c7-905b-6ccdee05ffe3,COLLECTIBLE_TYPE,1625,The Genie,RARE,10.99,0xaf01c6783191f3306d3fe3875a53761963d4bb2e,0xc69b5476580612c668c4e78e86c6caee63f55bde,,
8815f8f5-01e7-42c0-b586-87634d172bc1,2026-08-29 22:46:31,2026-08-29,b5fbafef-f911-4a70-95d4-471fba080ecd,COMIC_COVER,326,Saga of the Sub-Mariner,UNCOMMON,7.00,0xe82874c6508bfe5eff50ad6ca7d0ed580463b0e7,0x012fcafef6f05cd903f840c0651837576eff4bc0,,
5a091261-5427-4fa3-b201-b187662b6690,2026-08-29 22:44:33,2026-08-29,01bd4803-ce5d-45ed-9cfa-1d225aa8450a,COMIC_COVER,709,Saga of the Sub-Mariner,COMMON,2.20,0xaa8d060555697549431218fb06b04037b7162343,0x012fcafef6f05cd903f840c0651837576eff4bc0,,
d0d27eea-39c9-4652-a44c-295d0df735f1,2026-08-29 22:44:25,2026-08-29,01bd4803-ce5d-45ed-9cfa-1d225aa8450a,COMIC_COVER,677,Saga of the Sub-Mariner,COMMON,2.20,0xaa8d060555697549431218fb06b04037b7162343,0x012fcafef6f05cd903f840c0651837576eff4bc0,,
7eee9864-b7fa-4a73-be33-266221f44817,2026-08-29 22:43:45,2026-08-29,715c88cc-7b93-4bb7-94ed-addfb58c74b4,COMIC_COVER,471,Saga of the Sub-Mariner,ULTRA_RARE,8.95,0xc17413a468119daf012bc7a534716a8d5002120f,0x012fcafef6f05cd903f840c0651837576eff4bc0,,
c0a3b81b-e314-48b9-a8a7-16cb98192981,2026-08-29 22:43:37,2026-08-29,715c88cc-7b93-4bb7-94ed-addfb58c74b4,COMIC_COVER,803,Saga of the Sub-Mariner,ULTRA_RARE,8.95,0xd08d460344eb63186ab05be87c156b441a5e0f5d,0x012fcafef6f05cd903f840c0651837576eff4bc0,,
1d3268c9-2590-4680-9745-bcfa65b98483,2026-08-29 22:42:51,2026-08-29,b5fbafef-f911-4a70-95d4-471fba080ecd,COMIC_COVER,599,Saga of the Sub-Mariner,UNCOMMON,7.00,0xb8d36e80819e4fc5b38a65724da4a4a62c99f366,0x012fcafef6f05cd903f840c0651837576eff4bc0,,
bb50428d-7b3d-4403-9f2d-62d376637195,2026-08-29 22:42:48,2026-08-29,d83307a8-5674-41f3-86da-ad10185fa7d9,COMIC_COVER,19788,Black Panther (1998),ULTRA_RARE,20.00,0x87cd7b4e8ad06ab2c0fed1c9a47a9d81f20622cf,0xdba12b27d8eb55faeb4f840f710cd3b8e9a5c269,,
bf37727f-0294-4be1-84bd-03a6cc51f9a6,2026-08-29 22:42:45,2026-08-29,ddd9c7e3-08cc-4261-8ef4-4bae2bfbbd26,COMIC_COVER,5193,The Amazing Spider-Man,COMMON,1.00,0x1b7ea6b0eebc1e8b65bff1879463e69242ca4c31,0xd3f7ad24272e2b8e596d150e81886c7dfceb5bfc,,
ad9659e9-85b4-4629-95cf-db66ee84890a,2026-08-29 22:42:34,2026-08-29,7db9bfc2-0833-409e-996a-26f2d8d95687,COMIC_COVER,428,Saga of the Sub-Mariner,SECRET_RARE,49.99,0xc17413a468119daf012bc7a534716a8d5002120f,0x012fcafef6f05cd903f840c0651837576eff4bc0,,
32c2dd9a-ae2b-4cb7-8e6b-2400e4b5aa8c,2026-08-29 22:41:54,2026-08-29,e31fc143-da6c-4b99-b756-5622e543258b,COMIC_COVER,528,Saga of the Sub-Mariner,RARE,3.00,0xd7b836470fe510048ed7c698f46ff3f0f5fd87c2,0x012fcafef6f05cd903f840c0651837576eff4bc0,,
cf391d77-532b-4b2b-9f22-36d19dd2d7e5,2026-08-29 22:39:55,2026-08-29,4875f453-2c97-456c-bd99-2d7005530e2a,COMIC_COVER,2865,The Amazing Spider-Man,COMMON,2.50,0x290f31fcffd92421cb6922e9e5376149f03a1210,0xd3f7ad24272e2b8e596d150e81886c7dfceb5bfc,,
27cce5e9-71a2-459b-a3f2-dbb0fa39bb55,2026-08-29 22:39:08,2026-08-29,a1144b31-ff08-45ba-b0a3-a444d162c6d9,COMIC_COVER,10682,Black Panther (1998),UNCOMMON,8.00,0x9f4caaec6a2e9f8409b704f3ef16f0d51e827cdf,0xdba12b27d8eb55faeb4f840f710cd3b8e9a5c269,,
842b74b6-a885-4855-a53e-673478aa50e6,2026-08-29 22:37:49,2026-08-29,867dc17b-9dbd-4fe5-818d-d7b02c34f79f,COLLECTIBLE_TYPE,209,The ADDICTION Silver Logo,ULTRA_RARE,29.29,0xaa8d060555697549431218fb06b04037b7162343,0xd6b723c30ce5ef91c7215771850bff707b6b3c65,,
6cfdc3fe-21dd-4470-8809-567308cf2111,2026-08-29 22:35:38,2026-08-29,488b4d3e-b76b-447f-a922-c2f33711d93c,COLLECTIBLE_TYPE,5277,Jawa 03,COMMON,4.99,0x4187e4287acce37f6dc1446072146a9c9cb48989,0xeb1e0e651acf0e1e058bbcb6b09258f6028e8be9,,
ddb73640-0198-4e7a-b09a-c746a1df4d66,2026-08-29 22:34:12,2026-08-29,c03b2444-bd47-4778-b0c1-d6e26429217a,COLLECTIBLE_TYPE,841,Silver Surfer,UNCOMMON,18.00,0x7831ac4c9b585cbf93a6e2ec9c71513aafef21c4,0xb612d79dce9370291e82348f94eab72119ef6afe,,
f0750306-0a3e-4255-9bdd-f2a950b2eb6f,2026-08-29 22:33:18,2026-08-29,dcd4f062-5c9e-4a8f-9db0-5fc3a0a5a9a8,COMIC_COVER,3372,The X-Men,COMMON,3.50,0xc9f3376c16946692a2ea98441f4f4c01117c533e,0xd3f7ad24272e2b8e596d150e81886c7dfceb5bfc,Mikeysab,
fce610c0-2034-4d9c-8ee6-b14e8c3d6db0,2026-08-29 22:31:50,2026-08-29,6b0fddfa-b86a-46c5-a57b-d8b0b9aceb33,COMIC_COVER,20342,Star Wars (1977),COMMON,7.99,0x904bf3b41999405bcc01d5950b3e16d8d306e1a0,0xb612d79dce9370291e82348f94eab72119ef6afe,GypsyDawg,
b7d99841-e309-4cc3-bd49-cf6ca000238c,2026-08-29 22:31:45,2026-08-29,6b0fddfa-b86a-46c5-a57b-d8b0b9aceb33,COMIC_COVER,38436,Star Wars (1977),COMMON,7.99,0xb89b6abaebcebdddf343010b58bf4ae6cb16f199,0xb612d79dce9370291e82348f94eab72119ef6afe,,
8cb419cd-97e6-4872-8d19-bb12353313c5,2026-08-29 22:31:40,2026-08-29,6b0fddfa-b86a-46c5-a57b-d8b0b9aceb33,COMIC_COVER,25560,Star Wars (1977),COMMON,7.99,0x45ebbac2806449d007f49d9385dd664d4952fde9,0xb612d79dce9370291e82348f94eab72119ef6afe,,
f6ddeb6e-17e7-45e5-a5c2-e077584c4bdd,2026-08-29 22:31:19,2026-08-29,a9e31860-56f0-4c40-950d-4790b8299b13,COMIC_COVER,3350,Star Wars: The Mandalorian,COMMON,7.00,0xfde68b20cb2c09b21474f590a7ea8401f648eb82,0xb612d79dce9370291e82348f94eab72119ef6afe,,
f82e343f-0ddd-43a2-9e5c-5298834b2e7c,2026-08-29 22:31:14,2026-08-29,a9e31860-56f0-4c40-950d-4790b8299b13,COMIC_COVER,2208,Star Wars: The Mandalorian,COMMON,7.00,0xa27826d1da4fdf2e36acf424bc0d833dfad84256,0xb612d79dce9370291e82348f94eab72119ef6afe,,
987f518c-17de-41f8-b0e8-67f636a8da05,2026-08-29 22:31:10,2026-08-29,a9e31860-56f0-4c40-950d-4790b8299b13,COMIC_COVER,5842,Star Wars: The Mandalorian,COMMON,7.00,0xa27826d1da4fdf2e36acf424bc0d833dfad84256,0xb612d79dce9370291e82348f94eab72119ef6afe,,
5492eba9-dca3-4ecb-8a7c-9f339f1e3aea,2026-08-29 22:30:27,2026-08-29,5a83120d-b4c0-4982-85d7-3046dd7d5f4f,COLLECTIBLE_TYPE,706,Rain,UNCOMMON,1.00,0xaa8d060555697549431218fb06b04037b7162343,0x7aeeeaa9b2dd1cc47a8e75e85c5923680e580bdd,,
01f7da5a-cb89-45f3-8c63-9fd776aaf209,2026-08-29 22:23:43,2026-08-29,77857a70-edf2-4401-9798-93f63b941d60,COLLECTIBLE_TYPE,265,Vulture,UNCOMMON,5.50,0xf261030b8d23d33eaec9dedc89353cc2f218369d,0xb612d79dce9370291e82348f94eab72119ef6afe,,
eff0e253-bfe3-4aa0-ba90-292a08c100d7,2026-08-29 22:23:27,2026-08-29,9c93d4b4-2dab-4c9d-b5e2-0f29e791bd39,COLLECTIBLE_TYPE,279,Electro,UNCOMMON,5.50,0x19db8c09985e8a22bdca3969a05fe772e2c92492,0xb612d79dce9370291e82348f94eab72119ef6afe,,
6f955e97-f956-4df3-a668-f64035e27fcc,2026-08-29 22:22:58,2026-08-29,f4ba3117-9a23-4ab7-b489-2908ccb176c6,COLLECTIBLE_TYPE,281,Sandman,UNCOMMON,5.99,0xebaf4e9b0ba688ed5c85f62b10d95e2bd3b1c6cd,0xb612d79dce9370291e82348f94eab72119ef6afe,,
a4404f07-ae4e-44ce-8af3-dbc5574e234a,2026-08-29 22:22:37,2026-08-29,1e686588-d7fe-40bc-81be-15d2ca5be3fb,COLLECTIBLE_TYPE,254,Mysterio,RARE,7.98,0xdc5334963cb0811c26c15e76d34fe192f3082712,0xb612d79dce9370291e82348f94eab72119ef6afe,,
fc5ed302-b6ea-4781-8796-b272a47ecee8,2026-08-29 22:21:56,2026-08-29,b5b4ac15-9981-45b2-a464-df0f56890c47,COMIC_COVER,5311,Silver Surfer: Black,COMMON,1.15,0x294ce59071232bb8abaafe65224ee4f408634933,0xd3f7ad24272e2b8e596d150e81886c7dfceb5bfc,,
5355a906-7f03-42a3-86ce-3da5fe679f4c,2026-08-29 22:21:43,2026-08-29,f675174d-d5da-42a1-9db1-7fb59a20fb91,COLLECTIBLE_TYPE,133,Doctor Octopus,ULTRA_RARE,19.00,0xfb99df1477da04ae0ac658e4eeed1e4dcda92f33,0xb612d79dce9370291e82348f94eab72119ef6afe,,
57e7c3c6-51d1-454a-9fb8-ee870932767a,2026-08-29 22:20:44,2026-08-29,66b46e57-90c5-4556-a65e-6dc44899cea6,COMIC_COVER,16248,Marvel Comics,COMMON,23.00,0x5473cffcc7fe8d573aa316691af9ab4cdde14e89,0xb89b6abaebcebdddf343010b58bf4ae6cb16f199,,
6de8d2d4-5689-4555-8925-8d085827757c,2026-08-29 22:20:08,2026-08-29,61940655-193f-49ed-885d-3c58d4b81b3e,COMIC_COVER,1819,Tales of Suspense,COMMON,1.69,0xe4ae5c289f99678ee4476d08da2a0efe6c6b8107,0xd3f7ad24272e2b8e596d150e81886c7dfceb5bfc,ntown514,
ff4d4092-a061-410e-aa5e-e119c7d7bfbc,2026-08-29 22:19:40,2026-08-29,5a83120d-b4c0-4982-85d7-3046dd7d5f4f,COLLECTIBLE_TYPE,1245,Rain,UNCOMMON,1.00,0x95b6f607ad2b1215df2c92d9b1fc6ad2f277504f,0x0fa4bf6a9ee7c743245abaaf996f3804a4ee8eb6,StandOffChart,
05fb4367-f5d9-45fe-8468-50b76c6258b0,2026-08-29 22:18:46,2026-08-29,8725f9a7-1ef1-47b8-ba27-5dbf9640845e,COMIC_COVER,11386,Strange Tales,COMMON,2.95,0x7e83c3cb90d4e7cde15a168206907306eeed77ad,0xd3f7ad24272e2b8e596d150e81886c7dfceb5bfc,,
6f786420-7fab-45c5-876a-d2a69b999791,2026-08-29 22:17:56,2026-08-29,4d6556ef-32ed-47a8-b299-3692bb1f7ca5,COMIC_COVER,3327,Fantastic Four,COMMON,1.99,0xa27826d1da4fdf2e36acf424bc0d833dfad84256,0xd3f7ad24272e2b8e596d150e81886c7dfceb5bfc,,
48659ef0-3b7b-439e-b1af-94a5c72b2cd9,2026-08-29 22:17:38,2026-08-29,4d6556ef-32ed-47a8-b299-3692bb1f7ca5,COMIC_COVER,3082,Fantastic Four,COMMON,1.99,0xa27826d1da4fdf2e36acf424bc0d833dfad84256,0xd3f7ad24272e2b8e596d150e81886c7dfceb5bfc,,
d97a443a-a9b7-4b7d-b256-b25a5af48fa0,2026-08-29 22:17:28,2026-08-29,4d6556ef-32ed-47a8-b299-3692bb1f7ca5,COMIC_COVER,3027,Fantastic Four,COMMON,1.99,0xab5066b45f3b731f4b0069e67ea886d1dad865b1,0xd3f7ad24272e2b8e596d150e81886c7dfceb5bfc,,
09531e19-968e-4fc4-b660-4968a0eee6b5,2026-08-29 22:16:39,2026-08-29,b45e54fb-16f0-4057-b5b0-aa93a4e455db,COMIC_COVER,701,Marvel Premiere,COMMON,19.99,0x4dad8c9bbc92851f617b34a0a7d7d1a487f10349,0x3298eba1145d24dbbb5de9c56e2c8ad91f6daa55,,
e2a4a794-22ba-4c12-8104-5c9094ae8b22,2026-08-29 22:15:28,2026-08-29,6b0fddfa-b86a-46c5-a57b-d8b0b9aceb33,COMIC_COVER,20580,Star Wars (1977),COMMON,7.99,0x7e83c3cb90d4e7cde15a168206907306eeed77ad,0xb89b6abaebcebdddf343010b58bf4ae6cb16f199,,
b0371793-6290-4c5f-b70a-38292edb1725,2026-08-29 22:15:26,2026-08-29,0ab36b42-c881-4c73-bbc2-fda5515240d1,COMIC_COVER,54221,The New Mutants,COMMON,2.50,0x7e83c3cb90d4e7cde15a168206907306eeed77ad,0x09210c9739d6a53347078700ad743adf1db084a8,,
8728f20d-8977-41ff-abb9-17ff772e88f8,2026-08-29 22:15:09,2026-08-29,719b4691-a26e-4047-9597-5cefa1cae8ef,COMIC_COVER,3652,Giant-Size X-Men,COMMON,22.99,0xda8eda62175d1a2b3e3f860fa0138a9a773b9c0c,0x09210c9739d6a53347078700ad743adf1db084a8,,
4d28868e-fe08-414c-93bb-6f3ef75b77ff,2026-08-29 22:13:39,2026-08-29,a6df862b-5cb3-4014-a6c8-0f7352bd5c24,COLLECTIBLE_TYPE,572,Finn McWiggles,COMMON,2.57,0x71c72a3dd6e632d0aff4732832164acedc7edaa4,0xb240e826eb9d0cf5afe5aa50e19ea7f8b4ee53e2,,
79f78114-0d4f-4c8c-9ead-4fef74c65084,2026-08-29 22:13:37,2026-08-29,0c90c49f-d867-47de-991f-d5b5606ffb09,COLLECTIBLE_TYPE,357,Namor - Phoenix,COMMON,13.40,0x25941f6e1ad31eae02fbf6f97716c8337ad0fa00,0xb599fc38cdb2cfe958ff30446107fbd2972fa49e,,thomasg23
452d09f2-0cee-4fc8-baa0-cce8879d0183,2026-08-29 22:10:29,2026-08-29,0c90c49f-d867-47de-991f-d5b5606ffb09,COLLECTIBLE_TYPE,361,Namor - Phoenix,COMMON,13.40,0x25941f6e1ad31eae02fbf6f97716c8337ad0fa00,0xc213c0a5712ab775639f59995d4e5612b6267fc7,,
c3b70ea5-fd79-4691-8c8a-0bc3e556f322,2026-08-29 22:05:19,2026-08-29,73255fe7-c9e7-489a-a3bd-547b9b87a8a5,COLLECTIBLE_TYPE,289,Ash ,ULTRA_RARE,4.00,0x36132f6cd3984336d75a666c5372a427af931bf2,0x86cf60a40c15b78974bfcd1000e695875da24c9d,,
b7771651-6af7-4797-ae98-7cbd148c83e7,2026-08-29 22:05:11,2026-08-29,3f4271e1-2487-434b-99f5-a55c73c53ac9,COLLECTIBLE_TYPE,366,Invisible Woman – Ultimate Animated,SECRET_RARE,58.99,0x5b50ea6ab4dc779765fd207ee27677d7ba8f5326,0x863cbb3241338abb9cc0f1fb9cd1df7bab9ca273,Top10Mint,
9b0e4de0-2165-4a06-9873-9d319e7a3630,2026-08-29 22:02:48,2026-08-29,ca6b36f9-e72b-4e29-95da-b1c4a3626242,COLLECTIBLE_TYPE,650,Snow,COMMON,1.00,0x36132f6cd3984336d75a666c5372a427af931bf2,0x86cf60a40c15b78974bfcd1000e695875da24c9d,,
edbaa754-7efb-49e3-afdd-de4a3a608341,2026-08-29 22:01:57,2026-08-29,f6e15150-641b-4d8e-b7cc-19027a019d1f,COLLECTIBLE_TYPE,116,Chris Robots Will Kill - OG,ULTRA_RARE,20.00,0xd7b836470fe510048ed7c698f46ff3f0f5fd87c2,0xc09e5ba70ec075a93b66348bcd956e218a4855c6,,
fa6c51c7-3056-4f7b-9140-44429a156fb7,2026-08-29 22:01:51,2026-08-29,1bacdd79-a711-4a24-9bfa-c0927e871e9a,COLLECTIBLE_TYPE,137,Chris Robots Will Kill - SUYE Special Sky Blue,ULTRA_RARE,28.00,0xd7b836470fe510048ed7c698f46ff3f0f5fd87c2,0xc09e5ba70ec075a93b66348bcd956e218a4855c6,,
80d20887-da2d-41cb-b1eb-8f066fe17bd9,2026-08-29 22:01:32,2026-08-29,5a83120d-b4c0-4982-85d7-3046dd7d5f4f,COLLECTIBLE_TYPE,1321,Rain,UNCOMMON,1.00,0xc6730f46c02113ceb47ebd590544b9f7eba39f00,0x86cf60a40c15b78974bfcd1000e695875da24c9d,,
e04ba341-10ec-47cb-9787-aee349e4e8cf,2026-08-29 21:58:32,2026-08-29,bc64c1a9-5efe-4b52-824d-27ffed8b13e4,COLLECTIBLE_TYPE,947,Lightning,RARE,2.03,0x7aeeeaa9b2dd1cc47a8e75e85c5923680e580bdd,0x0efbd11f7745ad1f175ca77ac9a729c873eeea38,,
a115c130-fa29-4a39-b01a-6376dce3dac0,2026-08-29 21:58:28,2026-08-29,bc64c1a9-5efe-4b52-824d-27ffed8b13e4,COLLECTIBLE_TYPE,861,Lightning,RARE,2.03,0x7aeeeaa9b2dd1cc47a8e75e85c5923680e580bdd,0x0efbd11f7745ad1f175ca77ac9a729c873eeea38,,
6e94b693-f42a-4ebd-b380-2dbe40a88061,2026-08-29 21:58:01,2026-08-29,ea954588-2e89-4829-9b96-92609acfc4c1,COLLECTIBLE_TYPE,451,Eson the Searcher,UNCOMMON,5.98,0x7e0a55aac7035b75202828a59d8b7af21405fd82,0x37b8850d63a56e5ee575c546e289adf5c8244329,,
38c5f33b-c587-4f4e-ae4a-3d037f49147a,2026-08-29 21:55:56,2026-08-29,b2fa7e88-8198-4ef6-ae74-428d014b32c8,COLLECTIBLE_TYPE,84,Flerkitten 6,ULTRA_RARE,9.00,0x290f31fcffd92421cb6922e9e5376149f03a1210,0x21188c1d9afb6cc5a0243f6f8dcd5d149e7672e9,,Sfriedl6969
aeac48d6-8d6d-4bbd-837c-fc2ddaeb4b1a,2026-08-29 21:54:47,2026-08-29,d3ece884-29cf-45f3-9007-848a4c23f00b,COMIC_COVER,615,Marvel Premiere,UNCOMMON,999.00,0x4dad8c9bbc92851f617b34a0a7d7d1a487f10349,0x3298eba1145d24dbbb5de9c56e2c8ad91f6daa55,,
ce3a8a65-456a-4669-83eb-91831f02f233,2026-08-29 21:53:22,2026-08-29,d3ece884-29cf-45f3-9007-848a4c23f00b,COMIC_COVER,255,Marvel Premiere,UNCOMMON,999.00,0x492c3201751a0adb22b89b9a191d94788113685b,0x3298eba1145d24dbbb5de9c56e2c8ad91f6daa55,,
73bd8d1c-f99a-410f-92a7-581c3ceadc86,2026-08-29 21:46:50,2026-08-29,0c90c49f-d867-47de-991f-d5b5606ffb09,COLLECTIBLE_TYPE,428,Namor - Phoenix,COMMON,13.40,0xc9f3376c16946692a2ea98441f4f4c01117c533e,0x2a657b2af10018f8fe71451b1aabb36d872a24b0,Mikeysab,
fc66b076-89bb-42c1-8392-f9b6b92ec85e,2026-08-29 21:44:36,2026-08-29,07ae4738-c49e-4aa7-b06f-be8bd883b489,COMIC_COVER,930,Black Cat,COMMON,3.00,0x0cea3b049375a3b5c96f73504d8cefc56a6c8888,0x21dcc9607aeb9f61bf6d89a8a729743e9b1127bc,,
d287fe6b-a1c1-414b-89cf-d294b991e239,2026-08-29 21:38:54,2026-08-29,c8a76df1-5979-4917-8189-5ecb4a2e4225,COLLECTIBLE_TYPE,249,KABOOM,SECRET_RARE,19.00,0x21a16299af33e17a680a9431a705af6942245c05,0x66e3d5ffa80294c8822aad57f6a73e715ef8a169,,
4366f1d2-6894-4795-9a65-847af76a67db,2026-08-29 21:38:45,2026-08-29,ff142570-e43a-4f7e-8a15-4668b0e4d332,COLLECTIBLE_TYPE,501,ZAP!,ULTRA_RARE,5.65,0xae16400e6107df7171cf8767487ffebef0e59954,0x66e3d5ffa80294c8822aad57f6a73e715ef8a169,,
888a381e-6468-41c1-a7e5-168ba85ad851,2026-08-29 21:32:34,2026-08-29,bc64c1a9-5efe-4b52-824d-27ffed8b13e4,COLLECTIBLE_TYPE,175,Lightning,RARE,2.03,0xae16400e6107df7171cf8767487ffebef0e59954,0x0efbd11f7745ad1f175ca77ac9a729c873eeea38,,
aca33b1b-344e-455e-af9c-26936d8456ab,2026-08-29 21:29:01,2026-08-29,0c90c49f-d867-47de-991f-d5b5606ffb09,COLLECTIBLE_TYPE,1211,Namor - Phoenix,COMMON,13.40,0x78b7aaf6ee413635280aade5bb23b9a2a8b7afbc,0x140e5f02a256f2a048e5770a61592d9cd2e95198,,Hurcaneman
2cb16013-8c5c-4ec9-afef-520a734601b5,2026-08-29 21:28:01,2026-08-29,0deb4d99-746c-463e-80f9-43c724334c8f,COLLECTIBLE_TYPE,3799,Smorkin' Labbit - Choice Cuts,COMMON,15.00,0x7aeeeaa9b2dd1cc47a8e75e85c5923680e580bdd,0xddbe533ce25a85601a52f111246458f8a09a3256,,
6307b07b-3d77-4122-95e8-3c2d03aa3394,2026-08-29 21:26:38,2026-08-29,4cbc534c-3332-4f0c-a3f1-05f7b030224c,COLLECTIBLE_TYPE,21,POW!,COMMON,1.00,0xfe538e230e088ee1e83c3664d0f4d3a03c5f47da,0x37046351bf2efc814f13eae48ddb360c61529756,,
89b78355-2545-4b92-94f6-c4937ca6916f,2026-08-29 21:21:35,2026-08-29,0c90c49f-d867-47de-991f-d5b5606ffb09,COLLECTIBLE_TYPE,782,Namor - Phoenix,COMMON,13.40,0x2c6a5c54e3dfd72ba88f983102117ce22573063e,0x0a456626fff95687ef3aa6020be8dfa5484a3447,,
8830d645-e3a5-4d90-a1ef-09fbe863d6c2,2026-08-29 21:16:53,2026-08-29,4935dbdc-9f7c-4212-9662-3c2cd0e288fe,COLLECTIBLE_TYPE,556,Josh Divine - Biting Vase - Teething Plant,UNCOMMON,7.00,0xdc5334963cb0811c26c15e76d34fe192f3082712,0x94af1e80e36bf02776fbf4a08c4e40ce9f5d0da9,,
3358153c-3b5d-42a4-94a8-747ede4c254e,2026-08-29 21:16:08,2026-08-29,0c90c49f-d867-47de-991f-d5b5606ffb09,COLLECTIBLE_TYPE,1013,Namor - Phoenix,COMMON,13.40,0xab43c36e07de149d09eb22fc2fa2a5fc06815c50,0xe3ea86f73418c0ff76e3761a73c08668a552be33,,
d8dfe74c-cf6e-46c8-ae7d-cc5d0443b204,2026-08-29 21:13:14,2026-08-29,2c9dc59b-6eed-4755-89ff-05e47a1c5423,COLLECTIBLE_TYPE,996,Drax,ULTRA_RARE,9.00,0xb0dd8e2e3140cec3489248ebfec747fb861f77c8,0x6ce16df2dda6e082b02d2dc390b3b3eb60c3b83b,jayroc7903,
afef868d-35a2-44b4-b3c3-3cb249e8b39a,2026-08-29 21:11:51,2026-08-29,9e18d9a8-1c29-46d7-a225-6a35819f3feb,COMIC_COVER,24506,The Avengers,UNCOMMON,3.99,0x82e7de3c90eb247234c318dc92e0d0bbbb236d60,0x9f4caaec6a2e9f8409b704f3ef16f0d51e827cdf,,
e5f675ec-dad2-4ba9-b45b-1a110987f914,2026-08-29 21:06:51,2026-08-29,a18440b9-4f7e-4136-986a-c8801a8b981b,COLLECTIBLE_TYPE,1166,VeVe Christmas Tree - Platinum,RARE,2.00,0x7831ac4c9b585cbf93a6e2ec9c71513aafef21c4,0x1c6c5850ef98076bd86cc7c069544887a0a2531d,,
db582a5f-7618-49c0-803f-042ea1e01d98,2026-08-29 21:06:15,2026-08-29,ca3678e8-3ed8-4db0-ac03-da39f94d2c99,COLLECTIBLE_TYPE,1298,Turtle,COMMON,1.90,0xae16400e6107df7171cf8767487ffebef0e59954,0x1c6c5850ef98076bd86cc7c069544887a0a2531d,,
50472e13-cdbe-4ad6-a52d-d805b59fa3b2,2026-08-29 21:06:07,2026-08-29,2ab60547-aaf6-4120-828d-cc6372ac3335,COLLECTIBLE_TYPE,1775,Sewer Manhole - Silver,COMMON,1.90,0xae16400e6107df7171cf8767487ffebef0e59954,0x1c6c5850ef98076bd86cc7c069544887a0a2531d,,
b244c6fa-0958-4430-9a92-b04f96b184f8,2026-08-29 21:05:58,2026-08-29,4836f896-a3b1-4539-a79f-1b0a26bd5a25,COLLECTIBLE_TYPE,476,Rat,COMMON,1.88,0xa27826d1da4fdf2e36acf424bc0d833dfad84256,0x1c6c5850ef98076bd86cc7c069544887a0a2531d,,
e339d5ca-0773-448d-a0cf-a09d1695872b,2026-08-29 21:05:37,2026-08-29,bc64c1a9-5efe-4b52-824d-27ffed8b13e4,COLLECTIBLE_TYPE,842,Lightning,RARE,2.03,0x36132f6cd3984336d75a666c5372a427af931bf2,0x1c6c5850ef98076bd86cc7c069544887a0a2531d,,
eb69ad46-8f3e-400e-a529-81f1c1285003,2026-08-29 21:05:20,2026-08-29,f5e0f729-c64c-4d77-bdf6-831cc180a9fa,COLLECTIBLE_TYPE,12489,Ikaris,COMMON,1.49,0xf02239ae7687537672f20f7e77db57f2e76abe46,0x1c6c5850ef98076bd86cc7c069544887a0a2531d,,
e2a937d2-fddc-4d61-9042-8f307cd48559,2026-08-29 21:05:08,2026-08-29,f108a1b1-62eb-473c-88d0-3d340255f4d7,COLLECTIBLE_TYPE,499,Beach Prank,RARE,1.49,0x51266f8af0b734b8fa5861f7871fd9924c49b6ae,0x1c6c5850ef98076bd86cc7c069544887a0a2531d,,
4f760adb-049f-4fe3-8be8-a23280c9a097,2026-08-29 21:04:58,2026-08-29,d90a73fb-fcef-4c6c-bf36-acfe1f371cf5,COLLECTIBLE_TYPE,992,Record #3 - Ascension - Original,COMMON,1.35,0x71c72a3dd6e632d0aff4732832164acedc7edaa4,0x1c6c5850ef98076bd86cc7c069544887a0a2531d,,
767d62b8-99d2-410d-8bf7-eba6b6bc5501,2026-08-29 21:04:46,2026-08-29,ec460953-de8a-4649-8a68-666bb2f2168b,COLLECTIBLE_TYPE,1396,Weakest Hunter - Frame,COMMON,1.15,0x741a844ef54e7571da85fd9355cab541319f05fd,0x1c6c5850ef98076bd86cc7c069544887a0a2531d,,
92fd6ed0-d705-4f1a-a45a-71078247f2ca,2026-08-29 21:03:05,2026-08-29,c3df7496-e8e7-4507-b80a-5c2b5d996645,COLLECTIBLE_TYPE,3244,#100 Todd McFarlane Batman,COMMON,489.00,0x302746f315498b1575ce009d6fd2a3604ba09790,0x7831ac4c9b585cbf93a6e2ec9c71513aafef21c4,,
5924893a-cd8e-4a9e-bcfa-320723c86399,2026-08-29 21:02:30,2026-08-29,e5b5aea2-490c-489e-9e38-376bafec175e,COMIC_COVER,23097,Tales of Suspense,RARE,7.90,0x93365222c1bbe3b5853c0ca6234f130899bc2760,0xc7ed902577b999c93d9425653997d9af84299085,,
f039ac46-970c-4d67-9db3-d9abe728db2d,2026-08-29 21:02:00,2026-08-29,e5b5aea2-490c-489e-9e38-376bafec175e,COMIC_COVER,9691,Tales of Suspense,RARE,7.90,0x99fd68577dbca58276d4fa31aa3a1bae9f28b98d,0xc7ed902577b999c93d9425653997d9af84299085,,
cc7f159e-61cc-4ce4-a980-e77570731f3c,2026-08-29 20:58:22,2026-08-29,498009da-d0bd-48a5-824d-cd038af77cff,COLLECTIBLE_TYPE,1953,Remember Us - Vital Voices I,RARE,13.00,0xaf01c6783191f3306d3fe3875a53761963d4bb2e,0xffc7c5d30ee6a8e1153568f77cc11acc519204b9,,aaron101
dabcfdb2-89c0-4113-8254-9a5290faf788,2026-08-29 20:56:49,2026-08-29,b5fbafef-f911-4a70-95d4-471fba080ecd,COMIC_COVER,294,Saga of the Sub-Mariner,UNCOMMON,7.00,0x7d5617bcdd69d95f3fc13c3ebce84f0726ab7202,0xf06aa58f0b31f57ded6de9dbe3154a124a16dd03,,
111a0a75-e0fb-41d3-b0c8-ed5c0d426481,2026-08-29 20:55:38,2026-08-29,715c88cc-7b93-4bb7-94ed-addfb58c74b4,COMIC_COVER,290,Saga of the Sub-Mariner,ULTRA_RARE,8.95,0x5ceb957d7cfab7bd1a87dd3e1f300455826631dd,0x11e4731a41f20e328d69d714b7d2a5fc5ebdef8a,,
c1da54a8-1e6b-431b-b1c7-12ee9ffee2eb,2026-08-29 20:54:21,2026-08-29,0f73e72f-8bc1-48c4-8b70-4e9b4e372003,COLLECTIBLE_TYPE,311,Namor - Saga of the Sub-Mariner 1988,ULTRA_RARE,54.00,0xc09e5ba70ec075a93b66348bcd956e218a4855c6,0x2bffa49ff9e8c9b80fd8e86d2937d042040f2b67,,
0b336317-66f1-4189-aae4-74bd66cecd3a,2026-08-29 20:53:56,2026-08-29,4e40c6d5-426f-48ea-aa0f-c0a244065d81,COMIC_COVER,14155,Thanos,COMMON,1.00,0xcc1fdac6ae9112ecc05611a8ae85e9ce482e9e43,0x6c6db76795fba484407eaf6d49ce31f3e84e752b,,
5c5b4f96-8a4b-4d5b-bf00-d27571252085,2026-08-29 20:53:36,2026-08-29,36bb36e9-9ac4-4b63-9b15-c79506a52f74,COMIC_COVER,18053,Iron Man,UNCOMMON,1.95,0x6eec7f98ea69232c75f460c07e0a640665d844f3,0x6c6db76795fba484407eaf6d49ce31f3e84e752b,,
5dc509e9-7b72-4cac-bd6b-c22bb4cd0723,2026-08-29 20:53:15,2026-08-29,f63d1fb2-9241-4ef0-bfcb-9c387d48dacb,COMIC_COVER,19428,What If...?,COMMON,3.23,0x7e83c3cb90d4e7cde15a168206907306eeed77ad,0x6c6db76795fba484407eaf6d49ce31f3e84e752b,,
b735fbd4-c618-4a71-beb1-1617e39cef66,2026-08-29 20:52:52,2026-08-29,cc8cc975-d499-44d9-8f94-496d5344a190,COMIC_COVER,21317,The Avengers,COMMON,1.00,0xf89617ce514894f8f3d73225c9c3da19d17bb04d,0x6c6db76795fba484407eaf6d49ce31f3e84e752b,,
5b6dad2b-1394-4196-bf76-695e0d2e4778,2026-08-29 20:52:39,2026-08-29,1e686588-d7fe-40bc-81be-15d2ca5be3fb,COLLECTIBLE_TYPE,323,Mysterio,RARE,7.98,0xb71a49f6bfcf21d2cc10d821d1dc46a4d001c5a5,0x18c0681f2f78e740f9ca204c84cf295187623fc3,,
6c6ac508-329c-4353-971d-48b27e9e2e6e,2026-08-29 20:35:57,2026-08-29,0c90c49f-d867-47de-991f-d5b5606ffb09,COLLECTIBLE_TYPE,190,Namor - Phoenix,COMMON,13.40,0x293fcc0ac045bdfb5cc0ee137c7f3ece4e077185,0xe5d42d4e36b86435ece0c0b3f3f37b6a001484d7,LSully,
afadae27-f93f-4cc4-b7ea-4653200ac572,2026-08-29 20:31:26,2026-08-29,21eb44d8-7657-461d-b216-e6317b316309,COMIC_COVER,106,Captain America,COMMON,3.50,0x23894e9606d25aafee326b49bfb99818620ded83,0xd3142fa03b778b3739f02e2a6b90f5219f1dec78,,
858b787f-670d-4cb6-ab3c-26cb9c5be2e5,2026-08-29 20:31:09,2026-08-29,53057d99-ac36-4dd2-b28a-8aa22d9f0b51,COLLECTIBLE_TYPE,1731,Ben Reilly - Acrobatic Arachnid,UNCOMMON,42.99,0x5b50ea6ab4dc779765fd207ee27677d7ba8f5326,0x472cd427173843a361fb5fe464ddc74c2438d7eb,Top10Mint,
a1b0ad95-a0a9-4322-b625-12fec950c223,2026-08-29 20:31:02,2026-08-29,f9806534-f799-4782-a060-48cede672f8a,COMIC_COVER,413,Spectacular Spider-Man: Brand New Day,COMMON,3.59,0xfa303470afd5519957932d42a958dcb6ff63edc8,0xd3142fa03b778b3739f02e2a6b90f5219f1dec78,,
a1b87c5d-349f-4233-be6b-4ac38875b38a,2026-08-29 20:26:35,2026-08-29,f9fdfaed-7e52-47ec-bad6-ba9e54f988d0,COMIC_COVER,703,The Amazing Spider-Man,UNCOMMON,2.50,0x4187e4287acce37f6dc1446072146a9c9cb48989,0xcb71032b14322bcefc3f763cec3b693430ed8232,,
ffd2fd1e-0e83-4f61-8506-cba0c228303c,2026-08-29 20:14:12,2026-08-29,cfa7ac81-c3bb-4143-9a77-541def30af60,COMIC_COVER,248,The Amazing Spider-Man,UNCOMMON,3.25,0x2c6a5c54e3dfd72ba88f983102117ce22573063e,0xfce2e61af4187c992739066301545b395b2c3e8e,,
85a2c1f8-a762-418c-9746-51d56e31b624,2026-08-29 20:11:46,2026-08-29,820d4e35-ce99-427a-a657-77146bdd44e7,COMIC_COVER,853,Spider-Man 2099,COMMON,1.30,0x40ee1a2354242e5706ab98908175078baf2ba108,0xfce2e61af4187c992739066301545b395b2c3e8e,,
5e76d7fe-500a-49f7-be09-7e206d5a78da,2026-08-29 20:10:18,2026-08-29,182d55b2-23c7-4270-8f44-16682cc07eec,COLLECTIBLE_TYPE,655,Record #2 - Fame Finds The Village Idiot - Original,COMMON,1.60,0x9f2a6ae4ccdf30a4416b32db64868071648485b4,0x88fd9cc5423750953264207e42cdb56f54cf662b,,
b0ee1a69-d2e1-4706-93cd-52f34284502e,2026-08-29 20:09:29,2026-08-29,63d685af-c084-48fa-955c-271b0fe8b6e7,COLLECTIBLE_TYPE,771,Star Wars Episode V: The Empire Strikes Back,COMMON,9.75,0xe37e59bbf5b436a019501a5acb17b0f01081cd2c,0x9f1b0abf4d14be507ced92754add0d7799dad0c9,KcBmw,
dd87900b-e28c-4bea-9675-add7ab4392a6,2026-08-29 20:06:14,2026-08-29,9fb4f37e-1474-4dea-99b9-aa016d8408e6,COLLECTIBLE_TYPE,1077,Adi Granov Main Cover,COMMON,4.97,0x6eec7f98ea69232c75f460c07e0a640665d844f3,0x9f1b0abf4d14be507ced92754add0d7799dad0c9,,
ecb1e112-dc64-4072-a640-2b0a86d2612c,2026-08-29 20:03:17,2026-08-29,baa3d595-5506-45fb-8851-3b0012d6b8d7,COLLECTIBLE_TYPE,550,Lyja,COMMON,4.00,0xe3dfcb781d03e048559cd784c3b02fb6ac04992e,0x21188c1d9afb6cc5a0243f6f8dcd5d149e7672e9,g5551212,Sfriedl6969
3e59bc83-3832-4b6b-aabf-9e17d1b2019c,2026-08-29 19:54:01,2026-08-29,fe0982da-ddc5-40b1-8da2-bb4d20d0faba,COLLECTIBLE_TYPE,696,Veb,SECRET_RARE,22.00,0xc1902b4a930c8d409af78ee6fae3b98cb98ab65a,0x7b91247f9d110b07741c9e6b42cd2a4dec4879e3,,
e6ebc08c-74cf-4b0d-a1bd-ac2ec93dbb66,2026-08-29 19:49:17,2026-08-29,9cbc1801-d809-4146-9a8f-35281ed59d74,COLLECTIBLE_TYPE,3275,1841 Penny Red CH-DI,COMMON,2.00,0x5a3dc65a0c9b2498744937c4b3ed708091d9f7bb,0x30d87cee1b69a0dd2ca0f4b76c30784483300da7,,
ff536eb5-cdd6-4b61-8652-b63c3a52e513,2026-08-29 19:48:20,2026-08-29,d23c16ae-3c5b-48cd-b2a7-5e9e24dd08fb,COMIC_COVER,4462,Marvel Super Hero Secret Wars,SECRET_RARE,997.00,0x7831ac4c9b585cbf93a6e2ec9c71513aafef21c4,0x634d0f4577e702db92dc842f2a9cf32063775804,,
e8035569-188a-4c75-90e5-cc40f8de28df,2026-08-29 19:34:20,2026-08-29,9dd62a73-b50a-4b56-9fb7-89cd756ca9da,COMIC_COVER,34036,The Amazing Spider-Man,COMMON,2.90,0x7e83c3cb90d4e7cde15a168206907306eeed77ad,0xb51c85838414e9cd0576eb0bd9b6d6b256dc60bf,,
2db27faa-bb81-4de6-9e8e-5bb7b1579cfa,2026-08-29 19:33:57,2026-08-29,8c2d7b33-5ab3-4704-a915-ebd34f024485,COMIC_COVER,421,The Amazing Spider-Man,COMMON,4.10,0x0d44adc0fd9bbf064f17d9e93d224f537afc4142,0xb51c85838414e9cd0576eb0bd9b6d6b256dc60bf,,
ae3a6cae-80c3-4551-a41e-6c735163e0ec,2026-08-29 19:30:17,2026-08-29,07ae4738-c49e-4aa7-b06f-be8bd883b489,COMIC_COVER,581,Black Cat,COMMON,3.00,0x0cea3b049375a3b5c96f73504d8cefc56a6c8888,0x015cf5e6ca1b47df9833941a93c220cb4f279f09,,
b03cac49-1cbc-4362-82d1-818dda9c0e0d,2026-08-29 19:27:52,2026-08-29,872821f8-2814-450d-8287-e870cf137179,COLLECTIBLE_TYPE,876,Kang 1,RARE,8.00,0xdc5334963cb0811c26c15e76d34fe192f3082712,0xba8fb0163e977ddc7996d02a90e6cba7f831f8d6,,
26c50aec-bcc4-4234-aaad-0c13da52e9e6,2026-08-29 19:23:08,2026-08-29,3035942c-117c-404f-9098-5df698f59272,COLLECTIBLE_TYPE,1979,The Lion King Pencil,SECRET_RARE,17.99,0x1414dc57ef8d6073f4d1bb61ff8e59fc7a2ab09a,0x722ce84d6d0527e0ee433a461a1209e624308e19,,jici
6bd6e0db-f626-45bf-95c6-b2ac8358cf68,2026-08-29 19:22:32,2026-08-29,3035942c-117c-404f-9098-5df698f59272,COLLECTIBLE_TYPE,648,The Lion King Pencil,SECRET_RARE,17.99,0xf70a178651561bea9f2a2b648c0b76a5c00daa7d,0x40ee1a2354242e5706ab98908175078baf2ba108,,
818dd972-7516-47e5-84e4-2cc8a727d885,2026-08-29 19:19:37,2026-08-29,7693425f-edad-4cd9-900c-075b1e26012c,COMIC_COVER,1739,Journey Into Mystery,COMMON,19.90,0x39a292b2165e770bbce5b315e4037c70bc3b40c4,0x032976e2ce4eb44c6e1a452089c897f068879537,,masterroni
7089f481-bf4f-44c4-9802-aa039a5bb105,2026-08-29 19:17:09,2026-08-29,0c90c49f-d867-47de-991f-d5b5606ffb09,COLLECTIBLE_TYPE,321,Namor - Phoenix,COMMON,13.40,0x293fcc0ac045bdfb5cc0ee137c7f3ece4e077185,0x1ee9920e6efdcbc57d48e669b87a6e822fc7d828,LSully,Lamouche
3f133f8a-b494-4a70-bcd3-7c1a52a2d4f7,2026-08-29 19:10:30,2026-08-29,983c4be0-5acb-468d-b834-3e2869618011,COLLECTIBLE_TYPE,312,Super,SECRET_RARE,19.00,0x53587fee806e81da0e94057c08deff97ae138f9b,0x901d5cf32677238a41e59215f3b77f8ccc6b8a6e,,
d90cc09b-9f28-4aea-957b-f3ff3ff26fe7,2026-08-29 18:57:09,2026-08-29,9cc31e5a-7bfd-4524-b718-4abd9d87d68e,COMIC_COVER,908,Cable: Love And Chrome,COMMON,6.98,0xaa8d060555697549431218fb06b04037b7162343,0x4fee54f42b8afb4ace7e446289df884a7d10c15c,,
d3a65b31-f341-4338-9004-7fee24acbf06,2026-08-29 18:55:22,2026-08-29,8cd9530d-6ea9-436c-bdc0-ee73e43c0abe,COLLECTIBLE_TYPE,245,Magik - Phoenix,COMMON,7.99,0x0cea3b049375a3b5c96f73504d8cefc56a6c8888,0x76607bea75f84c166284e04e6f3422b5f5f27ae3,,
f107d0e6-643e-456d-adb8-8ae544aa7414,2026-08-29 18:52:31,2026-08-29,e957f893-9b39-4a0f-ade8-168b31f62647,COLLECTIBLE_TYPE,270,Emma Frost - Phoenix,COMMON,10.85,0xb240e826eb9d0cf5afe5aa50e19ea7f8b4ee53e2,0x76607bea75f84c166284e04e6f3422b5f5f27ae3,,
3af8c7e2-ba98-4363-9a37-147c0a79aa6f,2026-08-29 18:51:58,2026-08-29,dd16eb91-704b-4fad-9db0-55e55cc433dc,COLLECTIBLE_TYPE,1079,Cyclops - Phoenix,COMMON,7.99,0x46df8b5589e6193a42c2c09cf8fa0f08283300a6,0x76607bea75f84c166284e04e6f3422b5f5f27ae3,,
2a5f68c3-9fc3-4943-a57a-9de17d41421d,2026-08-29 18:45:57,2026-08-29,ca6b36f9-e72b-4e29-95da-b1c4a3626242,COLLECTIBLE_TYPE,2330,Snow,COMMON,1.00,0x4b0c67b4b9f611394f748944f672a328dcf1ab84,0x7ce69268c7288016da6e94d63eacbf1da4d149d9,,
eb2a58cd-2142-431b-8ec8-f041cefe8f75,2026-08-29 18:43:20,2026-08-29,8d8093ae-34a6-4ef5-a7b4-4b5fe9bd8892,COLLECTIBLE_TYPE,29,2023 OG,SECRET_RARE,17.00,0xc6730f46c02113ceb47ebd590544b9f7eba39f00,0xea4cc89f3f635f9cc03343b0496a85f0067cdb02,,
84d810bc-250b-46c1-8093-7066b9542bf8,2026-08-29 18:38:51,2026-08-29,ca6b36f9-e72b-4e29-95da-b1c4a3626242,COLLECTIBLE_TYPE,892,Snow,COMMON,1.00,0x014482246994a97e4b681943a125a7320b891588,0x2e02ea0d3462a432ffa9b27f2458c14a4467a4ad,,
a1dd65ab-144e-48e4-a7d4-180f77ca3466,2026-08-29 18:28:13,2026-08-29,11fffaef-6dc8-4982-b7a3-c68d27a307b8,COLLECTIBLE_TYPE,154,Dilophosaurus,RARE,7.00,0xa12be857785ff0d4f046f83b3abab90edbb32aff,0x21188c1d9afb6cc5a0243f6f8dcd5d149e7672e9,,Sfriedl6969
23fe665c-afe1-48ca-9061-148b29db9ce7,2026-08-29 18:20:16,2026-08-29,f6c0f08f-a0e9-455b-9008-13dc70abcfba,COLLECTIBLE_TYPE,27,Vana,SECRET_RARE,29.90,0x534ab7d7dd778cbdc205d7a30474a92bc1b81ae7,0x259f8a275a3b973af618bd2f8c4ae897cf190660,,
87910830-985c-4c3f-aab5-63e78c5a2cb6,2026-08-29 18:18:59,2026-08-29,4f992ee1-d183-485d-a9c9-00695bc727de,COLLECTIBLE_TYPE,15543,Jim Lee Batman V3,COMMON,9.00,0x4027950024c80545e7688b5cd7a4ab1fa5d92296,0xe6284530f41b46d99a340380a616f2f77a4050b6,,
36cf6063-3edc-47b9-ac37-092eec84afb0,2026-08-29 18:16:31,2026-08-29,9cc31e5a-7bfd-4524-b718-4abd9d87d68e,COMIC_COVER,56,Cable: Love And Chrome,COMMON,6.98,0x3f34f825f64a25cd27c2443c49b1e38e26f8d577,0xaa8d060555697549431218fb06b04037b7162343,,
47580bbb-40a6-42a3-8348-6da948350044,2026-08-29 18:16:13,2026-08-29,6ec00536-fa52-4c2d-b127-6909635ed653,COMIC_COVER,247,Cable: Love And Chrome,SECRET_RARE,44.00,0x3f34f825f64a25cd27c2443c49b1e38e26f8d577,0xaa8d060555697549431218fb06b04037b7162343,,
68561496-cdef-4a79-9178-c53495e73b39,2026-08-29 18:14:53,2026-08-29,9cc31e5a-7bfd-4524-b718-4abd9d87d68e,COMIC_COVER,513,Cable: Love And Chrome,COMMON,6.98,0x3f34f825f64a25cd27c2443c49b1e38e26f8d577,0xaa8d060555697549431218fb06b04037b7162343,,
cd071d09-63d5-4952-bd94-2317b9ffaec6,2026-08-29 18:13:16,2026-08-29,9cc31e5a-7bfd-4524-b718-4abd9d87d68e,COMIC_COVER,908,Cable: Love And Chrome,COMMON,6.98,0x3f34f825f64a25cd27c2443c49b1e38e26f8d577,0xaa8d060555697549431218fb06b04037b7162343,,
bf215758-6c36-436a-b439-a9d7d11a005e,2026-08-29 18:12:13,2026-08-29,8283c167-a79d-4308-853a-bdb08368eb5a,COLLECTIBLE_TYPE,439,Fastball Special,SECRET_RARE,55.00,0x3ce0e49e105f4afcb49848d7af8d47f9f4d4e3b0,0xd3142fa03b778b3739f02e2a6b90f5219f1dec78,,
7e9132ba-7b63-4f59-824b-4a4005b6b01d,2026-08-29 18:09:15,2026-08-29,86913b78-1af9-46a1-864e-a9f6a165032d,COMIC_COVER,518,X-Men,COMMON,1.75,0x3f34f825f64a25cd27c2443c49b1e38e26f8d577,0xaa8d060555697549431218fb06b04037b7162343,,
6dd3d3cd-54a8-4b3a-986a-0ff3a281108f,2026-08-29 18:05:47,2026-08-29,2c7b3c01-c0c7-455d-866c-646fcf1920a9,COMIC_COVER,783,The Amazing Spider-Man,RARE,15.00,0x0cea3b049375a3b5c96f73504d8cefc56a6c8888,0x32e4c333207bcc842182563bdf44f9e1381ae23b,,
b6fb6f51-7463-47da-b9da-21db79ef317c,2026-08-29 17:53:35,2026-08-29,45a9e4ae-492c-4650-b309-ff65c0246a13,COMIC_COVER,490,Spider-Man Swing Shift Director's Cut,RARE,4.00,0xe6e9d9c77c0bc351a53086a568cd9d9663fe1a9a,0x32e4c333207bcc842182563bdf44f9e1381ae23b,,
3e798280-b0cb-43a2-b1c2-bb60387b9ff9,2026-08-29 17:44:45,2026-08-29,c22b6b35-1dad-4187-8190-1ede11eea005,COMIC_COVER,633,The Amazing Spider-Man,UNCOMMON,3.95,0xfe538e230e088ee1e83c3664d0f4d3a03c5f47da,0xf766f95fa592646f068a1821e5b6496efaf1a3bf,,
57590b99-58ed-43dd-992c-08c3606e6ceb,2026-08-29 17:43:23,2026-08-29,56d5409c-3c30-40ba-888e-2987749734c1,COLLECTIBLE_TYPE,203,Record #8 - Duck Luck - Gold,ULTRA_RARE,8.30,0xc1902b4a930c8d409af78ee6fae3b98cb98ab65a,0x935736c132993bb4e9ee3d5d627693446deda7cb,,
f100a8d5-083b-4d5a-8147-77e6c2bd9355,2026-08-29 17:43:14,2026-08-29,bc961870-a3c9-40bc-a35d-46e4a5353c2c,COLLECTIBLE_TYPE,953,Pirates of the Caribbean,SECRET_RARE,21.50,0x23df42edcf3c37e8156ad7fcd3e089cb48cda2cb,0x8ad5f6894026d2c5e30ad51a9379dfed2f28eb5c,,
981231af-a98b-4716-9732-b2a494e6d1da,2026-08-29 17:41:33,2026-08-29,0f73e72f-8bc1-48c4-8b70-4e9b4e372003,COLLECTIBLE_TYPE,437,Namor - Saga of the Sub-Mariner 1988,ULTRA_RARE,54.00,0x25941f6e1ad31eae02fbf6f97716c8337ad0fa00,0x2424b08390020737ac0007cc02dd98a44329c4bb,,
19571cd2-444a-4675-a858-0e7f56c8d352,2026-08-29 17:37:27,2026-08-29,2e4e01f7-bf0e-4952-af03-153d14f54ab7,COLLECTIBLE_TYPE,501,Simon Prades Variant,UNCOMMON,5.97,0xa59434a8b5f5252000ab256c6b09f09dd0289b1e,0x17ba734287b90f451e51200a47ba60fede86f6e9,,
3a8a44dc-4cf0-422a-8596-31d4c88aa41e,2026-08-29 17:35:55,2026-08-29,60ff5dbc-dd2d-4c72-95d3-9b8bb7f122ec,COLLECTIBLE_TYPE,501,Nicoletta Baldari Variant,RARE,5.50,0xa59434a8b5f5252000ab256c6b09f09dd0289b1e,0x17ba734287b90f451e51200a47ba60fede86f6e9,,
8b0975da-3fc0-4468-821d-cae7b87de304,2026-08-29 17:28:04,2026-08-29,5ab59120-1b5b-473c-9c80-3144d9a6e1d5,COLLECTIBLE_TYPE,6089,"All Together, Now!",ULTRA_RARE,138.00,0x31cca5928dac1849582313aff46cc0aabba02854,0xda2569888a2aeb0a42d1b45da978894b147150cc,,
fd641af7-63ca-402b-9044-52b0c4b649ec,2026-08-29 17:23:33,2026-08-29,de3d77d0-c042-4c68-8df1-59c33de8edf6,COLLECTIBLE_TYPE,808,Mariachi - Violin Player,ULTRA_RARE,5.50,0xe3dfcb781d03e048559cd784c3b02fb6ac04992e,0x722ce84d6d0527e0ee433a461a1209e624308e19,g5551212,jici
9698ddcd-d861-44f3-b2e3-8b907fe6ef37,2026-08-29 17:23:17,2026-08-29,d042924f-2db9-4180-8d16-38bf4c9e5b9d,COLLECTIBLE_TYPE,3656,R2-D2,UNCOMMON,179.00,0x86be832b3693913c70612bf65f5702205d99160b,0xda2569888a2aeb0a42d1b45da978894b147150cc,,
4403bd39-64e4-4b89-86e6-8ed93792c8c2,2026-08-29 17:21:50,2026-08-29,83e94f86-f495-4002-a3b1-1123fda8864e,COLLECTIBLE_TYPE,681,Sleeping Beauty Castle,SECRET_RARE,100.00,0x80f3bde052cdbb0170691b132f51acbc6efc84a9,0xe141506efc7445961fbfedbc7bf0a074964d3fa5,,
61db25c3-736f-4e25-9eec-c9b7207c0952,2026-08-29 17:17:46,2026-08-29,4d93b049-3e0f-47bd-a73c-d44970d25cac,COLLECTIBLE_TYPE,500,Golden Toby,SECRET_RARE,25.00,0xe37e59bbf5b436a019501a5acb17b0f01081cd2c,0x4187e4287acce37f6dc1446072146a9c9cb48989,KcBmw,
3aa0a23d-a9e0-4551-95cc-f78b1c7223b0,2026-08-29 17:16:14,2026-08-29,0f73e72f-8bc1-48c4-8b70-4e9b4e372003,COLLECTIBLE_TYPE,265,Namor - Saga of the Sub-Mariner 1988,ULTRA_RARE,54.00,0x1c571977443cc74615f919d7830d3a1a67a00704,0x86cf60a40c15b78974bfcd1000e695875da24c9d,,
c5752e89-f848-45e0-a1c4-22c4bc13f015,2026-08-29 17:12:23,2026-08-29,4ceba0e1-b6d4-48a0-a9ad-da51cb24f16c,COLLECTIBLE_TYPE,12459,"Focus, Please!",UNCOMMON,7.47,0x168312157126d26ded00b1bebc8555969a7776fb,0xcc55778ed07684edda56fdc09d83d897fe21a430,,
b20e29fa-fd9f-44d3-9c3a-360026b30fa8,2026-08-29 17:11:03,2026-08-29,ad13a3f0-64b8-453e-8c2e-23d8fea2192d,COLLECTIBLE_TYPE,985,Captain Hook: Never Smile at a Crocodile,UNCOMMON,7.65,0x229d5a5db58654d41dc8276bcac2975aaa45e1ea,0x79671df2d5dc06ca22ef8ea615d1157fa46fbce2,,
cd840b74-2356-408c-a385-98b8738c8247,2026-08-29 17:11:00,2026-08-29,bbbb36f1-681b-4ea7-80e9-449697bfae68,COLLECTIBLE_TYPE,394,Jungle Cruise,SECRET_RARE,25.00,0x302746f315498b1575ce009d6fd2a3604ba09790,0x776f80000908060fa497a315bddd1ab1ee895266,,ramo141
17fa89e2-9aeb-40a9-97fe-634ed7814791,2026-08-29 17:10:42,2026-08-29,d9ac86dd-bb8b-4211-817a-db2a77324a75,COLLECTIBLE_TYPE,2909,Evil Queen: Wickedly Transformed,RARE,11.44,0xdafbc5ea5117b7c00d209b0a8783c56f5a3abe49,0x79671df2d5dc06ca22ef8ea615d1157fa46fbce2,thesnackman,
28c3c01d-480a-48fd-a8ae-ea9e13829181,2026-08-29 17:10:27,2026-08-29,6aa7e21f-2901-4dbb-b36c-1e25711642ee,COLLECTIBLE_TYPE,438,Red Wagon Inn,SECRET_RARE,17.00,0x904bf3b41999405bcc01d5950b3e16d8d306e1a0,0x776f80000908060fa497a315bddd1ab1ee895266,GypsyDawg,ramo141
c3993358-6fe6-4465-b0c9-67bf032d7b4c,2026-08-29 17:10:18,2026-08-29,256bbc2d-1c62-483f-9080-eaff18fb68f6,COLLECTIBLE_TYPE,140,Cruella: Vintage Metal Poster,ULTRA_RARE,17.00,0xe37e59bbf5b436a019501a5acb17b0f01081cd2c,0x776f80000908060fa497a315bddd1ab1ee895266,KcBmw,ramo141
1542ea79-0186-447d-ba16-98324684299a,2026-08-29 17:10:13,2026-08-29,f897200b-ff94-4aa9-8056-cb25c83c5c67,COLLECTIBLE_TYPE,1564,Maleficent: The Thorny Curse,COMMON,3.25,0x0bbac08d136ee9d103aa4e30592fc74cc9b5fd1a,0x79671df2d5dc06ca22ef8ea615d1157fa46fbce2,,
6b33bc23-c75e-4594-8a0f-b2a7b9b44bfc,2026-08-29 17:10:07,2026-08-29,2a215129-a315-4d1f-807c-9bdb72548bcb,COLLECTIBLE_TYPE,366,Charles Muntz,ULTRA_RARE,30.00,0xe930903e5c69231894ed06fa8e636cee0b505b2e,0x776f80000908060fa497a315bddd1ab1ee895266,,ramo141
bbb1717f-dd81-4828-9d28-12d3e456f490,2026-08-29 17:10:00,2026-08-29,d1ca1d95-e3e0-4309-ba6f-e6dcbe94a23c,COLLECTIBLE_TYPE,798,Disneyland Monorail,SECRET_RARE,29.99,0xe3dfcb781d03e048559cd784c3b02fb6ac04992e,0x776f80000908060fa497a315bddd1ab1ee895266,g5551212,ramo141
dd6f58ac-1059-4f2f-87e8-6069a07eb73d,2026-08-29 17:09:50,2026-08-29,93344756-7317-46e1-bbb0-00560fca3fea,COLLECTIBLE_TYPE,665,Rainbow Caverns Mine Train,SECRET_RARE,28.00,0xc1902b4a930c8d409af78ee6fae3b98cb98ab65a,0x776f80000908060fa497a315bddd1ab1ee895266,,ramo141
8fd84d23-916c-424e-a2d8-22ca3b9077ea,2026-08-29 17:07:36,2026-08-29,1162b196-4bb2-4be9-9639-5765aa1d3ab0,COMIC_COVER,1765,Incredible Hulk,UNCOMMON,10.00,0x61baee0891437723b0f85395fd4f17992e77c77b,0xd65d3387eeb6a1850f315fdb9d2e2782aca0ec1b,,
d031e69b-bf3b-47ed-b5f6-fe1119d6b254,2026-08-29 17:06:38,2026-08-29,bc66b622-d8e1-46f5-a86d-fbde39895896,COMIC_COVER,16103,Strange Academy,ULTRA_RARE,27.84,0xa1b780a6c8f7b48df2e072fe27fbbf2563b5468c,0x18d4810e255e1bbe43e60e1f347582d24438958e,,
5bb0dd5a-69db-4ca6-8d0a-74c4992897d5,2026-08-29 17:04:44,2026-08-29,1c518cc1-0caf-4a1c-b685-c2ba7ad6eb05,COMIC_COVER,4064,Strange Academy,RARE,4.45,0x7e83c3cb90d4e7cde15a168206907306eeed77ad,0x18d4810e255e1bbe43e60e1f347582d24438958e,,
9eec72ba-f3e5-49cb-af67-58ec4c43e3e2,2026-08-29 17:04:20,2026-08-29,87f6a7f3-98fc-4c51-bddd-6946a509f760,COLLECTIBLE_TYPE,5733,Too Much Magic!,UNCOMMON,10.47,0x46df8b5589e6193a42c2c09cf8fa0f08283300a6,0x986c71b7bc4f548c2a92aa5d780e2e1a3603fd83,,
f68e49f1-5a32-4b07-8eba-5ad1656bb7d5,2026-08-29 17:03:14,2026-08-29,0f73e72f-8bc1-48c4-8b70-4e9b4e372003,COLLECTIBLE_TYPE,324,Namor - Saga of the Sub-Mariner 1988,ULTRA_RARE,54.00,0xb607e17b7a5884bd57f9fb7f65ccad63746549a2,0x2424b08390020737ac0007cc02dd98a44329c4bb,ronnielighto,
0c0a952b-ce7c-4cba-aced-6fac0d11384e,2026-08-29 16:49:36,2026-08-29,ec04c6de-1ef4-436b-bb1a-8a9109a95bb6,COLLECTIBLE_TYPE,1922,Colossus - Phoenix,COMMON,12.00,0x86cf60a40c15b78974bfcd1000e695875da24c9d,0xe37e59bbf5b436a019501a5acb17b0f01081cd2c,,KcBmw
03fae504-cc48-4708-ab66-637fdd725600,2026-08-29 16:45:31,2026-08-29,d9113275-07d6-4b16-9b2c-473e5d668235,COMIC_COVER,639,The Avengers,RARE,6.98,0x23894e9606d25aafee326b49bfb99818620ded83,0xb1a527bf8c4a9814b173ecf8ac93236d5821de5b,,VeveWes
363cdbd0-82e8-4cbe-8fcf-f3cdc978f05a,2026-08-29 16:44:22,2026-08-29,ce313845-528b-41aa-b8a8-426a7da4e575,COMIC_COVER,594,Daredevil & Echo,COMMON,7.98,0x23894e9606d25aafee326b49bfb99818620ded83,0xb1a527bf8c4a9814b173ecf8ac93236d5821de5b,,VeveWes
fec7910a-ef8d-4f48-8a25-5796e4e3f4ec,2026-08-29 16:44:03,2026-08-29,8dee68e5-e96e-47ff-b975-8b7a863c11d7,COMIC_COVER,812,Venom War,UNCOMMON,7.98,0x6ce16df2dda6e082b02d2dc390b3b3eb60c3b83b,0xb1a527bf8c4a9814b173ecf8ac93236d5821de5b,,VeveWes
343d2839-2981-4e74-90be-a6bc8ed1d4b3,2026-08-29 16:42:52,2026-08-29,2ec072e6-8149-4c65-b817-d3ce998796ec,COMIC_COVER,212,The Will Of Doom,ULTRA_RARE,9.98,0x88e8fe8c552a59be0a9c21b74a41fd5fbcbf2dee,0xb1a527bf8c4a9814b173ecf8ac93236d5821de5b,Aroostic,VeveWes
df32daa6-b944-43ef-b270-bfb6e1390b68,2026-08-29 16:41:38,2026-08-29,03ef8ef3-ccbe-4860-915c-7ea37360e8d3,COMIC_COVER,876,Blood Hunters,UNCOMMON,7.98,0x0b47cdaa4945e889fd42389fa40c25720481f0ac,0xb1a527bf8c4a9814b173ecf8ac93236d5821de5b,Preda,VeveWes
df006a43-a3e3-4e26-bfdf-bd50e875ba32,2026-08-29 16:38:45,2026-08-29,60ff5dbc-dd2d-4c72-95d3-9b8bb7f122ec,COLLECTIBLE_TYPE,423,Nicoletta Baldari Variant,RARE,5.50,0xc1902b4a930c8d409af78ee6fae3b98cb98ab65a,0x8a506895f36710274e68c192729a88c3a57688d5,,
73cbe1be-d0d4-40ce-b655-b1ee8c6eb697,2026-08-29 16:36:00,2026-08-29,715c88cc-7b93-4bb7-94ed-addfb58c74b4,COMIC_COVER,358,Saga of the Sub-Mariner,ULTRA_RARE,8.95,0x5c351ffda198aa91df287ad320c592222a9dc67c,0x87cd7b4e8ad06ab2c0fed1c9a47a9d81f20622cf,,
25359ae4-31b4-4d4f-aacf-fbe0693a6a86,2026-08-29 16:25:06,2026-08-29,0c90c49f-d867-47de-991f-d5b5606ffb09,COLLECTIBLE_TYPE,554,Namor - Phoenix,COMMON,13.40,0xd7b836470fe510048ed7c698f46ff3f0f5fd87c2,0x633c7d08a1d14098874418af5bb5b656af302610,,
da2d84b0-7d35-4d18-8bf8-055f698a4fa6,2026-08-29 16:19:41,2026-08-29,bc961870-a3c9-40bc-a35d-46e4a5353c2c,COLLECTIBLE_TYPE,953,Pirates of the Caribbean,SECRET_RARE,21.50,0x80f3bde052cdbb0170691b132f51acbc6efc84a9,0x23df42edcf3c37e8156ad7fcd3e089cb48cda2cb,,
26304c71-907c-447c-9310-ddd55bbb4683,2026-08-29 16:19:01,2026-08-29,1e686588-d7fe-40bc-81be-15d2ca5be3fb,COLLECTIBLE_TYPE,675,Mysterio,RARE,7.98,0x831a44815ec409cd31c7d292dfe2c4195fefe484,0x21188c1d9afb6cc5a0243f6f8dcd5d149e7672e9,,Sfriedl6969
2b3b39a5-1455-405a-beb4-f966d6fe7630,2026-08-29 16:19:00,2026-08-29,1110475d-8947-4108-996b-1ccd648d3eb5,COMIC_COVER,727,Venom Vs Carnage,COMMON,6.98,0x904bf3b41999405bcc01d5950b3e16d8d306e1a0,0x23b7ecf5c5640ee86f5f11f388fc72a44b2f05c1,GypsyDawg,
8b4bf18b-5ca5-49a8-aa38-242533932205,2026-08-29 16:15:39,2026-08-29,4b219653-6c3b-46c3-8e38-c0aa18517bd4,COMIC_COVER,949,Daredevil,RARE,4.50,0xab43c36e07de149d09eb22fc2fa2a5fc06815c50,0x1c6c5850ef98076bd86cc7c069544887a0a2531d,,
af03483d-6ba9-40ed-a6be-029ed68166ed,2026-08-29 16:15:32,2026-08-29,0f73e72f-8bc1-48c4-8b70-4e9b4e372003,COLLECTIBLE_TYPE,417,Namor - Saga of the Sub-Mariner 1988,ULTRA_RARE,54.00,0xb607e17b7a5884bd57f9fb7f65ccad63746549a2,0x5d80e938e16b010df8f86a76caf3cc0fd3a68ffe,ronnielighto,
bb597f4d-11d7-4ec2-9122-31797749c2be,2026-08-29 16:14:19,2026-08-29,b89b12b4-10a1-4dae-930c-6a7b937030be,COLLECTIBLE_TYPE,3152,VeVe Christmas Tree - Bronze,COMMON,1.00,0x8a5f69b953945dca190af9131a183457f2115342,0xb488966e1ecfa345f8a7f90b841477468a76e21b,,
d3446b81-12e3-4f75-8c4e-09dea508f88d,2026-08-29 16:12:07,2026-08-29,beebd4fa-865f-4397-9034-95548858a0ca,COLLECTIBLE_TYPE,191,Sakura - Nostalgia,SECRET_RARE,84.99,0xbe620941b47366c524b190fb4392048f6425e68a,0xb488966e1ecfa345f8a7f90b841477468a76e21b,,
e2de12e8-4632-4fdd-8baf-7ccc843a2f1d,2026-08-29 16:10:57,2026-08-29,9bbf3fa3-9b0c-446d-9b17-f6e452b070c7,COLLECTIBLE_TYPE,21547,Black Panther – Wakanda Forever,COMMON,8.20,0x96f8a417f33fc0aacb75ffdc698ca3169e5391e3,0xfa3442bc6e426e6da210ef8160d59b4aea9c3d31,,
e69fc90f-a980-4fe1-9328-901269c582a2,2026-08-29 16:06:10,2026-08-29,607a54e3-7407-495e-9334-1337d3dd5a8a,COMIC_COVER,3637,The X-Men,COMMON,5.69,0x4dad8c9bbc92851f617b34a0a7d7d1a487f10349,0xc7ed902577b999c93d9425653997d9af84299085,,
3320a65f-4428-4e3c-a084-249a5cee43a0,2026-08-29 16:03:06,2026-08-29,b4207e61-ee39-4671-be38-42ed254d6ea1,COMIC_COVER,179,Fantastic Four,UNCOMMON,7.98,0x23894e9606d25aafee326b49bfb99818620ded83,0x015cf5e6ca1b47df9833941a93c220cb4f279f09,,
73a0782d-30d8-45bc-8e9c-7fcf4bb33dba,2026-08-29 16:01:22,2026-08-29,9e799c29-68f1-4e83-9688-9dcdbb702b8e,COMIC_COVER,532,It's Symbie,COMMON,4.00,0x0cea3b049375a3b5c96f73504d8cefc56a6c8888,0x015cf5e6ca1b47df9833941a93c220cb4f279f09,,
5a78c080-96cc-4da1-b0ba-caa0c698f22b,2026-08-29 15:59:06,2026-08-29,db772d9c-36b0-478a-bfd3-fd09814d91a9,COLLECTIBLE_TYPE,261,Michelangelo - Dojo Discipline,RARE,43.85,0x30723747e48975b421c0e2c01781b489a4d88795,0x741a844ef54e7571da85fd9355cab541319f05fd,,
73203dcf-042d-4572-b0b2-b7d586a36079,2026-08-29 15:54:15,2026-08-29,8649e666-8b58-42a0-bc39-88fc5d838a40,COMIC_COVER,2020,Fantastic Four,COMMON,12.00,0x0b47cdaa4945e889fd42389fa40c25720481f0ac,0x76dd0009fe9998f42e0cb6f00338c2e2264d670a,Preda,ScarySeaMonster
461251ab-a920-47c5-867f-eb3673069832,2026-08-29 15:52:22,2026-08-29,0ef6bfe9-c054-400f-b47a-e58911839ba0,COLLECTIBLE_TYPE,1262,Galactus,UNCOMMON,29.99,0x43ba4403498740bc0371d42f133e21c49fd283a3,0x722ce84d6d0527e0ee433a461a1209e624308e19,Jgreen,jici
f8e8d059-7010-407d-b8ed-ea7c3dc3329c,2026-08-29 15:51:04,2026-08-29,15399c5e-7cd8-46c3-9240-9db5794ceea3,COLLECTIBLE_TYPE,4560,Human Torch,RARE,5.00,0xc3f3a9c3645d5e33f35c9506db48b50e0f0326f5,0x722ce84d6d0527e0ee433a461a1209e624308e19,,jici
0448773c-efb3-4669-9ca7-910e10748022,2026-08-29 15:50:29,2026-08-29,8910315f-3cc5-4acb-8fc3-c919dd4edb1c,COLLECTIBLE_TYPE,8933,K.I.T.T.,RARE,6.00,0xe37e59bbf5b436a019501a5acb17b0f01081cd2c,0x7a02b2b130c973e866ed8cb54381355c8b652bc6,KcBmw,
465a9c46-76c1-40d9-b8a6-1d701b39c510,2026-08-29 15:49:10,2026-08-29,2b73c05e-beab-46a8-a409-453b82e3df0e,COMIC_COVER,938,Miles Morales: Spider-Man,RARE,3.89,0xae16400e6107df7171cf8767487ffebef0e59954,0x1c6c5850ef98076bd86cc7c069544887a0a2531d,,
fad0e437-95ea-4e65-b8f6-c1b14c072768,2026-08-29 15:45:16,2026-08-29,79f49f24-d6f3-4ba0-9253-599d05699a35,COLLECTIBLE_TYPE,313,Single 1s 'Kea and Kaka' gummed stamp,ULTRA_RARE,9.99,0xdafbc5ea5117b7c00d209b0a8783c56f5a3abe49,0xf75f17ed502bfb5d8ba6d4f20dc4c02b41428dfc,thesnackman,
55c47d56-d2e0-4c86-acb1-01b41c5414f9,2026-08-29 15:44:48,2026-08-29,2641f79e-8ce8-4b3f-9806-de801d475c14,COMIC_COVER,871,Captain America,COMMON,54.65,0xc6e8a3b72bf0f904b94261dec440889072777a39,0x48bc5739644cb8023b3c49aa2028b2caaad6445a,,
5e8f1f7f-21e5-4927-ae8c-f180f963cc4b,2026-08-29 15:44:39,2026-08-29,d4788b46-09e9-4528-bfd0-39a1a9ca087e,COLLECTIBLE_TYPE,320,Cube,SECRET_RARE,13.75,0xc17413a468119daf012bc7a534716a8d5002120f,0x5600ad1af21c73300d4964ed359c1836e7a659af,,Korgull
2c72cbf0-4b22-4d30-8832-4e22d4ba3730,2026-08-29 15:44:31,2026-08-29,f4ba3117-9a23-4ab7-b489-2908ccb176c6,COLLECTIBLE_TYPE,950,Sandman,UNCOMMON,5.99,0xae16400e6107df7171cf8767487ffebef0e59954,0xbc99932657e7a09f0ec4046f11b23bbc46bd95fb,,Andre2999
eca38f6e-4081-48bc-bf3e-031bd9f19f36,2026-08-29 15:44:26,2026-08-29,2a588b5b-d141-44fb-b0e2-c617927d7103,COMIC_COVER,7654,"Peter Parker, the Spectacular Spider-Man",COMMON,1.00,0x83a88937f12f5c60d86f644517888d36eb7a8032,0x1ee9920e6efdcbc57d48e669b87a6e822fc7d828,,Lamouche
74c0044a-5965-4629-a4a3-b6af2998872c,2026-08-29 15:44:06,2026-08-29,a7c012e4-e41d-4cde-9251-9e45d23ff22b,COMIC_COVER,8483,Captain America,COMMON,1.99,0x7e83c3cb90d4e7cde15a168206907306eeed77ad,0xc38ba2d4f887c7b5bb84bf0ea297ad0b75398887,,
ff64bb99-b3c9-4417-a330-6aa69c48b6d9,2026-08-29 15:43:41,2026-08-29,7d5c1fd1-45df-4d5c-ba52-ddb1db470e8f,COMIC_COVER,14693,The New Avengers,COMMON,1.00,0x93365222c1bbe3b5853c0ca6234f130899bc2760,0xc38ba2d4f887c7b5bb84bf0ea297ad0b75398887,,
1fa91404-62bd-4be1-acd5-8b9105655f15,2026-08-29 15:43:17,2026-08-29,77857a70-edf2-4401-9798-93f63b941d60,COLLECTIBLE_TYPE,1054,Vulture,UNCOMMON,5.50,0x7e0a55aac7035b75202828a59d8b7af21405fd82,0xbc99932657e7a09f0ec4046f11b23bbc46bd95fb,,Andre2999
d740c262-7ad3-4d9c-8e74-8baf8d4417b3,2026-08-29 15:43:06,2026-08-29,a8e53b7a-e104-4dc2-a866-06d8a4c26236,COLLECTIBLE_TYPE,782,Ocean Coral #3,RARE,5.00,0x71c72a3dd6e632d0aff4732832164acedc7edaa4,0x5600ad1af21c73300d4964ed359c1836e7a659af,,Korgull
8e9d4647-4bb1-4678-bbd4-210f05582da5,2026-08-29 15:42:51,2026-08-29,70714f83-c1dc-4610-a99b-ef0280746ceb,COMIC_COVER,10012,Uncanny X-Men,UNCOMMON,1.00,0xdafbc5ea5117b7c00d209b0a8783c56f5a3abe49,0xc38ba2d4f887c7b5bb84bf0ea297ad0b75398887,thesnackman,
02efeee4-dedd-4dc3-9181-c3dadae88322,2026-08-29 15:41:05,2026-08-29,1e686588-d7fe-40bc-81be-15d2ca5be3fb,COLLECTIBLE_TYPE,552,Mysterio,RARE,7.98,0xb71a49f6bfcf21d2cc10d821d1dc46a4d001c5a5,0xbc99932657e7a09f0ec4046f11b23bbc46bd95fb,,Andre2999
b5bca1f4-aab9-44c8-952d-37feb7247420,2026-08-29 15:40:53,2026-08-29,7610d8e8-04ab-4ba8-8fca-b3ecd395cda9,COLLECTIBLE_TYPE,106,Ajak,RARE,12.95,0x0bd508271a2932ac342a16b9267bd31429b917b7,0x722ce84d6d0527e0ee433a461a1209e624308e19,,jici
2429dec5-b65c-4551-badd-1e2140dc819e,2026-08-29 15:39:39,2026-08-29,531922ce-7c82-43dc-8ef2-dce25d31fb43,COLLECTIBLE_TYPE,1230,Arishem the Judge,UNCOMMON,5.00,0x7e0a55aac7035b75202828a59d8b7af21405fd82,0x722ce84d6d0527e0ee433a461a1209e624308e19,,jici
88205fb5-ec60-4b8d-846c-d0065637c013,2026-08-29 15:36:16,2026-08-29,0bcd0d5d-0bbc-4f38-8827-8b79312baa81,COMIC_COVER,3896,Captain America,ULTRA_RARE,117.00,0xed910451ab9431179dd2689a3b81ee4b8e8aff1c,0x85d15c346ee22a17cdb4f4a8c653e20c6b15e5b4,,
0c1915e5-7b8f-41eb-94a6-76dd7d4941eb,2026-08-29 15:35:51,2026-08-29,0bcd0d5d-0bbc-4f38-8827-8b79312baa81,COMIC_COVER,9714,Captain America,ULTRA_RARE,117.00,0x8f679ab5202e4f863fec300c0ec412d89d6cfa86,0x85d15c346ee22a17cdb4f4a8c653e20c6b15e5b4,,
63e8dc2b-a395-4adb-9dad-aaf47abaed0c,2026-08-29 15:35:29,2026-08-29,796348ff-b081-4473-b255-acf577417d96,COLLECTIBLE_TYPE,6242,Thor,COMMON,3.98,0x71c72a3dd6e632d0aff4732832164acedc7edaa4,0x6ce16df2dda6e082b02d2dc390b3b3eb60c3b83b,,
326b211d-d68e-406e-ac65-2eea0240276f,2026-08-29 15:35:03,2026-08-29,4ca4eb09-9fe7-458f-b935-669d4652aab2,COLLECTIBLE_TYPE,1796,Lincoln Logo Mayhem Board,COMMON,25.00,0xf5e0875377e6448f713a5067a81967b9043887d9,0xf75f17ed502bfb5d8ba6d4f20dc4c02b41428dfc,,
aa441544-7906-430d-8191-d67a22514da8,2026-08-29 15:34:52,2026-08-29,0bcd0d5d-0bbc-4f38-8827-8b79312baa81,COMIC_COVER,2395,Captain America,ULTRA_RARE,117.00,0x894301b47e814cd0cca0b9d16d359d3f8914aabc,0x85d15c346ee22a17cdb4f4a8c653e20c6b15e5b4,,
27b6e4fb-4bd5-4701-b75c-9008612ddd4e,2026-08-29 15:34:50,2026-08-29,eb1a9ec3-d193-4956-bcb8-d16d5a4a68a7,COLLECTIBLE_TYPE,4894,Captain Carter ,RARE,8.95,0x9c52e9e4e2c0f507fde1acd85e486f25223c1298,0xbc99932657e7a09f0ec4046f11b23bbc46bd95fb,,Andre2999
e5ee9756-d11d-4a7f-975c-f5b4371682a3,2026-08-29 15:34:48,2026-08-29,f6c0f08f-a0e9-455b-9008-13dc70abcfba,COLLECTIBLE_TYPE,406,Vana,SECRET_RARE,29.90,0x53587fee806e81da0e94057c08deff97ae138f9b,0xf3bae0462673d2b1fbdee8f9cba080fe37c3cd5c,,
b2aeb5bf-21c4-4b70-b7fa-f730e04269e5,2026-08-29 15:34:41,2026-08-29,0bcd0d5d-0bbc-4f38-8827-8b79312baa81,COMIC_COVER,3251,Captain America,ULTRA_RARE,117.00,0xc457ed30b0c2de220aaabe26fdb5f46d15e1eb25,0x85d15c346ee22a17cdb4f4a8c653e20c6b15e5b4,,
dd308944-b4ee-440a-8865-153884a099eb,2026-08-29 15:32:00,2026-08-29,f0ccdd0b-c4ae-41e9-b853-5133d7a813bc,COLLECTIBLE_TYPE,1331,Predator - Seasoned Hunter,COMMON,8.70,0x71c72a3dd6e632d0aff4732832164acedc7edaa4,0xf75f17ed502bfb5d8ba6d4f20dc4c02b41428dfc,,
4b2b2346-c50c-418d-9cc7-e6e190ba1ed5,2026-08-29 15:29:36,2026-08-29,8df33af6-579e-4722-9745-abf30cc070fb,COLLECTIBLE_TYPE,441,Captain Carter  - Action,ULTRA_RARE,80.00,0x0cb6baa8f6f6e8e8cea91e6e2b17eb2b758d3a8f,0x6ce16df2dda6e082b02d2dc390b3b3eb60c3b83b,,
d77a6732-ecc2-4f55-8179-6cae11ad0dff,2026-08-29 15:27:10,2026-08-29,fccfc777-cc16-4a36-b063-8258d6e69ffe,COLLECTIBLE_TYPE,208,Boy,SECRET_RARE,19.99,0x53587fee806e81da0e94057c08deff97ae138f9b,0xf3bae0462673d2b1fbdee8f9cba080fe37c3cd5c,,
5613e73e-a9e5-4f3e-af0f-e0f539d82fec,2026-08-29 15:26:46,2026-08-29,472221e9-516b-44ff-9ac0-9286da31440b,COMIC_COVER,9896,The Avengers,SECRET_RARE,1800.00,0x5b50ea6ab4dc779765fd207ee27677d7ba8f5326,0xd163ba83d8d58aace343f75dbec72d33a966cf70,Top10Mint,
e1052247-8c38-4347-bd9b-4fd5f7a55d02,2026-08-29 15:25:51,2026-08-29,0f73e72f-8bc1-48c4-8b70-4e9b4e372003,COLLECTIBLE_TYPE,297,Namor - Saga of the Sub-Mariner 1988,ULTRA_RARE,54.00,0x17ba734287b90f451e51200a47ba60fede86f6e9,0xe3ea86f73418c0ff76e3761a73c08668a552be33,,
593663f8-e9e2-46fd-83e7-f30b482bc654,2026-08-29 15:24:40,2026-08-29,64a8d31a-599e-490a-ba02-27718252e2b5,COLLECTIBLE_TYPE,1549,Adam Warlock,ULTRA_RARE,13.99,0x7ff3dbfe38a5b058ad25da946866a065470e8ef9,0x6ce16df2dda6e082b02d2dc390b3b3eb60c3b83b,MrHulk181,
395a52ed-2db4-448f-b435-9860f3e4e8c0,2026-08-29 15:21:39,2026-08-29,5a00c7ae-ce58-4b8e-91e4-62af4baac6e8,COLLECTIBLE_TYPE,5550,Pizza Planet Truck,RARE,65.00,0x40ee1a2354242e5706ab98908175078baf2ba108,0x722ce84d6d0527e0ee433a461a1209e624308e19,,jici
52537aa0-bc39-45dd-93af-cda9b943ef4f,2026-08-29 15:21:27,2026-08-29,472221e9-516b-44ff-9ac0-9286da31440b,COMIC_COVER,20714,The Avengers,SECRET_RARE,1800.00,0x6d612c2544927ec9588ea4e7832a2a1f5d7c56d2,0xd163ba83d8d58aace343f75dbec72d33a966cf70,,
175d3ba6-8d91-4de6-a841-17b0828c6fa6,2026-08-29 15:21:20,2026-08-29,0c90c49f-d867-47de-991f-d5b5606ffb09,COLLECTIBLE_TYPE,1016,Namor - Phoenix,COMMON,13.40,0x741a844ef54e7571da85fd9355cab541319f05fd,0xdcf16a26460cbcf8a9058a36798854b031b56805,,
2dca67d2-7c46-422b-b844-c44177307ad0,2026-08-29 15:19:32,2026-08-29,2641f79e-8ce8-4b3f-9806-de801d475c14,COMIC_COVER,883,Captain America,COMMON,54.65,0xc6e8a3b72bf0f904b94261dec440889072777a39,0x48bc5739644cb8023b3c49aa2028b2caaad6445a,,
8e3fb8a1-256c-47b8-b2bc-878f2909cd9b,2026-08-29 15:19:14,2026-08-29,bc64c1a9-5efe-4b52-824d-27ffed8b13e4,COLLECTIBLE_TYPE,754,Lightning,RARE,2.03,0x014482246994a97e4b681943a125a7320b891588,0x957a200777effb0c8f4cbdd9a038844854af3a18,,
7cb67e24-d0a3-4e5d-9fe2-56f84adefaa3,2026-08-29 15:18:47,2026-08-29,6a3c8ad0-8bb9-4065-abff-9d12b8e82bc4,COLLECTIBLE_TYPE,6901,Lady and the Tramp ,RARE,39.99,0x507fb2978f532ddaabcb05a4160c117492c65832,0x7b960f3959b8ad754e1c2d7f5af1a9fa2fff2b32,,
9551bf33-dcbd-4af2-a390-1fa4f4b14e30,2026-08-29 15:16:56,2026-08-29,8a50b96b-5408-4e5e-bb40-23961d9ed8d8,COLLECTIBLE_TYPE,583,Magik - Hellfire Gala #1 (2022),RARE,7.00,0x70bbcd7406020a3041e4b7abe33a5c5c45b0783e,0x957a200777effb0c8f4cbdd9a038844854af3a18,,
005a192e-3a74-45c9-8412-b66c1fbb5177,2026-08-29 15:14:00,2026-08-29,2ff8504e-a8f3-4ea6-aa7e-5652c6645796,COLLECTIBLE_TYPE,789,Dumbo,SECRET_RARE,109.99,0xc69b5476580612c668c4e78e86c6caee63f55bde,0x722ce84d6d0527e0ee433a461a1209e624308e19,,jici
2b841f64-535d-4e42-bc8a-f6ca78564247,2026-08-29 15:09:35,2026-08-29,378f58bb-ecb5-4f4e-ac4d-1bc3acbc0b8f,COMIC_COVER,948,Fantastic Four,COMMON,3.80,0x72521246b37d3b6689b860bbf53faf2e5434c6d6,0x290f31fcffd92421cb6922e9e5376149f03a1210,,
883626ca-3b21-4b53-aefc-37ec1d30f58d,2026-08-29 15:09:20,2026-08-29,2641f79e-8ce8-4b3f-9806-de801d475c14,COMIC_COVER,6867,Captain America,COMMON,54.65,0xae16400e6107df7171cf8767487ffebef0e59954,0x3fe5275b59b8da3c0ccf6822ba51bc63c15063f3,,
6aad026a-74df-4daf-8d87-47ecdf79027d,2026-08-29 15:05:42,2026-08-29,90cd8e7b-5195-4f5b-a5be-bc41d9e338fa,COMIC_COVER,492,Amazing Fantasy,COMMON,318.00,0xe4ecc0379b63b97fe0bed70e3a562cf8a97a3c8c,0x8b569a9e9afda0618c495906f43dfc82a0897ebb,,
083790ff-520d-402e-b299-9f49c1f206ae,2026-08-29 15:05:35,2026-08-29,af36d0b7-21fc-404d-a6ea-6b5676c9ba30,COLLECTIBLE_TYPE,426,Hoodie,SECRET_RARE,22.00,0xf7ebc4b578fbb7901f555294e6febc983c8bce6c,0xf3bae0462673d2b1fbdee8f9cba080fe37c3cd5c,,
5c3c9a11-ffc1-4a09-b9a2-e1a704cc84b7,2026-08-29 15:05:24,2026-08-29,983c4be0-5acb-468d-b834-3e2869618011,COLLECTIBLE_TYPE,242,Super,SECRET_RARE,19.00,0xfb99df1477da04ae0ac658e4eeed1e4dcda92f33,0xf3bae0462673d2b1fbdee8f9cba080fe37c3cd5c,,
3203a1af-5b3b-40c6-ba09-6fbb56ec44ad,2026-08-29 15:05:21,2026-08-29,2641f79e-8ce8-4b3f-9806-de801d475c14,COMIC_COVER,5388,Captain America,COMMON,54.65,0x80f3bde052cdbb0170691b132f51acbc6efc84a9,0x290f31fcffd92421cb6922e9e5376149f03a1210,,
507c3f5a-a659-493f-9893-5a5679e70869,2026-08-29 15:04:32,2026-08-29,d4788b46-09e9-4528-bfd0-39a1a9ca087e,COLLECTIBLE_TYPE,223,Cube,SECRET_RARE,13.75,0x0f684424f8d34f8add7963c6934df0966e6da244,0xf3bae0462673d2b1fbdee8f9cba080fe37c3cd5c,,
3751d4b8-ca16-4fe1-a631-8a55a7087add,2026-08-29 14:55:59,2026-08-29,b7ea3a29-17e1-47cb-a6ca-2ec419165e3c,COLLECTIBLE_TYPE,252,“it’s a small world”,SECRET_RARE,14.95,0x5e9b2c472bd0d4e2763b0e30017a9ff30467e338,0x80f3bde052cdbb0170691b132f51acbc6efc84a9,,
a3c91760-c95c-454d-b856-674e516c9871,2026-08-29 14:55:49,2026-08-29,b5fbafef-f911-4a70-95d4-471fba080ecd,COMIC_COVER,778,Saga of the Sub-Mariner,UNCOMMON,7.00,0x5c351ffda198aa91df287ad320c592222a9dc67c,0x020115536fa60e8ab602d174a546c788ce355d92,,doublequill
4bce19b5-8973-4a34-a18c-652ca77f7da0,2026-08-29 14:55:30,2026-08-29,b5fbafef-f911-4a70-95d4-471fba080ecd,COMIC_COVER,717,Saga of the Sub-Mariner,UNCOMMON,7.00,0x5b0964671548943cc923ff2788fd73422aaa7aa9,0x020115536fa60e8ab602d174a546c788ce355d92,,doublequill
92c5168f-95e2-4d13-b21f-92739a851bb5,2026-08-29 14:54:13,2026-08-29,5a83120d-b4c0-4982-85d7-3046dd7d5f4f,COLLECTIBLE_TYPE,1166,Rain,UNCOMMON,1.00,0xc6730f46c02113ceb47ebd590544b9f7eba39f00,0x020115536fa60e8ab602d174a546c788ce355d92,,doublequill
d54d2603-6801-4f28-8a89-7b50707a7776,2026-08-29 14:39:46,2026-08-29,f4ba3117-9a23-4ab7-b489-2908ccb176c6,COLLECTIBLE_TYPE,56,Sandman,UNCOMMON,5.99,0xae16400e6107df7171cf8767487ffebef0e59954,0x2f1d47962eafe6c57e595f0bd879b61212635887,,
9425dfe6-9b11-46a8-b3d5-72755795320d,2026-08-29 14:36:28,2026-08-29,a30604ac-4ac1-4f27-93b3-33620eb250f4,COMIC_COVER,30262,The Amazing Spider-Man,COMMON,8.50,0x7e83c3cb90d4e7cde15a168206907306eeed77ad,0x3b08cb991dcc9c610c714598a574ac1eb1b9ad76,,
8e5ba5eb-c0e2-4bb0-ac81-fbc9f2a1e8ad,2026-08-29 14:35:28,2026-08-29,6b0fddfa-b86a-46c5-a57b-d8b0b9aceb33,COMIC_COVER,34402,Star Wars (1977),COMMON,7.99,0x4dad8c9bbc92851f617b34a0a7d7d1a487f10349,0x68f86855e61e7a157d81c6af964cdfb0253274de,,
dd5f6102-d7dc-4fa9-953e-8b861c9da9a4,2026-08-29 14:34:53,2026-08-29,a91046a6-6287-4cd7-9bf9-e4b6972dcc6e,COMIC_COVER,4343,Star Wars (1977),ULTRA_RARE,27.99,0x92191251efbacbe8b48439d183c56d59258363fd,0x68f86855e61e7a157d81c6af964cdfb0253274de,,
b8417ab8-b587-4244-91e5-bcc26d1d1084,2026-08-29 14:31:57,2026-08-29,5a83120d-b4c0-4982-85d7-3046dd7d5f4f,COLLECTIBLE_TYPE,794,Rain,UNCOMMON,1.00,0x014482246994a97e4b681943a125a7320b891588,0xe46abb6eb6c9c76fcb2f67c82d68e9bc6c70175b,,
e5d3c5c7-9250-4510-bfa8-be4e32c39ff0,2026-08-29 14:31:38,2026-08-29,ca6b36f9-e72b-4e29-95da-b1c4a3626242,COLLECTIBLE_TYPE,648,Snow,COMMON,1.00,0x014482246994a97e4b681943a125a7320b891588,0xe46abb6eb6c9c76fcb2f67c82d68e9bc6c70175b,,
25bdb6ac-5a6a-4cef-a423-b3016de2da63,2026-08-29 14:27:22,2026-08-29,af36d0b7-21fc-404d-a6ea-6b5676c9ba30,COLLECTIBLE_TYPE,125,Hoodie,SECRET_RARE,22.00,0x4f99cd44aec3e28e59a3a19e10ff9ab410ffc58f,0x5dba5404beeb01a9c7bc04d03dbe117353230c63,Hyzerd,
328d7af6-ec63-4cdd-bb9d-e9ab36a51bc2,2026-08-29 14:24:01,2026-08-29,b991e11e-c587-472e-9c57-092cc7625af8,COLLECTIBLE_TYPE,294,DeLorean Time Machine - Hovering Version,ULTRA_RARE,26.00,0x014482246994a97e4b681943a125a7320b891588,0xade53fc03f5da8122cafd666233b5ae3a688a224,,
ced0caf0-2a91-4ffc-aa3e-1fceaaf86df7,2026-08-29 14:18:02,2026-08-29,ec04c6de-1ef4-436b-bb1a-8a9109a95bb6,COLLECTIBLE_TYPE,1966,Colossus - Phoenix,COMMON,12.00,0x5c351ffda198aa91df287ad320c592222a9dc67c,0xc84773e8d180c431d5b37400e09893dcbdb6b867,,
6b2f39a2-f6d6-4cba-8170-8a2de02489eb,2026-08-29 14:16:48,2026-08-29,857bc625-e42e-4af3-92fe-1790cc007a3a,COMIC_COVER,259,King In Black: Black Panther,ULTRA_RARE,13.00,0x72521246b37d3b6689b860bbf53faf2e5434c6d6,0xbf414303e44475ac380590c506e79c9ab7abe95a,,
cffabb36-5472-47fc-94e0-37b329f964d1,2026-08-29 14:12:34,2026-08-29,a0b06945-0df1-416d-a25c-af780ccef09c,COMIC_COVER,444,Spider-Man Swing Shift Director's Cut,UNCOMMON,2.25,0x99fd68577dbca58276d4fa31aa3a1bae9f28b98d,0xbf414303e44475ac380590c506e79c9ab7abe95a,,
82c8b160-e51d-41a5-be42-881033fbafbb,2026-08-29 14:05:07,2026-08-29,4e7c7df3-9969-4574-b859-528c6c8e013c,COLLECTIBLE_TYPE,143,Don’t Mess with Minnie,ULTRA_RARE,18.95,0xa12be857785ff0d4f046f83b3abab90edbb32aff,0x6b9329f59fbaae791d9ac522d1afda8b1fbdf9c1,,AceAce
fb3c77c7-4043-4681-9bd9-e9c897b18ece,2026-08-29 14:00:47,2026-08-29,6c589db7-e673-4a1a-b87a-af1d0e7da650,COLLECTIBLE_TYPE,432,Haunted Mansion Poster,SECRET_RARE,19.79,0x94d0f797f01b63ceecf6ad98166d92049bbbec47,0x16f1a9526b4707806f76f1b87ebe0792219deefa,,
d07589d2-3392-4bcf-9298-186d30b2a14b,2026-08-29 13:59:22,2026-08-29,79193898-4fb7-4dd1-9bc1-3aeb4630b306,COMIC_COVER,296,Captain America,ULTRA_RARE,59.90,0xae16400e6107df7171cf8767487ffebef0e59954,0x998ce881ba55e721319d4d6d4a98fe467bd9b257,,
810942de-dc4d-449a-b206-7c2aef5600a7,2026-08-29 13:53:34,2026-08-29,a046c872-8c13-4877-b705-7eb3a09bf8ee,COLLECTIBLE_TYPE,832,Snow Globe - Coke Bottle,SECRET_RARE,68.00,0x7831ac4c9b585cbf93a6e2ec9c71513aafef21c4,0xbd4b0524e036cd0e99ecbedd3ee390815533e106,,
a4aa7b03-48d2-4637-9d7a-5ccdabfdec65,2026-08-29 13:42:42,2026-08-29,94eb327e-5053-416d-9b2e-412eb9fa9cf5,COLLECTIBLE_TYPE,1005,Ocean Coral #2,UNCOMMON,2.19,0x71c72a3dd6e632d0aff4732832164acedc7edaa4,0x1b7ea6b0eebc1e8b65bff1879463e69242ca4c31,,
78c026b0-d1fe-4914-ad9d-5922050759cd,2026-08-29 13:42:33,2026-08-29,9981470b-b00a-421d-b89d-5492fc1e170d,COLLECTIBLE_TYPE,1254,Aquatic Plant - Big Bronze 1,UNCOMMON,2.77,0x71c72a3dd6e632d0aff4732832164acedc7edaa4,0x1b7ea6b0eebc1e8b65bff1879463e69242ca4c31,,
b1ea6af3-552f-4df8-b400-d24e59ae2023,2026-08-29 13:38:53,2026-08-29,ec04c6de-1ef4-436b-bb1a-8a9109a95bb6,COLLECTIBLE_TYPE,811,Colossus - Phoenix,COMMON,12.00,0x5c351ffda198aa91df287ad320c592222a9dc67c,0xf998339d5b46d0a0909947e8a47ac325686bd0da,,spc1204
3bc74227-f144-4633-a11b-f15114c5ba08,2026-08-29 13:32:32,2026-08-29,af02ad4f-100c-4995-810f-376c6854b00e,COLLECTIBLE_TYPE,9772,Disney D,UNCOMMON,26.72,0x89b6d497142e168621cb121d4f86f02311332035,0xc0b90a968f76c3f7e1e143d617d4406d36b57769,,
787d98b7-b992-45e1-b856-efb5bbf461e1,2026-08-29 13:23:29,2026-08-29,7aefc64f-2a8f-4412-800d-25f1e3699c90,COLLECTIBLE_TYPE,1088,Aang - Airbender,COMMON,19.00,0x017e8f00b5ef9be094aa80e70252acfd74d2c6dc,0xc0b90a968f76c3f7e1e143d617d4406d36b57769,,
96044d90-3f55-4a1e-888b-d8be082fecdb,2026-08-29 13:23:11,2026-08-29,6b0fddfa-b86a-46c5-a57b-d8b0b9aceb33,COMIC_COVER,41071,Star Wars (1977),COMMON,7.99,0x4dad8c9bbc92851f617b34a0a7d7d1a487f10349,0x5d645ae6ad8f420a70e268cb9c466e5dd159067a,,
54635f62-8b1f-451d-9991-ec501c800174,2026-08-29 13:21:21,2026-08-29,6a3c8ad0-8bb9-4065-abff-9d12b8e82bc4,COLLECTIBLE_TYPE,7569,Lady and the Tramp ,RARE,39.99,0xaf01c6783191f3306d3fe3875a53761963d4bb2e,0xc0b90a968f76c3f7e1e143d617d4406d36b57769,,
a177119f-b2de-4b70-bc1a-eec34e45c088,2026-08-29 13:20:25,2026-08-29,7aefc64f-2a8f-4412-800d-25f1e3699c90,COLLECTIBLE_TYPE,1915,Aang - Airbender,COMMON,19.00,0x10547069c6f9f54f7d818a919128fd1c03880b55,0xc0b90a968f76c3f7e1e143d617d4406d36b57769,,
2580897d-0672-4ad4-b407-9ad5283fe055,2026-08-29 13:14:41,2026-08-29,c60f6fe9-3481-46e8-821c-03664ce2e5d7,COMIC_COVER,399,X-Men '97: Season Two,RARE,9.85,0x11e4731a41f20e328d69d714b7d2a5fc5ebdef8a,0x0e3a88e947e914b60d01844f1d94108b764694a0,,
a788efa8-7391-4e2f-8040-a6fe7fe6163c,2026-08-29 13:14:32,2026-08-29,878d34b5-8e67-43d6-a7ca-c06a8b73672d,COMIC_COVER,53,X-Men '97: Season Two,COMMON,6.75,0x88e8fe8c552a59be0a9c21b74a41fd5fbcbf2dee,0x0e3a88e947e914b60d01844f1d94108b764694a0,Aroostic,
1fa38c1a-06fd-42dd-82cb-30186a4ba7aa,2026-08-29 12:52:41,2026-08-29,92635283-99b4-4597-ba69-01e39ccba334,COLLECTIBLE_TYPE,2152,Master Splinter - Father Figure,COMMON,4.50,0xc6730f46c02113ceb47ebd590544b9f7eba39f00,0x054dc47a500ea8986e73c98b189a94cbb8376bbb,,Pooski
7f44e4f7-f2ed-4d65-aad7-b0b2497d906e,2026-08-29 12:52:38,2026-08-29,92635283-99b4-4597-ba69-01e39ccba334,COLLECTIBLE_TYPE,2206,Master Splinter - Father Figure,COMMON,4.50,0x8baae2a4ee3fd8d536a68eb2d16298231293a36b,0x054dc47a500ea8986e73c98b189a94cbb8376bbb,,Pooski
144c2427-2916-4173-badd-9d9ec22b018d,2026-08-29 12:52:36,2026-08-29,92635283-99b4-4597-ba69-01e39ccba334,COLLECTIBLE_TYPE,1540,Master Splinter - Father Figure,COMMON,4.50,0x8baae2a4ee3fd8d536a68eb2d16298231293a36b,0x054dc47a500ea8986e73c98b189a94cbb8376bbb,,Pooski
ff9b8b90-1569-4f3f-a5cf-1009789fd1a7,2026-08-29 12:52:34,2026-08-29,92635283-99b4-4597-ba69-01e39ccba334,COLLECTIBLE_TYPE,1667,Master Splinter - Father Figure,COMMON,4.50,0x8baae2a4ee3fd8d536a68eb2d16298231293a36b,0x054dc47a500ea8986e73c98b189a94cbb8376bbb,,Pooski
eb7ca172-6c14-46b3-a60e-39e5abec576e,2026-08-29 12:52:31,2026-08-29,92635283-99b4-4597-ba69-01e39ccba334,COLLECTIBLE_TYPE,2068,Master Splinter - Father Figure,COMMON,4.50,0xab43c36e07de149d09eb22fc2fa2a5fc06815c50,0x054dc47a500ea8986e73c98b189a94cbb8376bbb,,Pooski
7f048a3b-6bcc-466f-901d-6ea64fb52c1b,2026-08-29 12:48:15,2026-08-29,ffcb1ff1-be7f-449d-a992-4609ebf7e536,COMIC_COVER,822,Miles Morales: Spider-Man,UNCOMMON,15.00,0x6ce16df2dda6e082b02d2dc390b3b3eb60c3b83b,0xb1a527bf8c4a9814b173ecf8ac93236d5821de5b,,VeveWes
dbcca8d1-914f-46b5-867d-99819a158e5a,2026-08-29 12:37:05,2026-08-29,2bcdb600-76bf-4816-b44a-d298beb6417f,COLLECTIBLE_TYPE,827,Flower’s Base,UNCOMMON,2.75,0xe3dfcb781d03e048559cd784c3b02fb6ac04992e,0x1b7ea6b0eebc1e8b65bff1879463e69242ca4c31,g5551212,
1215e9d8-6515-421f-b431-17cdd42e83b9,2026-08-29 12:36:02,2026-08-29,98610f58-ace2-409e-9d42-046980e3df49,COMIC_COVER,2724,Tarzan of the Apes,COMMON,1.00,0x7fcd1fef7ba6586ee9876527c4531d65f7c4f06e,0x1b7ea6b0eebc1e8b65bff1879463e69242ca4c31,,
2941ba51-9e82-45b2-a521-8ca10b3d0e0c,2026-08-29 12:21:41,2026-08-29,f50bd55d-fcd4-46b6-9574-78e3ff253c2e,COLLECTIBLE_TYPE,993,Orbitron®,SECRET_RARE,14.95,0x80f3bde052cdbb0170691b132f51acbc6efc84a9,0xc261110aa6477c3f92aad500d3c4f72b06b9ae37,,
5d76e7d9-2c81-46d6-8b30-a9b6e81ad875,2026-08-29 12:21:25,2026-08-29,a8f8d463-7081-4fdf-b411-1a3182200f8b,COLLECTIBLE_TYPE,183,Big Thunder Mountain,SECRET_RARE,14.99,0x80f3bde052cdbb0170691b132f51acbc6efc84a9,0xc261110aa6477c3f92aad500d3c4f72b06b9ae37,,
e9ca03bd-79d2-48fa-b043-0683496d706e,2026-08-29 12:16:19,2026-08-29,c3df7496-e8e7-4507-b80a-5c2b5d996645,COLLECTIBLE_TYPE,3125,#100 Todd McFarlane Batman,COMMON,489.00,0x302746f315498b1575ce009d6fd2a3604ba09790,0x7831ac4c9b585cbf93a6e2ec9c71513aafef21c4,,
e68b1339-2936-4deb-9762-8e2bf4f07320,2026-08-29 12:12:40,2026-08-29,38240a36-10d1-4653-ba38-61bd524e3ef3,COLLECTIBLE_TYPE,960,Jean Grey - Phoenix,COMMON,22.00,0x7831ac4c9b585cbf93a6e2ec9c71513aafef21c4,0x40ee1a2354242e5706ab98908175078baf2ba108,,
ef18c467-5a91-47d2-863b-0a0cacca7957,2026-08-29 12:09:40,2026-08-29,b0608d31-bae3-4159-902a-3d18550c242a,COLLECTIBLE_TYPE,486,Jane Foster (Thor) - Action,ULTRA_RARE,40.00,0x86cf60a40c15b78974bfcd1000e695875da24c9d,0x5f01ff1e1782301b535a98df7b0af6b4aa17a8de,,
3d4a2c57-a842-41a6-a01c-d25d7cba26d4,2026-08-29 12:07:54,2026-08-29,025a320d-8bce-4fad-9cb2-4b41d6a2f727,COLLECTIBLE_TYPE,1814,Sung Jinwoo - Weakest Hunter,COMMON,13.99,0x741a844ef54e7571da85fd9355cab541319f05fd,0xa0f7ae43fbc608663daf329cf10b9f24bee70493,,
29919ca7-9f28-4c80-af40-0610b95c3b43,2026-08-29 12:04:36,2026-08-29,107572e7-d947-4cc0-b8dc-af5e16233566,COLLECTIBLE_TYPE,706,Bucky Barnes - On Guard,RARE,40.00,0x722ce84d6d0527e0ee433a461a1209e624308e19,0x5f01ff1e1782301b535a98df7b0af6b4aa17a8de,jici,
0305d12d-1b3a-410f-96f6-ed98c0dee43b,2026-08-29 12:03:42,2026-08-29,01bd4803-ce5d-45ed-9cfa-1d225aa8450a,COMIC_COVER,744,Saga of the Sub-Mariner,COMMON,2.20,0x2b2fc761916fdf1305366e216a5517e2835a146b,0x30f71b2c961ccc48a6943607f808edd7cc7e6043,,
4e7feda8-b699-4dd5-87f3-74c26b7eb971,2026-08-29 12:03:29,2026-08-29,e31fc143-da6c-4b99-b756-5622e543258b,COMIC_COVER,872,Saga of the Sub-Mariner,RARE,3.00,0x5c351ffda198aa91df287ad320c592222a9dc67c,0x30f71b2c961ccc48a6943607f808edd7cc7e6043,,
b434ef51-cebe-4ed2-8109-0b892b442e2e,2026-08-29 12:03:07,2026-08-29,de1e9deb-5145-4ca8-8348-43dcd61b8ddf,COLLECTIBLE_TYPE,1135,Green Truck,COMMON,2.15,0x6eec7f98ea69232c75f460c07e0a640665d844f3,0x70d211f07edff8cecb71f0a2bbfe8fea825c7c2c,,
a36d762f-434e-40d9-9007-ab05b61c5eb1,2026-08-29 12:01:14,2026-08-29,4473936d-fd5e-48f9-a023-b12179588838,COMIC_COVER,19103,The Savage She-Hulk,ULTRA_RARE,6.99,0x045ab1b962e5c37d8ade5920eba35d09c825bdea,0x98f02c317319bb8274fc9add66299568439bdc41,,
cf516be4-b868-4d35-b608-8d1b510a3249,2026-08-29 11:52:52,2026-08-29,5a83120d-b4c0-4982-85d7-3046dd7d5f4f,COLLECTIBLE_TYPE,545,Rain,UNCOMMON,1.00,0x014482246994a97e4b681943a125a7320b891588,0xaa8d060555697549431218fb06b04037b7162343,,
d42ae3c8-39ab-4d4a-ad7f-00629cfeae13,2026-08-29 11:52:02,2026-08-29,8c2d7b33-5ab3-4704-a915-ebd34f024485,COMIC_COVER,692,The Amazing Spider-Man,COMMON,4.10,0x4dad8c9bbc92851f617b34a0a7d7d1a487f10349,0x85e54746d47e8b5e3407b95f60a598ac3fdbce7e,,Jstout
d04f9e67-8e8d-4171-a14f-5632e24fdf37,2026-08-29 11:50:09,2026-08-29,103212c9-b2bf-44d7-94f4-166a1de2ceab,COMIC_COVER,437,Miles Morales: Spider-Man,RARE,20.00,0x6ce16df2dda6e082b02d2dc390b3b3eb60c3b83b,0x69b7efb8bcd9b29a46f668eace744f60cd440f01,,
c4bcb27a-5b92-4f3e-8dee-8b08b57ccca0,2026-08-29 11:49:30,2026-08-29,7f7b555d-330c-450d-8331-de8e558c56ee,COMIC_COVER,232,Web of Spider-Man,ULTRA_RARE,9.95,0x87cd7b4e8ad06ab2c0fed1c9a47a9d81f20622cf,0x98f02c317319bb8274fc9add66299568439bdc41,,
a9152eae-0b9e-4d96-aa94-1570fa452d90,2026-08-29 11:46:42,2026-08-29,607a54e3-7407-495e-9334-1337d3dd5a8a,COMIC_COVER,4171,The X-Men,COMMON,5.69,0x4dad8c9bbc92851f617b34a0a7d7d1a487f10349,0xc7ed902577b999c93d9425653997d9af84299085,,
ed762d42-6139-4035-a486-f315062a5893,2026-08-29 11:44:01,2026-08-29,a191c03e-7e57-46d5-95e0-3f986113d727,COMIC_COVER,754,The Will Of Doom,UNCOMMON,56.00,0x88e8fe8c552a59be0a9c21b74a41fd5fbcbf2dee,0x69b7efb8bcd9b29a46f668eace744f60cd440f01,Aroostic,
3eaa22f9-163c-4c0a-8215-09628a324911,2026-08-29 11:39:07,2026-08-29,f91fbba9-e5f3-4d7d-93b4-91efacbc0b27,COLLECTIBLE_TYPE,1437,Spider-Man 2099 - Genetic Awakening,COMMON,14.90,0x46df8b5589e6193a42c2c09cf8fa0f08283300a6,0xf7fb1f9f8a99ad762d036b21b0c1c0f8283441bb,,
02934c72-a034-47fe-8cef-ba01359e2c3e,2026-08-29 11:37:11,2026-08-29,64a8d31a-599e-490a-ba02-27718252e2b5,COLLECTIBLE_TYPE,924,Adam Warlock,ULTRA_RARE,13.99,0x3e03d27a1bdea71002280b8677cb3bc7b3618413,0x21188c1d9afb6cc5a0243f6f8dcd5d149e7672e9,,Sfriedl6969
bd647ad1-13f3-4878-9cfa-025231e4dfa4,2026-08-29 11:27:37,2026-08-29,ae4036cd-1487-4952-9033-e93e0b2918f4,COMIC_COVER,441,The Avengers,UNCOMMON,19.99,0x1bad8c14218f994f5cad1f48cea191ed6f81a0c5,0xfe23edcd0fdc07de56d745c605774285f6a8a2ae,,Hitsthefloor
d0016d7d-1ab3-454e-89b3-c8ff4c28ab0f,2026-08-29 11:19:13,2026-08-29,69227665-8301-4c3b-a2ad-35729f1c3479,COLLECTIBLE_TYPE,436,Stormtrooper - Crouching,ULTRA_RARE,19.00,0xfa6d26be297af9fb4765c2bb447dea4a5ff9a7f7,0x7b6e40b0206e398fed62a41d24f6adaa144145b1,,
0e6097c4-aeaf-4033-8757-ef2fee5bded4,2026-08-29 11:18:29,2026-08-29,2641f79e-8ce8-4b3f-9806-de801d475c14,COMIC_COVER,7599,Captain America,COMMON,54.65,0xdc0dea1d9d366ae8113a105f92cd39b25b87cb90,0x09dc02467fd0d07ffc3f107b194aa74d867c4fee,,
07f554ce-0788-46ec-87c5-99b03d33c075,2026-08-29 11:10:37,2026-08-29,3459927c-af12-4065-b7ce-b07434650291,COMIC_COVER,2633,Fantastic Four,COMMON,3.88,0x30986d883dc2f5bb12dbf2ae5f995cbe4bd93993,0xe71786ed4c9c817b759fcb915196dd7f7d8516d8,,
09b5689c-c70f-4f38-b56a-db7a8140b73f,2026-08-29 11:05:53,2026-08-29,da4f0ab8-00be-498e-8784-bde7d0d105e2,COLLECTIBLE_TYPE,4067,#56 Bruce Timm Harley Quinn,COMMON,34.65,0x9c52e9e4e2c0f507fde1acd85e486f25223c1298,0x1f9fe8681c6a8fb7607004b20b428cab815e0d6a,,
5bed7b9d-0946-47ac-9c62-e72985840326,2026-08-29 11:05:33,2026-08-29,5426c6a7-9c07-49ac-ab1f-457911e870a2,COMIC_COVER,1918,Tarzan Of The Apes,ULTRA_RARE,69.00,0xab5066b45f3b731f4b0069e67ea886d1dad865b1,0x0788a75d1bbe54fca180f37da19d098f1371f86f,,
e8125e2e-48bf-4b68-b73b-11a16df48776,2026-08-29 10:53:24,2026-08-29,f27d213c-e228-4cc5-ba59-f6e9d6971d45,COMIC_COVER,24598,Marvel Spotlight,UNCOMMON,2.69,0x03bb6abd9143981b5c81b3394c512f4f0a71bbe7,0xb62af47181497337eebfe861e177d777f4c41dc1,,
a8e6fafd-db7f-45d6-b7ef-427061a63dbe,2026-08-29 10:52:26,2026-08-29,da7f15db-60fa-48db-ac21-f7be7cf6917f,COLLECTIBLE_TYPE,6857,Batgirl,UNCOMMON,19.99,0x229d5a5db58654d41dc8276bcac2975aaa45e1ea,0x1f9fe8681c6a8fb7607004b20b428cab815e0d6a,,
1c54063a-9401-4eb6-b2d6-e37772dc8deb,2026-08-29 10:48:45,2026-08-29,c69b7701-c33f-4801-99f3-080450f2b6c7,COLLECTIBLE_TYPE,2054,Hawkgirl,ULTRA_RARE,9.00,0xaa8d060555697549431218fb06b04037b7162343,0x1f9fe8681c6a8fb7607004b20b428cab815e0d6a,,
c449c399-c33d-421c-826f-ce4d14e5964e,2026-08-29 10:48:26,2026-08-29,0ab36b42-c881-4c73-bbc2-fda5515240d1,COMIC_COVER,44122,The New Mutants,COMMON,2.50,0x03bb6abd9143981b5c81b3394c512f4f0a71bbe7,0x0b0972783bf16b9e6ecf61e25751152328c3abec,,
5e9757cb-d407-4397-a51e-aea8963592c3,2026-08-29 10:48:16,2026-08-29,0ab36b42-c881-4c73-bbc2-fda5515240d1,COMIC_COVER,41630,The New Mutants,COMMON,2.50,0xdcf9c878f1552e7cecacc3de000a1ddee08e007e,0x0b0972783bf16b9e6ecf61e25751152328c3abec,,
a72d5947-65c5-402b-a616-5820da4e155f,2026-08-29 10:48:07,2026-08-29,0ab36b42-c881-4c73-bbc2-fda5515240d1,COMIC_COVER,34114,The New Mutants,COMMON,2.50,0x03bb6abd9143981b5c81b3394c512f4f0a71bbe7,0x0b0972783bf16b9e6ecf61e25751152328c3abec,,
2f6d90ec-971c-418d-9fe1-222f0c972e3e,2026-08-29 10:47:51,2026-08-29,f0d160a6-8232-48ce-bfbd-40e96d16cfe0,COMIC_COVER,20830,Fantastic Four,COMMON,9.00,0x904bf3b41999405bcc01d5950b3e16d8d306e1a0,0xb62af47181497337eebfe861e177d777f4c41dc1,GypsyDawg,
0d4a2f01-f7f2-4ebf-894a-d7cab89f7ebc,2026-08-29 10:47:49,2026-08-29,0ab36b42-c881-4c73-bbc2-fda5515240d1,COMIC_COVER,15375,The New Mutants,COMMON,2.50,0xb7c5aef9cae88aa10e869dab038964753a0b5789,0x0b0972783bf16b9e6ecf61e25751152328c3abec,,
cb430f87-dd30-47d4-bbd6-0e793ec3b7f5,2026-08-29 10:47:26,2026-08-29,0ab36b42-c881-4c73-bbc2-fda5515240d1,COMIC_COVER,43582,The New Mutants,COMMON,2.50,0xaf01c6783191f3306d3fe3875a53761963d4bb2e,0x0b0972783bf16b9e6ecf61e25751152328c3abec,,
f571cd39-cd5e-4ef0-80ae-b862a20efec4,2026-08-29 10:45:23,2026-08-29,9dd62a73-b50a-4b56-9fb7-89cd756ca9da,COMIC_COVER,12502,The Amazing Spider-Man,COMMON,2.90,0x7fcd1fef7ba6586ee9876527c4531d65f7c4f06e,0x0b0972783bf16b9e6ecf61e25751152328c3abec,,
18bcc70f-2462-4ef5-88ee-d9a65fd62e2a,2026-08-29 10:44:42,2026-08-29,484b70b0-2cb3-4687-96f1-7daf1d964614,COMIC_COVER,17690,Daredevil,COMMON,5.99,0x93365222c1bbe3b5853c0ca6234f130899bc2760,0x0b0972783bf16b9e6ecf61e25751152328c3abec,,
869169a9-2f79-4936-b14f-e97a15b74d94,2026-08-29 10:44:27,2026-08-29,484b70b0-2cb3-4687-96f1-7daf1d964614,COMIC_COVER,16359,Daredevil,COMMON,5.99,0x3a9b5e505ab2ccaec101ee6218b03ee221a34892,0x0b0972783bf16b9e6ecf61e25751152328c3abec,,
36df256c-7621-46fe-afda-ce2cd08683b2,2026-08-29 10:43:34,2026-08-29,f0d160a6-8232-48ce-bfbd-40e96d16cfe0,COMIC_COVER,16924,Fantastic Four,COMMON,9.00,0x92191251efbacbe8b48439d183c56d59258363fd,0x0b0972783bf16b9e6ecf61e25751152328c3abec,,
1a19d71f-62c5-4908-974f-f53fae4a23df,2026-08-29 10:42:12,2026-08-29,f0d160a6-8232-48ce-bfbd-40e96d16cfe0,COMIC_COVER,16318,Fantastic Four,COMMON,9.00,0xfee09863021bb3a5bd617d6633b3b26a60766999,0x0b0972783bf16b9e6ecf61e25751152328c3abec,,
792c1ad3-eb9c-42cc-a1b7-7a416104fe4d,2026-08-29 10:22:27,2026-08-29,fcaf92c1-1f34-4042-87ee-b5cc02345977,COLLECTIBLE_TYPE,111,Chris Robots Will Kill - Landscape,ULTRA_RARE,28.00,0x8a32b1be89b2de85efe98e6a115c13b7950f4417,0x1ee9920e6efdcbc57d48e669b87a6e822fc7d828,,Lamouche
d1592a5a-db67-4a58-9bbb-cc73a15e22ce,2026-08-29 10:13:01,2026-08-29,3c89b9b1-b836-49c4-99f8-da6b7603e071,COLLECTIBLE_TYPE,154,Eagle Eyes,UNCOMMON,4.79,0x290f31fcffd92421cb6922e9e5376149f03a1210,0x21188c1d9afb6cc5a0243f6f8dcd5d149e7672e9,,Sfriedl6969
7cecedff-eb90-4ced-b592-76cd9a2c6cad,2026-08-29 10:05:46,2026-08-29,b991e11e-c587-472e-9c57-092cc7625af8,COLLECTIBLE_TYPE,801,DeLorean Time Machine - Hovering Version,ULTRA_RARE,26.00,0xaf01c6783191f3306d3fe3875a53761963d4bb2e,0x66e3d5ffa80294c8822aad57f6a73e715ef8a169,,
f956fb0b-4f91-49c6-becd-7f0090289970,2026-08-29 09:41:11,2026-08-29,58acd794-e8bf-483a-8c13-d58adacdc1cd,COMIC_COVER,289,Fantastic Four: 65 Years Of The World's Greatest Comic Covers!,COMMON,2.50,0x18938961eb68ae2ab85ba96b1da38bff170d8be1,0x424e46f4d6f15d4139c1c6f655bc32215688054e,,
2b20f388-756a-4cc7-9c98-7b73ce65f538,2026-08-29 09:40:57,2026-08-29,58acd794-e8bf-483a-8c13-d58adacdc1cd,COMIC_COVER,186,Fantastic Four: 65 Years Of The World's Greatest Comic Covers!,COMMON,2.50,0x11ecdc0ad75a55b0a70a7c1abb34c399d825a4b0,0x424e46f4d6f15d4139c1c6f655bc32215688054e,,
73ae56cc-a113-4c9f-a971-a8d3354f524c,2026-08-29 09:32:03,2026-08-29,d98c26ab-4609-44ef-a2c6-82bcc67e212f,COMIC_COVER,730,Spidey & His Amazing Friends,COMMON,2.99,0x62959ebf3a60737fca3a45f526a92520e9988ebc,0xc17f50f34d5e8f0a0145537d22d9976e930e283e,,
20f70eb9-70fd-4cc1-a458-9540efcdffa1,2026-08-29 09:08:30,2026-08-29,4ba5e77c-a4f6-44c8-a709-6b2e63c38fd3,COLLECTIBLE_TYPE,432,Miguel,RARE,16.50,0xaf01c6783191f3306d3fe3875a53761963d4bb2e,0x9b1c70fd76413014cbfa3e25fbf703ddb63b18c0,,
880e7ab3-8475-42cd-98a9-9096ca97bc6b,2026-08-29 08:53:55,2026-08-29,4f866f13-3e6e-435d-ab50-7fb9ee57b734,COLLECTIBLE_TYPE,580,Hitchin’ A Ride,RARE,13.35,0xaf01c6783191f3306d3fe3875a53761963d4bb2e,0x21188c1d9afb6cc5a0243f6f8dcd5d149e7672e9,,Sfriedl6969
3969e00b-09af-4f57-824a-58f68d9cc94d,2026-08-29 08:51:11,2026-08-29,d5f13331-1547-4e56-994d-073529033c7f,COLLECTIBLE_TYPE,1372,Marvel Iron Man 18”  – Red,COMMON,19.00,0x032976e2ce4eb44c6e1a452089c897f068879537,0x7aeeeaa9b2dd1cc47a8e75e85c5923680e580bdd,masterroni,
1dd94435-8ee7-4af1-af9a-39a7ec2b1a45,2026-08-29 08:46:23,2026-08-29,30700600-f3ad-4f78-a775-c84e7b056abe,COLLECTIBLE_TYPE,200,Graffi ver. Green,ULTRA_RARE,6.99,0x71c72a3dd6e632d0aff4732832164acedc7edaa4,0xf0ff3df07df8e4212e0b53ae48a4d834c492fedf,,
0a5f2d7d-07e5-4952-8e01-dacb99cd1301,2026-08-29 08:46:21,2026-08-29,2641f79e-8ce8-4b3f-9806-de801d475c14,COMIC_COVER,826,Captain America,COMMON,54.65,0xc6e8a3b72bf0f904b94261dec440889072777a39,0x4dad8c9bbc92851f617b34a0a7d7d1a487f10349,,
9a4848ed-8c60-4c35-85c1-84d6d31ccc8e,2026-08-29 08:24:46,2026-08-29,92635283-99b4-4597-ba69-01e39ccba334,COLLECTIBLE_TYPE,26,Master Splinter - Father Figure,COMMON,4.50,0xe16e811a39719856a39093ee99d77b4f56537208,0x91fe0258fb41399ef1a429d09e1a990bbcbca448,,
9189dd71-4736-432a-b807-5edfbee89f0f,2026-08-29 08:15:14,2026-08-29,05df9412-ca87-4492-8454-81f73a88c171,COLLECTIBLE_TYPE,3136,MOTOMICHI - Eyes,SECRET_RARE,12.40,0x515b682a5e2118023c83d02aafba735347becee0,0x368c494fc831f631b3199f206e341e2837367d82,,
de36f2e4-0e35-4e89-be9a-01ae4e7adc14,2026-08-29 08:05:19,2026-08-29,60decdb0-2864-4979-85ef-714261cbdb2d,COLLECTIBLE_TYPE,350,Edo Scout Trooper,COMMON,8.50,0x7aa2d616c1df66f14ee1f172ecbd2c5578e49896,0xa0f7ae43fbc608663daf329cf10b9f24bee70493,,
e63cdd79-88e0-4036-bc79-284e4c382e0f,2026-08-29 08:02:56,2026-08-29,ccf43f67-9c3d-4401-b429-3a6a8a6547fc,COMIC_COVER,4665,Nova,COMMON,1.00,0x7fcd1fef7ba6586ee9876527c4531d65f7c4f06e,0x1b7ea6b0eebc1e8b65bff1879463e69242ca4c31,,
8e02f828-f770-4c27-a615-8fa8cb1bcbf0,2026-08-29 08:00:16,2026-08-29,871a23d4-c756-46a8-9e86-790760bd133d,COMIC_COVER,16903,Uncanny X-Men,RARE,2.99,0xf7fb1f9f8a99ad762d036b21b0c1c0f8283441bb,0x11ecdc0ad75a55b0a70a7c1abb34c399d825a4b0,,
cc023de6-0f0b-4b88-893a-79326142acab,2026-08-29 08:00:00,2026-08-29,871a23d4-c756-46a8-9e86-790760bd133d,COMIC_COVER,5470,Uncanny X-Men,RARE,2.99,0x87cd7b4e8ad06ab2c0fed1c9a47a9d81f20622cf,0x11ecdc0ad75a55b0a70a7c1abb34c399d825a4b0,,
abea7616-109e-4106-91e6-4993d0bb51e2,2026-08-29 07:58:17,2026-08-29,7b76ceee-2678-4957-af06-8cd97e37833a,COMIC_COVER,11079,Uncanny X-Men,COMMON,1.20,0xdafbc5ea5117b7c00d209b0a8783c56f5a3abe49,0x11ecdc0ad75a55b0a70a7c1abb34c399d825a4b0,thesnackman,
c4d8b3e0-bb1d-4829-9930-d3b71b7d9735,2026-08-29 07:55:57,2026-08-29,2641f79e-8ce8-4b3f-9806-de801d475c14,COMIC_COVER,4028,Captain America,COMMON,54.65,0x2dcba771a9c4d30972b3d322ccfb9d47b2e3870b,0x09dc02467fd0d07ffc3f107b194aa74d867c4fee,,
e9f70e4a-b584-4fe0-b148-d4fa17c67b63,2026-08-29 07:54:01,2026-08-29,ed651ef1-e253-4eb7-91d6-d7eb7813d6d5,COMIC_COVER,6148,Fantastic Four,COMMON,3.34,0xc17413a468119daf012bc7a534716a8d5002120f,0x34337573802267d1ddf7a3105c380c42476f193c,,
90bc1d7e-47cb-4f60-96b8-3c30c5fee01f,2026-08-29 07:53:16,2026-08-29,bc33f029-30b6-4125-b74e-a779917de72a,COMIC_COVER,7527,Amazing Spider-Man Annual,COMMON,1.99,0xfde68b20cb2c09b21474f590a7ea8401f648eb82,0x34337573802267d1ddf7a3105c380c42476f193c,,
3078bc37-1f69-4dd2-84f4-fe0cc47045f8,2026-08-29 07:50:18,2026-08-29,531922ce-7c82-43dc-8ef2-dce25d31fb43,COLLECTIBLE_TYPE,1611,Arishem the Judge,UNCOMMON,5.00,0x7831ac4c9b585cbf93a6e2ec9c71513aafef21c4,0xf441860747e95c80ae8491fe592fb42adc79f9e0,,
eaddf50d-979d-4e0c-b0d2-15d0702ca190,2026-08-29 07:44:36,2026-08-29,bc64c1a9-5efe-4b52-824d-27ffed8b13e4,COLLECTIBLE_TYPE,759,Lightning,RARE,2.03,0xae16400e6107df7171cf8767487ffebef0e59954,0x0efbd11f7745ad1f175ca77ac9a729c873eeea38,,
0560f6c1-e4f3-436f-bdb6-730432bf3b00,2026-08-29 07:44:22,2026-08-29,ca6b36f9-e72b-4e29-95da-b1c4a3626242,COLLECTIBLE_TYPE,596,Snow,COMMON,1.00,0x5c351ffda198aa91df287ad320c592222a9dc67c,0x0efbd11f7745ad1f175ca77ac9a729c873eeea38,,
dbe77e77-9451-41b6-96cd-d5e646944c25,2026-08-29 07:38:20,2026-08-29,2641f79e-8ce8-4b3f-9806-de801d475c14,COMIC_COVER,9321,Captain America,COMMON,54.65,0x054dc47a500ea8986e73c98b189a94cbb8376bbb,0x5c351ffda198aa91df287ad320c592222a9dc67c,Pooski,
7c770ba1-67be-4dbc-a950-4c18a5306729,2026-08-29 07:38:14,2026-08-29,2641f79e-8ce8-4b3f-9806-de801d475c14,COMIC_COVER,6297,Captain America,COMMON,54.65,0x80f3bde052cdbb0170691b132f51acbc6efc84a9,0x5c351ffda198aa91df287ad320c592222a9dc67c,,
de2fc9d5-0b45-42a8-8f6b-50135f85555f,2026-08-29 07:36:44,2026-08-29,3836034e-22bb-43b6-baf3-2c5378b869fe,COMIC_COVER,492,Miles Morales: Spider-Man,SECRET_RARE,265.00,0x5c351ffda198aa91df287ad320c592222a9dc67c,0x88e8fe8c552a59be0a9c21b74a41fd5fbcbf2dee,,Aroostic
a1f665eb-0c65-4f01-8997-0abddd60fbb0,2026-08-29 07:36:28,2026-08-29,1915a00c-506e-4cd7-a346-948898bb22c4,COLLECTIBLE_TYPE,196,Sun,SECRET_RARE,21.00,0x11e4731a41f20e328d69d714b7d2a5fc5ebdef8a,0x34337573802267d1ddf7a3105c380c42476f193c,,
bfe53a09-0cc2-4fb9-bc0d-38fd381ff192,2026-08-29 07:33:55,2026-08-29,2bdc32b6-e302-490a-84e1-5d497201c129,COMIC_COVER,3420,Nova,UNCOMMON,2.75,0x93365222c1bbe3b5853c0ca6234f130899bc2760,0x88e8fe8c552a59be0a9c21b74a41fd5fbcbf2dee,,Aroostic
7ed67a60-a37e-4734-b1a8-c91e9778523f,2026-08-29 07:31:15,2026-08-29,66b46e57-90c5-4556-a65e-6dc44899cea6,COMIC_COVER,55332,Marvel Comics,COMMON,23.00,0x40ee1a2354242e5706ab98908175078baf2ba108,0x1a3276cb1a1d4607edc1271442a677ea9978c391,,
07f92306-054e-4c18-bab4-6f67e8b842f4,2026-08-29 07:30:39,2026-08-29,a30604ac-4ac1-4f27-93b3-33620eb250f4,COMIC_COVER,23592,The Amazing Spider-Man,COMMON,8.50,0xd7b836470fe510048ed7c698f46ff3f0f5fd87c2,0x1a3276cb1a1d4607edc1271442a677ea9978c391,,
b3607cdf-911a-4874-97da-9e6eccf7c0db,2026-08-29 07:28:37,2026-08-29,9d466685-c3c3-4363-998f-ea6963c2ea04,COMIC_COVER,15934,Fantastic Four,COMMON,10.99,0x4dad8c9bbc92851f617b34a0a7d7d1a487f10349,0x1a3276cb1a1d4607edc1271442a677ea9978c391,,
af1aef54-a404-4dd0-b529-1ae4d6d16d35,2026-08-29 07:19:14,2026-08-29,92635283-99b4-4597-ba69-01e39ccba334,COLLECTIBLE_TYPE,1811,Master Splinter - Father Figure,COMMON,4.50,0x8baae2a4ee3fd8d536a68eb2d16298231293a36b,0x3f2da78b5e3fb49ee1a8eb0abb8fb21e55f50991,,
9613843c-7b94-4107-b567-9109036c332f,2026-08-29 07:18:05,2026-08-29,ba2e8d06-c0f8-40dd-ba0d-594001238a1a,COLLECTIBLE_TYPE,841,Graffi ver. Black,UNCOMMON,1.90,0x71c72a3dd6e632d0aff4732832164acedc7edaa4,0xf6ca21ccc4d688ad626654d053acc1f37fdc0546,,
e3ee37ed-3289-4cec-9329-5366b6cc932c,2026-08-29 07:15:38,2026-08-29,a7a14492-4cd9-4c16-af3d-20055db31acc,COLLECTIBLE_TYPE,3998,Valkyrie,UNCOMMON,2.30,0x71c72a3dd6e632d0aff4732832164acedc7edaa4,0x1b7ea6b0eebc1e8b65bff1879463e69242ca4c31,,
0398a1cb-bef6-4fc5-bf09-6ae9f7350ae1,2026-08-29 07:14:51,2026-08-29,c01b071c-962a-48d4-9a6a-9a5e73d40abd,COLLECTIBLE_TYPE,3262,Obi-Wan Kenobi,RARE,22.00,0x4f9f661b22c67e1f5913b1dd21fa7259dd36b062,0x3f2da78b5e3fb49ee1a8eb0abb8fb21e55f50991,,
5cabd062-ca5a-4900-b913-564a634c7e9d,2026-08-29 07:12:47,2026-08-29,e80b2c89-2182-410a-8fea-eb8c330599f2,COLLECTIBLE_TYPE,63,Jubilee - Dancefloor Detonator,SECRET_RARE,233.00,0x5c351ffda198aa91df287ad320c592222a9dc67c,0xf766f95fa592646f068a1821e5b6496efaf1a3bf,,
170681ff-2d98-4308-a230-ae1e772f2b4a,2026-08-29 07:09:29,2026-08-29,08ed38aa-561e-4a86-b64e-434f4fcfe1b2,COLLECTIBLE_TYPE,1834,Guitar Tank,COMMON,2.99,0x71c72a3dd6e632d0aff4732832164acedc7edaa4,0x3f2da78b5e3fb49ee1a8eb0abb8fb21e55f50991,,
c24e2f48-6a91-44f3-a2ce-600b16d4ddd9,2026-08-29 07:05:02,2026-08-29,cb514393-4ab4-4042-afcf-33e6083341ed,COLLECTIBLE_TYPE,2188,Collectors at Heart - Vinyl Pressing,RARE,1.22,0x51266f8af0b734b8fa5861f7871fd9924c49b6ae,0x9964f73c6c9cedc7cbb294ce91aec8347e46d6c8,,
f1c1296f-2a45-47a6-97dd-7a0c527fe15c,2026-08-29 06:58:34,2026-08-28,ae7c2332-5623-4e84-a8c8-cf14b37bedcc,COLLECTIBLE_TYPE,2169,Ghost-Spider,COMMON,14.99,0xba27adc2f27b3740d5165523ac0aa98e017262a5,0x09855d6a4c353884bf8d207486d48d5cf74a163c,,
0ab7e171-3a6b-476b-ba65-6117113896df,2026-08-29 06:56:21,2026-08-28,9cccbffd-e907-44b4-9e2e-b285f090292d,COLLECTIBLE_TYPE,1820,Zombie Hunter Spider-Man #1,COMMON,8.90,0x71e1e148e64948c0eb8ae603a20033f56ad7ff5b,0x7319931e79624f9cdb05aed72e8956c2bdbe6779,,
30a89f43-041a-40c5-8ea3-c5eb73d9c8e0,2026-08-29 06:46:05,2026-08-28,254501a1-7fd7-4d57-a4e0-eb3e70b965b5,COLLECTIBLE_TYPE,310,Thor - Battle for Asgard,RARE,5.50,0x71c72a3dd6e632d0aff4732832164acedc7edaa4,0x3e10c3fbb7266b9cd7a732fefc932e572cc45bf7,,
e944b11b-81ed-49ae-bf76-26e5c2bd47cc,2026-08-29 06:41:02,2026-08-28,5a83120d-b4c0-4982-85d7-3046dd7d5f4f,COLLECTIBLE_TYPE,1042,Rain,UNCOMMON,1.00,0xfb99df1477da04ae0ac658e4eeed1e4dcda92f33,0x556feaf6cf9b81adef57b26ca2508b839b41f742,,
e43b48be-b1b8-4f9b-96d3-69919815830a,2026-08-29 06:40:29,2026-08-28,8fb5ccce-9c4a-49ab-b206-440767b49495,COLLECTIBLE_TYPE,2943,Loki,COMMON,4.50,0x71c72a3dd6e632d0aff4732832164acedc7edaa4,0x6ce16df2dda6e082b02d2dc390b3b3eb60c3b83b,,
bd95bec2-d0ee-48fe-907c-20bc34b71ae7,2026-08-29 06:39:51,2026-08-28,32cf9730-e895-4be0-9feb-a88cc4002463,COLLECTIBLE_TYPE,958,BAM!,COMMON,1.00,0x2b2fc761916fdf1305366e216a5517e2835a146b,0x556feaf6cf9b81adef57b26ca2508b839b41f742,,
f01c7ccc-e283-4a5f-abd6-cfdb9393e41d,2026-08-29 06:39:12,2026-08-28,4cbc534c-3332-4f0c-a3f1-05f7b030224c,COLLECTIBLE_TYPE,1055,POW!,COMMON,1.00,0x2b2fc761916fdf1305366e216a5517e2835a146b,0x556feaf6cf9b81adef57b26ca2508b839b41f742,,
395ad5f4-2196-4de8-97e0-d0253045f86b,2026-08-29 06:38:06,2026-08-28,5873d066-24c8-4f96-a9e9-ab1f6935df1b,COLLECTIBLE_TYPE,421,Silver Surfer,RARE,21.90,0x71c72a3dd6e632d0aff4732832164acedc7edaa4,0xaa8d060555697549431218fb06b04037b7162343,,
20252d2e-200b-433f-9695-72fc652bcd65,2026-08-29 06:34:15,2026-08-28,8c2d7b33-5ab3-4704-a915-ebd34f024485,COMIC_COVER,594,The Amazing Spider-Man,COMMON,4.10,0xc17413a468119daf012bc7a534716a8d5002120f,0x31d53ee0359ad6d4219a4c6263c2a7ef841664e2,,
562a6a3d-4367-46d1-af17-deccc8c01f1f,2026-08-29 06:29:08,2026-08-28,d37184af-298d-4b47-ae13-819fb234b80d,COLLECTIBLE_TYPE,1609,Episode 12 - Arise,COMMON,1.90,0x9cb2041ac5fa3d979da46dee4305276b1d2ec79a,0xfe886371c6f812a8af54a9dc5db710f2ccb9620d,,
8a9f47f0-47c4-443f-a40c-c364c0996ea9,2026-08-29 06:28:39,2026-08-28,0592ffac-7963-4fe1-8528-7797260823fe,COLLECTIBLE_TYPE,1253,Episode 1 - I'm Used to It,COMMON,5.00,0xcb17aeca55bef9280c4d7ca3d09b3b14a96a3397,0xfe886371c6f812a8af54a9dc5db710f2ccb9620d,,
62b8eaed-0756-470e-9440-16bc8e1b4b14,2026-08-29 06:13:06,2026-08-28,607a54e3-7407-495e-9334-1337d3dd5a8a,COMIC_COVER,2863,The X-Men,COMMON,5.69,0x190521e2901cdf879c3c522829915e74d49b8f3c,0xc7ed902577b999c93d9425653997d9af84299085,,
f8db256f-06de-4e37-96f2-95321b8a01e5,2026-08-29 06:13:01,2026-08-28,607a54e3-7407-495e-9334-1337d3dd5a8a,COMIC_COVER,4071,The X-Men,COMMON,5.69,0x4dad8c9bbc92851f617b34a0a7d7d1a487f10349,0xc7ed902577b999c93d9425653997d9af84299085,,
8312903b-f202-4b6d-b50f-c80ce417923d,2026-08-29 06:12:11,2026-08-28,607a54e3-7407-495e-9334-1337d3dd5a8a,COMIC_COVER,3212,The X-Men,COMMON,5.69,0xae16400e6107df7171cf8767487ffebef0e59954,0xc7ed902577b999c93d9425653997d9af84299085,,
b5a47c2d-8583-4b74-a6c9-6997cc60b044,2026-08-29 06:06:34,2026-08-28,dff1d353-03a8-46b6-adf3-f1104b99887e,COMIC_COVER,3654,The X-Men,UNCOMMON,29.95,0x106692793dcde515f0af21b14c41e8c485098a72,0xc7ed902577b999c93d9425653997d9af84299085,stephenduarte,
c71304e8-35c4-45ce-a199-cae148bc4c84,2026-08-29 06:06:21,2026-08-28,dff1d353-03a8-46b6-adf3-f1104b99887e,COMIC_COVER,3961,The X-Men,UNCOMMON,29.95,0x5471550db37955c577375db7717dbdb1507da212,0xc7ed902577b999c93d9425653997d9af84299085,,
a562749b-f2f2-4e6e-bf0f-f704e4c70449,2026-08-29 06:06:06,2026-08-28,dff1d353-03a8-46b6-adf3-f1104b99887e,COMIC_COVER,4496,The X-Men,UNCOMMON,29.95,0xab7d8833a6f5e8aa0889ed0b55a12745e088242b,0xc7ed902577b999c93d9425653997d9af84299085,,
94badefc-315f-4aa9-aa8b-47e8debcdcef,2026-08-29 06:06:03,2026-08-28,dff1d353-03a8-46b6-adf3-f1104b99887e,COMIC_COVER,3858,The X-Men,UNCOMMON,29.95,0x4dad8c9bbc92851f617b34a0a7d7d1a487f10349,0xc7ed902577b999c93d9425653997d9af84299085,,
6b14ba6d-20ab-4c38-8fa5-dfd00d15a599,2026-08-29 05:58:59,2026-08-28,5cd5b20e-02da-4be2-8060-b7d03b2383d5,COLLECTIBLE_TYPE,865,#01 Eduardo Risso Batman,ULTRA_RARE,1500.00,0x38f8f9a7d88f74f86c87ffe0a1e43c5ea77bef64,0x3bc687394400eb43d28d665996a423762d732d38,,
02e4424d-e2d2-4305-a0c1-2da2733b9362,2026-08-29 05:58:28,2026-08-28,3a592c07-aca1-43c8-9788-632462579e7b,COLLECTIBLE_TYPE,455,The Emperor's Fist,ULTRA_RARE,239.00,0x8b569a9e9afda0618c495906f43dfc82a0897ebb,0x3bc687394400eb43d28d665996a423762d732d38,,
3beae05e-5df2-4d06-9c09-999b5974475d,2026-08-29 05:47:34,2026-08-28,92635283-99b4-4597-ba69-01e39ccba334,COLLECTIBLE_TYPE,1539,Master Splinter - Father Figure,COMMON,4.50,0x8baae2a4ee3fd8d536a68eb2d16298231293a36b,0x015cf5e6ca1b47df9833941a93c220cb4f279f09,,
29a6437a-fbec-4ee9-8447-80350fbbbf19,2026-08-29 05:42:54,2026-08-28,319f7e96-0519-416f-b180-7b3fc4ecb240,COLLECTIBLE_TYPE,11995,Doug Mahnke Batman,UNCOMMON,3.50,0x81eeee7a1fa1cad71947f7321fe434f3493c194b,0xf51ad3dfe671277bc939991e64662b02bc54ddea,,
bdc05355-3f5e-4a6f-b9c5-f3a48e12f80a,2026-08-29 05:38:48,2026-08-28,b3063a77-2464-4b89-86a2-b8d85da7fe00,COMIC_COVER,9970,The Amazing Spider-Man,UNCOMMON,15.00,0xa1b780a6c8f7b48df2e072fe27fbbf2563b5468c,0xc7ed902577b999c93d9425653997d9af84299085,,
de0cb9dd-9cae-4c4a-b7cd-15ffe4496766,2026-08-29 05:36:01,2026-08-28,771a3424-23ab-4f17-9776-34a13fc0f3d8,COMIC_COVER,15494,The Amazing Spider-Man,COMMON,1.00,0xf7d3308dc81688e4d81e37be137127d9b3b32fc0,0xa5a1b68c86b180110ebd706a16b5e5630ae815f6,,
417f4b47-6cf3-4dcc-b73c-02f81b218712,2026-08-29 05:29:45,2026-08-28,01bd4803-ce5d-45ed-9cfa-1d225aa8450a,COMIC_COVER,541,Saga of the Sub-Mariner,COMMON,2.20,0x71e1e148e64948c0eb8ae603a20033f56ad7ff5b,0x176af189479662b79ed2512f33626d33399994f6,,
99f5d1f2-b559-4896-af73-32e8f80f98dc,2026-08-29 05:27:20,2026-08-28,b3063a77-2464-4b89-86a2-b8d85da7fe00,COMIC_COVER,2655,The Amazing Spider-Man,UNCOMMON,15.00,0x30986d883dc2f5bb12dbf2ae5f995cbe4bd93993,0xc7ed902577b999c93d9425653997d9af84299085,,
8b4afcb4-8031-4358-89f3-e5107113eae0,2026-08-29 05:20:18,2026-08-28,1cdb7278-0d85-493d-90ab-85bd3faac35f,COLLECTIBLE_TYPE,212,BB-8 - Thumbs Up,SECRET_RARE,174.00,0xae16400e6107df7171cf8767487ffebef0e59954,0xc69b5476580612c668c4e78e86c6caee63f55bde,,
553c4742-0e59-4627-b823-31a5effe80dd,2026-08-29 05:20:10,2026-08-28,1cdb7278-0d85-493d-90ab-85bd3faac35f,COLLECTIBLE_TYPE,19,BB-8 - Thumbs Up,SECRET_RARE,174.00,0x088f21e4919d8f4b55d494d937f69fdcbbb862e1,0xc69b5476580612c668c4e78e86c6caee63f55bde,jimmerjim77,
edbf825d-fe68-4c0e-8411-fa8555b24912,2026-08-29 05:11:03,2026-08-28,09b73cca-d010-464b-90bc-a582c9388fdc,COMIC_COVER,3994,Amazing Fantasy,ULTRA_RARE,1200.00,0x93365222c1bbe3b5853c0ca6234f130899bc2760,0xaf01c6783191f3306d3fe3875a53761963d4bb2e,,
9731c179-b6e6-4f35-a7e1-c2577e10457e,2026-08-29 05:03:14,2026-08-28,5646fdb1-46e9-42db-89b1-e41dcdbe7684,COMIC_COVER,77,X-Men: From The Ashes Sampler,COMMON,11.00,0x290f31fcffd92421cb6922e9e5376149f03a1210,0x69b92e07845946d7b642e62cffffd96fc4bcc390,,
6ba178eb-9125-492b-9172-844c5dc43021,2026-08-29 05:02:58,2026-08-28,5646fdb1-46e9-42db-89b1-e41dcdbe7684,COMIC_COVER,70,X-Men: From The Ashes Sampler,COMMON,11.00,0x290f31fcffd92421cb6922e9e5376149f03a1210,0x69b92e07845946d7b642e62cffffd96fc4bcc390,,
c96ee064-c1e2-4de8-84ac-20a376c997c6,2026-08-29 05:00:51,2026-08-28,684d93e2-0ecf-47a5-a2c5-1c7dd0b8d4dd,COLLECTIBLE_TYPE,94,Spider-Man 2099 - Beyond Destiny,COMMON,10.05,0xe37e59bbf5b436a019501a5acb17b0f01081cd2c,0x5dae346459d73e39b43cf97344b2ced23983a725,KcBmw,
7a694ea6-cc8f-4a63-8b86-0d0d23150f88,2026-08-29 05:00:09,2026-08-28,a06f6db9-25ae-4ae8-a78a-9d441bb07d42,COMIC_COVER,700,X-Men,UNCOMMON,12.99,0x9f4caaec6a2e9f8409b704f3ef16f0d51e827cdf,0x2b8fe6b245ade689f77cef048e5e8a9337239097,,
901425b6-ff91-438d-a96a-68fddda14041,2026-08-29 04:55:48,2026-08-28,10a300f5-9bd8-4d8f-b1d6-82acc9295399,COLLECTIBLE_TYPE,386,Magic Mike,RARE,4.79,0x9f4caaec6a2e9f8409b704f3ef16f0d51e827cdf,0x93da6c57ed34662a3ca7b61b909c273417613066,,Cwolt
b0a938ac-0744-4b59-91f2-3f6ab6c205a0,2026-08-29 04:50:11,2026-08-28,1c2c833d-3e70-4e7e-b589-0c24832a58cd,COLLECTIBLE_TYPE,1497,Katara,COMMON,17.89,0x776f80000908060fa497a315bddd1ab1ee895266,0xc17413a468119daf012bc7a534716a8d5002120f,ramo141,
f2973029-94ae-4187-8183-f60e746ed25f,2026-08-29 04:39:53,2026-08-28,7865e918-bd8f-4ef9-b529-3ac0d3f85f02,COLLECTIBLE_TYPE,651,Buzz Lightyear – Laser Lock,RARE,19.99,0x0cea3b049375a3b5c96f73504d8cefc56a6c8888,0xc48a3a477c1b572f5ab74f42c1afed3b0007664c,,
fea6fd11-8b5a-4f39-9fe0-2d0f43ee9e4e,2026-08-29 04:39:48,2026-08-28,9bbf3fa3-9b0c-446d-9b17-f6e452b070c7,COLLECTIBLE_TYPE,6046,Black Panther – Wakanda Forever,COMMON,8.20,0x71c72a3dd6e632d0aff4732832164acedc7edaa4,0xe95aed74fc19d68996ea7644e96fd16f4f860867,,
78aac37b-cd41-4922-a668-508b67f6f971,2026-08-29 04:35:27,2026-08-28,c8a76df1-5979-4917-8189-5ecb4a2e4225,COLLECTIBLE_TYPE,147,KABOOM,SECRET_RARE,19.00,0x5600ad1af21c73300d4964ed359c1836e7a659af,0xade53fc03f5da8122cafd666233b5ae3a688a224,Korgull,
a8663750-c944-4633-8dd4-2dc10ba5e4b1,2026-08-29 04:34:27,2026-08-28,593808ba-8c2f-4e0c-b138-29de95166fba,COMIC_COVER,4235,W.H.A.D.A.L.O.T.T.A.J.A.R.G.O.N.,COMMON,2.99,0x7e83c3cb90d4e7cde15a168206907306eeed77ad,0x2242af3d054f29c77d13d1efc1085c6d80e142c7,,
1b1d0745-fb49-457c-a02f-2aca155ee8e5,2026-08-29 04:34:01,2026-08-28,df4040f2-18a2-42d7-b67b-ede12c684102,COLLECTIBLE_TYPE,268,BLAM!,RARE,2.46,0xfe538e230e088ee1e83c3664d0f4d3a03c5f47da,0xade53fc03f5da8122cafd666233b5ae3a688a224,,
b5754d9e-3836-42bb-8c3a-42a320cce123,2026-08-29 04:32:07,2026-08-28,a508f1bc-db02-4856-9d68-89caed6158a4,COMIC_COVER,6545,Star Wars: The Mandalorian,UNCOMMON,3.25,0x7e83c3cb90d4e7cde15a168206907306eeed77ad,0x2242af3d054f29c77d13d1efc1085c6d80e142c7,,
94183cf2-0f38-4027-a99c-8e1e8ee3e429,2026-08-29 04:30:02,2026-08-28,cdab4b29-d626-45c4-9a4e-ca9cdd5ea022,COMIC_COVER,960,Snow White,UNCOMMON,5.50,0x776f80000908060fa497a315bddd1ab1ee895266,0x2242af3d054f29c77d13d1efc1085c6d80e142c7,ramo141,
1301f0be-febd-48dd-aa29-92541b891724,2026-08-29 04:29:53,2026-08-28,ff142570-e43a-4f7e-8a15-4668b0e4d332,COLLECTIBLE_TYPE,459,ZAP!,ULTRA_RARE,5.65,0x1b7ea6b0eebc1e8b65bff1879463e69242ca4c31,0xade53fc03f5da8122cafd666233b5ae3a688a224,,
9723cf24-00c9-4ff1-9415-8c7d074cb831,2026-08-29 04:29:32,2026-08-28,80327c9b-ea07-43e4-9182-5a683eea5798,COMIC_COVER,362,Aladdin,COMMON,5.00,0x776f80000908060fa497a315bddd1ab1ee895266,0x2242af3d054f29c77d13d1efc1085c6d80e142c7,ramo141,
076f9cc0-446d-4356-92c4-1f840fa48fb8,2026-08-29 04:28:25,2026-08-28,930a2375-0dde-4336-85ad-416b55a78dac,COMIC_COVER,61,Uncle Scrooge And The Infinity Dime,COMMON,6.05,0x776f80000908060fa497a315bddd1ab1ee895266,0x7ee06912efef65457077c2171d776d9acfc9383e,ramo141,Wopmamus
32ea05e0-fb9f-4d55-ba59-80b336a7150a,2026-08-29 04:24:55,2026-08-28,79ce1faa-9a1e-4882-a216-f855e2356b95,COMIC_COVER,473,A Christmas Carol Starring Scrooge McDuck,COMMON,5.83,0x776f80000908060fa497a315bddd1ab1ee895266,0x2242af3d054f29c77d13d1efc1085c6d80e142c7,ramo141,
ecd14cd6-25f1-469a-a40b-c6a58e7081b8,2026-08-29 04:24:05,2026-08-28,4ffc5640-7bdd-4862-ae02-1d4cc8c004e4,COMIC_COVER,165,Christmas on Bear Mountain,RARE,12.99,0x776f80000908060fa497a315bddd1ab1ee895266,0x2242af3d054f29c77d13d1efc1085c6d80e142c7,ramo141,
34ba10be-7c29-49d6-ad40-b5be1391a4be,2026-08-29 04:23:56,2026-08-28,bb1eca5e-5140-438f-a374-34f0c59cd9ee,COMIC_COVER,162,Christmas on Bear Mountain,UNCOMMON,10.99,0x21188c1d9afb6cc5a0243f6f8dcd5d149e7672e9,0x2242af3d054f29c77d13d1efc1085c6d80e142c7,Sfriedl6969,
6827b271-8f45-4285-a6a0-0461d10fd79f,2026-08-29 04:23:42,2026-08-28,5a90ee57-819f-457f-8811-08082d730edb,COMIC_COVER,3234,The Last of the Clan McDuck,COMMON,2.97,0x7e83c3cb90d4e7cde15a168206907306eeed77ad,0x2242af3d054f29c77d13d1efc1085c6d80e142c7,,
bd269132-468e-4aab-bf35-927792a9ab6b,2026-08-29 04:21:52,2026-08-28,bb1eca5e-5140-438f-a374-34f0c59cd9ee,COMIC_COVER,1811,Christmas on Bear Mountain,UNCOMMON,10.99,0x776f80000908060fa497a315bddd1ab1ee895266,0x2242af3d054f29c77d13d1efc1085c6d80e142c7,ramo141,
3ef91b21-1c8a-4bf8-9311-7cc81642c6cb,2026-08-29 04:19:56,2026-08-28,fe0aa0b8-3e16-4b52-916b-f6c2b5c20b41,COMIC_COVER,7283,Uncle Scrooge: Back to the Klondike,COMMON,4.20,0x7e83c3cb90d4e7cde15a168206907306eeed77ad,0x2242af3d054f29c77d13d1efc1085c6d80e142c7,,
1b564889-e8af-42e3-bbe8-09ad6cfc81ed,2026-08-29 04:19:20,2026-08-28,64a6c35c-845e-45e9-ae58-8eb0280a66f5,COMIC_COVER,809,Uncle Scrooge: Back to the Klondike,UNCOMMON,4.99,0x776f80000908060fa497a315bddd1ab1ee895266,0x2242af3d054f29c77d13d1efc1085c6d80e142c7,ramo141,
6f4aa5b7-06b3-443e-bd33-18c1b3a16527,2026-08-29 04:09:40,2026-08-28,593808ba-8c2f-4e0c-b138-29de95166fba,COMIC_COVER,801,W.H.A.D.A.L.O.T.T.A.J.A.R.G.O.N.,COMMON,2.99,0x776f80000908060fa497a315bddd1ab1ee895266,0x56d4a4f9253064dde9ca146c79796cd217b17231,ramo141,
b3ca305e-56fe-4641-a7e6-d7e2e940a367,2026-08-29 04:09:30,2026-08-28,5a90ee57-819f-457f-8811-08082d730edb,COMIC_COVER,518,The Last of the Clan McDuck,COMMON,2.97,0x776f80000908060fa497a315bddd1ab1ee895266,0x56d4a4f9253064dde9ca146c79796cd217b17231,ramo141,
af1d9a3c-c41a-48f2-90e3-408d04f6525b,2026-08-29 04:09:19,2026-08-28,f5d071b3-0af9-40a6-938b-79511814c8cb,COMIC_COVER,722,Mickey Mouse Takes a Space Trip,UNCOMMON,2.22,0x776f80000908060fa497a315bddd1ab1ee895266,0x56d4a4f9253064dde9ca146c79796cd217b17231,ramo141,
b5c68c0f-4664-48ce-a243-587c956e8784,2026-08-29 04:07:20,2026-08-28,ab430454-99cf-4b4a-bcc6-5c4ed737512d,COMIC_COVER,5518,Captain America,UNCOMMON,33.88,0x776f80000908060fa497a315bddd1ab1ee895266,0x71c72a3dd6e632d0aff4732832164acedc7edaa4,ramo141,
e0eb79b9-e49a-4daa-9b2f-7e2b2ff68baa,2026-08-29 04:01:35,2026-08-28,ca046652-f132-431b-ab71-f76f7a09fa1d,COMIC_COVER,183,The Avengers,UNCOMMON,2.99,0x4e119d4fb679dcfcada219626235026987e51a15,0x69f082aca2c7c103f966f8ec30073a26356ecb4d,,jlwrench
56db4755-d4f7-4542-adab-e34724016503,2026-08-29 03:59:13,2026-08-28,22bf0636-cdd4-4b6a-8072-54fd92ea07e8,COLLECTIBLE_TYPE,391,Mandalore,UNCOMMON,27.91,0x6de328ed0e8865d3d5deb32100dcd2e963c975bb,0x2b8fe6b245ade689f77cef048e5e8a9337239097,,
3fc7a1fe-3d02-41c5-a0c8-18ea84f0a965,2026-08-29 03:54:02,2026-08-28,ec04c6de-1ef4-436b-bb1a-8a9109a95bb6,COLLECTIBLE_TYPE,306,Colossus - Phoenix,COMMON,12.00,0x776f80000908060fa497a315bddd1ab1ee895266,0x9f4caaec6a2e9f8409b704f3ef16f0d51e827cdf,ramo141,
a846ac43-2cfd-4704-b128-a49008917eb1,2026-08-29 03:53:55,2026-08-28,8cd9530d-6ea9-436c-bdc0-ee73e43c0abe,COLLECTIBLE_TYPE,282,Magik - Phoenix,COMMON,7.99,0x776f80000908060fa497a315bddd1ab1ee895266,0x9f4caaec6a2e9f8409b704f3ef16f0d51e827cdf,ramo141,
0f522ad7-3ba0-416a-8592-136d3faf27ca,2026-08-29 03:53:45,2026-08-28,e957f893-9b39-4a0f-ade8-168b31f62647,COLLECTIBLE_TYPE,1514,Emma Frost - Phoenix,COMMON,10.85,0x776f80000908060fa497a315bddd1ab1ee895266,0x9f4caaec6a2e9f8409b704f3ef16f0d51e827cdf,ramo141,
a6426f9c-b1ec-4a23-b42b-23946403b93b,2026-08-29 03:53:36,2026-08-28,2fe3f2de-7684-4adb-b5fe-7b99a2665255,COLLECTIBLE_TYPE,1032,Phoenix Five Diorama,UNCOMMON,35.00,0x776f80000908060fa497a315bddd1ab1ee895266,0x9f4caaec6a2e9f8409b704f3ef16f0d51e827cdf,ramo141,
cb5e2f60-6ef3-4dba-b306-08d138db62c6,2026-08-29 03:47:37,2026-08-28,4b356aa3-e84f-4136-b904-801e0a2e9b03,COMIC_COVER,901,Thru the Betaverse,COMMON,2.20,0x776f80000908060fa497a315bddd1ab1ee895266,0x1ee9920e6efdcbc57d48e669b87a6e822fc7d828,ramo141,Lamouche
330cf8a5-f616-456e-9bd7-665938049915,2026-08-29 03:47:30,2026-08-28,181b278d-576e-4104-9c04-c6936484be85,COMIC_COVER,11704,Strange Tales,UNCOMMON,6.00,0x82e7de3c90eb247234c318dc92e0d0bbbb236d60,0xc7ed902577b999c93d9425653997d9af84299085,,
08513114-e181-4e32-a9f7-937422a51d0f,2026-08-29 03:42:45,2026-08-28,f2dde0a0-27dc-4722-9473-367332b37a85,COLLECTIBLE_TYPE,260,Velkhana,SECRET_RARE,29.50,0x73f227471e0f69875167375a58dab5ac472de666,0x5f01ff1e1782301b535a98df7b0af6b4aa17a8de,cavitator,
4c44a95e-76c7-44f2-aff0-35dc2d35e07b,2026-08-29 03:40:31,2026-08-28,c7234007-4736-4f1a-8597-c3cb08ad9d30,COMIC_COVER,429,"Marvel Zombies: Black, White & Blood",COMMON,8.98,0x776f80000908060fa497a315bddd1ab1ee895266,0x61baee0891437723b0f85395fd4f17992e77c77b,ramo141,
d5344740-3832-4b59-b520-2fdf7cf419da,2026-08-29 03:39:52,2026-08-28,d4788b46-09e9-4528-bfd0-39a1a9ca087e,COLLECTIBLE_TYPE,294,Cube,SECRET_RARE,13.75,0x9617ab310a5bb465e5bdc9787ac05099f781f93a,0x901d5cf32677238a41e59215f3b77f8ccc6b8a6e,,
81d3c632-bc4d-4957-960f-8f15d27e8e3b,2026-08-29 03:39:14,2026-08-28,62cbbb56-6c35-4d7f-8dcf-4e4f301ffc73,COLLECTIBLE_TYPE,3360,Harley Quinn,ULTRA_RARE,14.49,0x81a24c33d6da70e99c011815812595554991a6dc,0x5f01ff1e1782301b535a98df7b0af6b4aa17a8de,,
795671c5-d006-4703-8e49-46ef02396003,2026-08-29 03:37:25,2026-08-28,d37184af-298d-4b47-ae13-819fb234b80d,COLLECTIBLE_TYPE,1570,Episode 12 - Arise,COMMON,1.90,0xe98552ce68c8c32db079256be6f35614b03af560,0x434f61fda7aaecfbfc36b1e17e6eed8ee0e69281,,
65186d77-c43b-45b6-9ad6-d81a0df91343,2026-08-29 03:37:20,2026-08-28,d40158c7-c456-4377-980a-9c5cc6f99bc1,COLLECTIBLE_TYPE,1893,Ryu,COMMON,30.00,0xf766f95fa592646f068a1821e5b6496efaf1a3bf,0x5f01ff1e1782301b535a98df7b0af6b4aa17a8de,,
5e0ae47e-fc00-40ef-b1da-8f55d5df5030,2026-08-29 03:36:18,2026-08-28,a7a50499-a9de-4e39-940b-983552f1e129,COMIC_COVER,128,"Marvel Zombies: Black, White & Blood",UNCOMMON,16.00,0x776f80000908060fa497a315bddd1ab1ee895266,0x61baee0891437723b0f85395fd4f17992e77c77b,ramo141,
c5a0a657-86de-4724-9b43-ae3733be7b4b,2026-08-29 03:31:26,2026-08-28,92635283-99b4-4597-ba69-01e39ccba334,COLLECTIBLE_TYPE,1088,Master Splinter - Father Figure,COMMON,4.50,0x8baae2a4ee3fd8d536a68eb2d16298231293a36b,0x9f4caaec6a2e9f8409b704f3ef16f0d51e827cdf,,
094b0457-81b6-4eae-a769-f1a6ce19564e,2026-08-29 03:29:09,2026-08-28,f8baed3a-28d8-4092-84c2-ec47e89a1224,COMIC_COVER,6300,Marvel Zombies,COMMON,1.00,0x23894e9606d25aafee326b49bfb99818620ded83,0x9f4caaec6a2e9f8409b704f3ef16f0d51e827cdf,,
91342e21-e316-4ef7-be81-ecb8bc0ba11a,2026-08-29 03:28:53,2026-08-28,46359177-0a0a-4148-aac9-7875a76aaa91,COLLECTIBLE_TYPE,1678,Toph,COMMON,7.99,0x95b6f607ad2b1215df2c92d9b1fc6ad2f277504f,0x434f61fda7aaecfbfc36b1e17e6eed8ee0e69281,StandOffChart,
58c947df-f1dc-48b5-a99d-a8314d5863f8,2026-08-29 03:28:46,2026-08-28,13ef0ca6-6298-4480-adc8-037bf2221e46,COMIC_COVER,6699,Marvel Zombies,COMMON,1.99,0x776f80000908060fa497a315bddd1ab1ee895266,0x9f4caaec6a2e9f8409b704f3ef16f0d51e827cdf,ramo141,
175abc62-7cc5-439d-b273-d593954743b4,2026-08-29 03:28:06,2026-08-28,28d49ded-b1f7-465e-9f91-59d5364e61ef,COMIC_COVER,6016,Marvel Zombies,UNCOMMON,3.45,0x776f80000908060fa497a315bddd1ab1ee895266,0x9f4caaec6a2e9f8409b704f3ef16f0d51e827cdf,ramo141,
20566c68-5c39-436a-b4d4-2f3575cc67b1,2026-08-29 03:25:57,2026-08-28,43973d11-d654-4a5c-9a72-5945a5c32d7e,COMIC_COVER,3039,Marvel Zombies,UNCOMMON,1.90,0x776f80000908060fa497a315bddd1ab1ee895266,0x9f4caaec6a2e9f8409b704f3ef16f0d51e827cdf,ramo141,
a42dfa1b-76cd-449d-98b9-15f0994c13f6,2026-08-29 03:24:36,2026-08-28,58ce00bf-e599-453d-ab67-146d84e4803c,COLLECTIBLE_TYPE,471,Colossus - Secret Wars 1985,ULTRA_RARE,41.99,0x106692793dcde515f0af21b14c41e8c485098a72,0x140e5f02a256f2a048e5770a61592d9cd2e95198,stephenduarte,Hurcaneman
d57aedbc-52f4-454a-8d18-17f905418cfa,2026-08-29 03:23:28,2026-08-28,f2ea358c-f0b1-4008-b57d-210c0cc108bd,COMIC_COVER,4495,Donald the Champion,RARE,6.99,0x776f80000908060fa497a315bddd1ab1ee895266,0x9f4caaec6a2e9f8409b704f3ef16f0d51e827cdf,ramo141,
aabb5621-0f99-4152-a90b-b80559b28d95,2026-08-29 03:15:35,2026-08-28,97f77c41-e404-47c9-af28-71c8492834fa,COMIC_COVER,623,Snow White,RARE,7.95,0x776f80000908060fa497a315bddd1ab1ee895266,0x7ee06912efef65457077c2171d776d9acfc9383e,ramo141,Wopmamus
31e820c3-959c-4c73-b82e-c226380cae3a,2026-08-29 03:14:34,2026-08-28,7b76ceee-2678-4957-af06-8cd97e37833a,COMIC_COVER,16269,Uncanny X-Men,COMMON,1.20,0xdafbc5ea5117b7c00d209b0a8783c56f5a3abe49,0xef0b3bc019d850671717d65377ec9a4f44156788,thesnackman,Detectivekunkun
875cc62a-9ce6-4268-96ae-eb71a18c5853,2026-08-29 03:14:30,2026-08-28,7b76ceee-2678-4957-af06-8cd97e37833a,COMIC_COVER,11539,Uncanny X-Men,COMMON,1.20,0xdafbc5ea5117b7c00d209b0a8783c56f5a3abe49,0xef0b3bc019d850671717d65377ec9a4f44156788,thesnackman,Detectivekunkun
e05a4013-1477-4afe-ac1a-bc6e1d78253c,2026-08-29 03:11:48,2026-08-28,24c168f7-d4ef-4fa0-b9a6-21cf30a2625d,COLLECTIBLE_TYPE,1083,Rabbid Knightmare,UNCOMMON,12.99,0x75ca90067216698f41c95a8301a78205a9652377,0x3f34f825f64a25cd27c2443c49b1e38e26f8d577,,
6fdab659-65e1-4833-be11-6857103064a0,2026-08-29 03:08:42,2026-08-28,92635283-99b4-4597-ba69-01e39ccba334,COLLECTIBLE_TYPE,945,Master Splinter - Father Figure,COMMON,4.50,0x8baae2a4ee3fd8d536a68eb2d16298231293a36b,0xaa81f2c293f64edb1be32be6e5856db71fb8a0ff,,
8e5befdc-5114-479d-aaa2-e5e0645f097c,2026-08-29 03:06:04,2026-08-28,c60f6fe9-3481-46e8-821c-03664ce2e5d7,COMIC_COVER,714,X-Men '97: Season Two,RARE,9.85,0x88e8fe8c552a59be0a9c21b74a41fd5fbcbf2dee,0xb1a527bf8c4a9814b173ecf8ac93236d5821de5b,Aroostic,VeveWes
3d214076-87b2-4c12-8dc2-717d4c870970,2026-08-29 03:02:31,2026-08-28,d4921266-e93b-459c-99e9-fbfae511c573,COMIC_COVER,736,X-Men '97,COMMON,5.00,0x776f80000908060fa497a315bddd1ab1ee895266,0xb1a527bf8c4a9814b173ecf8ac93236d5821de5b,ramo141,VeveWes
bcb7fa59-dd2d-4d33-8a23-8d28ef3e3551,2026-08-29 02:50:06,2026-08-28,32b57898-0886-4a12-ae1d-585bdec35dd8,COMIC_COVER,355,Incredible Hulk,RARE,9.99,0xbd1058017321751de18a68c5275b5873a4adea88,0x2b8fe6b245ade689f77cef048e5e8a9337239097,,
2c290ed8-2ba7-441b-9a7c-329171825857,2026-08-29 02:36:11,2026-08-28,bd37cb44-9773-41fc-8867-1675360716ec,COMIC_COVER,208,Marvel Zombies,RARE,4.50,0xcd9ac1f5e889bd55e9afbf0341132200c87c7307,0xf261030b8d23d33eaec9dedc89353cc2f218369d,,
342150bb-3214-4d48-81a7-bc9c1e34a7e0,2026-08-29 02:33:02,2026-08-28,796348ff-b081-4473-b255-acf577417d96,COLLECTIBLE_TYPE,1350,Thor,COMMON,3.98,0xcc12279fb7ae465bff46a84ecf23bf934d6757e5,0x698c8c8375264b41052fd63fa18d42588110f2c8,,
c3abe1ac-72cc-4ded-915d-e20d1c4f7fd7,2026-08-29 02:30:42,2026-08-28,8fc5ef65-80b8-4b61-9cad-3a8de0cc472a,COLLECTIBLE_TYPE,2089,Nessie,COMMON,2.99,0x03bb6abd9143981b5c81b3394c512f4f0a71bbe7,0x698c8c8375264b41052fd63fa18d42588110f2c8,,
a7ae66bc-8f9b-472e-9ed1-91b68e8c8bc6,2026-08-29 02:28:34,2026-08-28,f1bb37cc-7350-403f-9e06-5942bc3765ec,COLLECTIBLE_TYPE,758,Master Splinter - Weapon Training,RARE,6.99,0x0cea3b049375a3b5c96f73504d8cefc56a6c8888,0x698c8c8375264b41052fd63fa18d42588110f2c8,,
1b3e6308-f56a-449a-b3c5-74ab2373a106,2026-08-29 02:26:15,2026-08-28,48572bd8-4991-4cbb-8249-a1adb40c7f42,COMIC_COVER,797,Vampirella,UNCOMMON,7.98,0xae16400e6107df7171cf8767487ffebef0e59954,0x4fee54f42b8afb4ace7e446289df884a7d10c15c,,
25011a22-0765-4278-a821-77b3d655f26f,2026-08-29 02:25:04,2026-08-28,58acd794-e8bf-483a-8c13-d58adacdc1cd,COMIC_COVER,888,Fantastic Four: 65 Years Of The World's Greatest Comic Covers!,COMMON,2.50,0xe37e59bbf5b436a019501a5acb17b0f01081cd2c,0x424e46f4d6f15d4139c1c6f655bc32215688054e,KcBmw,
5ebe17ce-db5f-49fd-b86b-98a53f4e7ae2,2026-08-29 02:24:10,2026-08-28,01bd4803-ce5d-45ed-9cfa-1d225aa8450a,COMIC_COVER,882,Saga of the Sub-Mariner,COMMON,2.20,0x5c351ffda198aa91df287ad320c592222a9dc67c,0x698c8c8375264b41052fd63fa18d42588110f2c8,,
83e523ba-ad7e-4700-ad5a-85ec9f10bd63,2026-08-29 02:18:41,2026-08-28,7b76ceee-2678-4957-af06-8cd97e37833a,COMIC_COVER,14496,Uncanny X-Men,COMMON,1.20,0xdafbc5ea5117b7c00d209b0a8783c56f5a3abe49,0xef0b3bc019d850671717d65377ec9a4f44156788,thesnackman,Detectivekunkun
ab1545f2-5f37-4b13-8d99-f30690cb8ef9,2026-08-29 02:18:36,2026-08-28,7b76ceee-2678-4957-af06-8cd97e37833a,COMIC_COVER,13970,Uncanny X-Men,COMMON,1.20,0xdafbc5ea5117b7c00d209b0a8783c56f5a3abe49,0xef0b3bc019d850671717d65377ec9a4f44156788,thesnackman,Detectivekunkun
2d38b5f8-f6dc-43b0-8a0e-bfb29ca4a47b,2026-08-29 02:18:31,2026-08-28,7b76ceee-2678-4957-af06-8cd97e37833a,COMIC_COVER,18253,Uncanny X-Men,COMMON,1.20,0xdafbc5ea5117b7c00d209b0a8783c56f5a3abe49,0xef0b3bc019d850671717d65377ec9a4f44156788,thesnackman,Detectivekunkun
32d8999b-f9ac-46fa-8306-416ada48e007,2026-08-29 02:18:25,2026-08-28,7693425f-edad-4cd9-900c-075b1e26012c,COMIC_COVER,7346,Journey Into Mystery,COMMON,19.90,0x40ee1a2354242e5706ab98908175078baf2ba108,0x09210c9739d6a53347078700ad743adf1db084a8,,
d9a00adc-0f0c-4e36-a09e-4f0116d4962a,2026-08-29 02:17:54,2026-08-28,953392de-44b4-49a5-bf6d-65f28032a555,COMIC_COVER,2400,Fantastic Four,COMMON,8.00,0x7e83c3cb90d4e7cde15a168206907306eeed77ad,0x09210c9739d6a53347078700ad743adf1db084a8,,
f5937903-3e97-463e-b91f-83d2d1bb2ff8,2026-08-29 02:12:43,2026-08-28,f1bb37cc-7350-403f-9e06-5942bc3765ec,COLLECTIBLE_TYPE,131,Master Splinter - Weapon Training,RARE,6.99,0x8baae2a4ee3fd8d536a68eb2d16298231293a36b,0x6a0ef2e2860fe2faed9ea7454f3bb9011993f71c,,
87f06238-a6b6-4be2-b474-7e6573efbed5,2026-08-29 01:58:12,2026-08-28,92635283-99b4-4597-ba69-01e39ccba334,COLLECTIBLE_TYPE,460,Master Splinter - Father Figure,COMMON,4.50,0x8baae2a4ee3fd8d536a68eb2d16298231293a36b,0xaa8d060555697549431218fb06b04037b7162343,,
b68f2ad5-b37c-446f-b9d7-f9a279c310dc,2026-08-29 01:56:05,2026-08-28,66b46e57-90c5-4556-a65e-6dc44899cea6,COMIC_COVER,8105,Marvel Comics,COMMON,23.00,0x113e5e158829ea29b984bd9a7b17543b5a4de7d6,0xa90733bdbdf988c2521c65248eaed5f998ad27cf,,
e19c966f-364c-4855-ae9f-08f1227746c8,2026-08-29 01:55:52,2026-08-28,66b46e57-90c5-4556-a65e-6dc44899cea6,COMIC_COVER,56692,Marvel Comics,COMMON,23.00,0x3a86767ea81e05efa6df5db9fcc8268e1b856872,0xa90733bdbdf988c2521c65248eaed5f998ad27cf,smellsfunn,
3321cf06-f01b-47cd-b0c4-d0102a8c0bf4,2026-08-29 01:55:31,2026-08-28,66b46e57-90c5-4556-a65e-6dc44899cea6,COMIC_COVER,4258,Marvel Comics,COMMON,23.00,0x6eec7f98ea69232c75f460c07e0a640665d844f3,0xa90733bdbdf988c2521c65248eaed5f998ad27cf,,
1fcfbedf-c077-4751-9d65-91524a6c7b4f,2026-08-29 01:55:14,2026-08-28,2b37495b-b2bd-42fa-8350-452d3c684904,COMIC_COVER,15159,Marvel Comics,UNCOMMON,49.00,0xb9dce59c690f5efd9fb054c627efddf0c16cc162,0xa90733bdbdf988c2521c65248eaed5f998ad27cf,,
3e1732f9-e25e-4b67-9504-1adeebc075a2,2026-08-29 01:54:43,2026-08-28,2b37495b-b2bd-42fa-8350-452d3c684904,COMIC_COVER,51751,Marvel Comics,UNCOMMON,49.00,0xfee09863021bb3a5bd617d6633b3b26a60766999,0xa90733bdbdf988c2521c65248eaed5f998ad27cf,,
615ba141-ad41-42b2-b9e8-6232a46588cc,2026-08-29 01:54:23,2026-08-28,66b46e57-90c5-4556-a65e-6dc44899cea6,COMIC_COVER,26835,Marvel Comics,COMMON,23.00,0x42d75e1cf24cd11be72825f13758d1dc71153c3f,0xa90733bdbdf988c2521c65248eaed5f998ad27cf,,
471570b5-171b-4e3a-bc64-f62243bd0da0,2026-08-29 01:47:18,2026-08-28,7db9bfc2-0833-409e-996a-26f2d8d95687,COMIC_COVER,299,Saga of the Sub-Mariner,SECRET_RARE,49.99,0xc6730f46c02113ceb47ebd590544b9f7eba39f00,0x634d0f4577e702db92dc842f2a9cf32063775804,,
e91c1181-8dd0-47a5-a809-77e0004e6f68,2026-08-29 01:41:23,2026-08-28,64cf903a-bdb0-4bcd-8d1d-f18f362afecd,COLLECTIBLE_TYPE,1044,Darth Vader Samurai - Eyes of the Empire,COMMON,24.99,0x48e73bbe8f7513eb842f2929daff61139f02b178,0xe16d0ef90f638ab1c96afe356b7d2f2dabb76a80,,
a1047284-ed91-45c1-aff2-0ed1891b5ee6,2026-08-29 01:40:17,2026-08-28,4b219653-6c3b-46c3-8e38-c0aa18517bd4,COMIC_COVER,230,Daredevil,RARE,4.50,0xd7b836470fe510048ed7c698f46ff3f0f5fd87c2,0xd19b8b0bb9dcc1fa6c8d732c0882070855a7bed6,,
13777aae-75dd-410a-bf36-e832e43740cd,2026-08-29 01:36:01,2026-08-28,01bd4803-ce5d-45ed-9cfa-1d225aa8450a,COMIC_COVER,366,Saga of the Sub-Mariner,COMMON,2.20,0xc17413a468119daf012bc7a534716a8d5002120f,0xa90733bdbdf988c2521c65248eaed5f998ad27cf,,
5de9f75f-0593-4574-9798-e226bcdecffd,2026-08-29 01:26:50,2026-08-28,5ab59120-1b5b-473c-9c80-3144d9a6e1d5,COLLECTIBLE_TYPE,2257,"All Together, Now!",ULTRA_RARE,138.00,0xaf01c6783191f3306d3fe3875a53761963d4bb2e,0x94b9458ed6303b1b697356d160139348e1dbffbe,,
d79cb17b-81a2-40e1-8541-ec608c395a25,2026-08-29 01:26:23,2026-08-28,2bddd574-39a8-400d-b614-a71ff7734a93,COLLECTIBLE_TYPE,13044,A Jaunty Jig,COMMON,18.00,0x40ee1a2354242e5706ab98908175078baf2ba108,0x94b9458ed6303b1b697356d160139348e1dbffbe,,
764462b9-10a3-45c7-a4a6-e7872007386d,2026-08-29 01:26:21,2026-08-28,2bddd574-39a8-400d-b614-a71ff7734a93,COLLECTIBLE_TYPE,18603,A Jaunty Jig,COMMON,18.00,0x4187e4287acce37f6dc1446072146a9c9cb48989,0x94b9458ed6303b1b697356d160139348e1dbffbe,,
d544d5ac-14f3-4f84-87fe-d4d08f7c0ec4,2026-08-29 01:26:17,2026-08-28,2bddd574-39a8-400d-b614-a71ff7734a93,COLLECTIBLE_TYPE,13701,A Jaunty Jig,COMMON,18.00,0xf766f95fa592646f068a1821e5b6496efaf1a3bf,0x94b9458ed6303b1b697356d160139348e1dbffbe,,
cfceb4e5-0188-44ea-a1fd-30a5424346cc,2026-08-29 01:26:07,2026-08-28,2bddd574-39a8-400d-b614-a71ff7734a93,COLLECTIBLE_TYPE,14713,A Jaunty Jig,COMMON,18.00,0xf766f95fa592646f068a1821e5b6496efaf1a3bf,0x94b9458ed6303b1b697356d160139348e1dbffbe,,
0acf2694-c544-49e7-a623-e99ca901d844,2026-08-29 01:22:50,2026-08-28,1915a00c-506e-4cd7-a346-948898bb22c4,COLLECTIBLE_TYPE,149,Sun,SECRET_RARE,21.00,0xae16400e6107df7171cf8767487ffebef0e59954,0x86cf60a40c15b78974bfcd1000e695875da24c9d,,
bbc15926-7ba2-4096-9e46-f140a11b7d0f,2026-08-29 01:22:16,2026-08-28,1915a00c-506e-4cd7-a346-948898bb22c4,COLLECTIBLE_TYPE,152,Sun,SECRET_RARE,21.00,0xfb99df1477da04ae0ac658e4eeed1e4dcda92f33,0x86cf60a40c15b78974bfcd1000e695875da24c9d,,
efa89b48-48ef-4e8c-bd65-7f9181e35072,2026-08-29 01:20:44,2026-08-28,66b46e57-90c5-4556-a65e-6dc44899cea6,COMIC_COVER,38922,Marvel Comics,COMMON,23.00,0xa90733bdbdf988c2521c65248eaed5f998ad27cf,0x94b9458ed6303b1b697356d160139348e1dbffbe,,
480e3e12-ccc5-412e-a489-8b3ad50cac93,2026-08-29 01:20:32,2026-08-28,66b46e57-90c5-4556-a65e-6dc44899cea6,COMIC_COVER,15646,Marvel Comics,COMMON,23.00,0xf54beaa6713784e2e92cc5fc3a72ea6f6f806cda,0x94b9458ed6303b1b697356d160139348e1dbffbe,,
b6b14ca6-3a62-4f7d-aa24-06baab191a19,2026-08-29 01:19:28,2026-08-28,715c88cc-7b93-4bb7-94ed-addfb58c74b4,COMIC_COVER,360,Saga of the Sub-Mariner,ULTRA_RARE,8.95,0x5c351ffda198aa91df287ad320c592222a9dc67c,0x9f4caaec6a2e9f8409b704f3ef16f0d51e827cdf,,
71c74f3d-d3f9-4c6f-8dea-ea9865d908be,2026-08-29 01:19:11,2026-08-28,01bd4803-ce5d-45ed-9cfa-1d225aa8450a,COMIC_COVER,891,Saga of the Sub-Mariner,COMMON,2.20,0x5a3dc65a0c9b2498744937c4b3ed708091d9f7bb,0x9f4caaec6a2e9f8409b704f3ef16f0d51e827cdf,,
b0471376-81ef-4812-8f8f-96fb3601830c,2026-08-29 01:17:53,2026-08-28,bdcd4cac-a970-47c3-a3a7-1073dd12e7fb,COMIC_COVER,14409,The Amazing Spider-Man,COMMON,3.99,0x4dad8c9bbc92851f617b34a0a7d7d1a487f10349,0xc09e5ba70ec075a93b66348bcd956e218a4855c6,,
fc52a338-5649-41b0-95f4-886c83c7a704,2026-08-29 01:11:19,2026-08-28,16e0d43f-4821-4e27-b2d6-09e48466ab3e,COLLECTIBLE_TYPE,466,WHAM!,UNCOMMON,1.05,0x6b900a633bd4bf0f925d7ab497472e5e0d0e6b6d,0xbab0ce11c52a24a366d988c29d4347db6203df94,,
98b91c7c-4c16-4e19-a7af-31790af98c3a,2026-08-29 01:07:40,2026-08-28,73255fe7-c9e7-489a-a3bd-547b9b87a8a5,COLLECTIBLE_TYPE,143,Ash ,ULTRA_RARE,4.00,0x70bbcd7406020a3041e4b7abe33a5c5c45b0783e,0xbab0ce11c52a24a366d988c29d4347db6203df94,,
e64bd660-c0d2-49b0-adbc-1e8117334b65,2026-08-29 01:07:32,2026-08-28,def65f71-6b97-4cff-a72d-e346d091c582,COLLECTIBLE_TYPE,2735,Sam Wilson,COMMON,2.10,0x11d3f39e0907370ad96826e9a362fa02d6d3ef3f,0x503f26df5f624a06e8564f7eb35efd1436f24745,,
dbcd8a5c-18a5-4f73-905e-45b53a15e325,2026-08-29 01:06:55,2026-08-28,def65f71-6b97-4cff-a72d-e346d091c582,COLLECTIBLE_TYPE,7950,Sam Wilson,COMMON,2.10,0xc5f8eb83ed1d4749b3eb7328f2c808573c09d154,0x503f26df5f624a06e8564f7eb35efd1436f24745,,
864f5b48-2226-4dcb-9023-26e6dc69bb3f,2026-08-29 01:02:02,2026-08-28,d1bf2d74-78c1-4452-9680-56eb12346b81,COMIC_COVER,865,Fantastic Four,COMMON,55.00,0x7e2c0bb61eeada7612a0bca74a86ed12fb278795,0x94b9458ed6303b1b697356d160139348e1dbffbe,,
2f396490-2826-4e32-9055-61990f556325,2026-08-29 01:01:54,2026-08-28,d1bf2d74-78c1-4452-9680-56eb12346b81,COMIC_COVER,1168,Fantastic Four,COMMON,55.00,0x10fc7894dbd2220f67f6e74cd08bb15e452d7395,0x94b9458ed6303b1b697356d160139348e1dbffbe,,
9e4cd6c8-1d5a-4abf-9693-43301b8e48fb,2026-08-29 01:01:45,2026-08-28,24450015-de75-47d5-9c49-90f28d55dd68,COMIC_COVER,1088,Fantastic Four,UNCOMMON,6.99,0x0618bff199fe8afeb26059e6e9dfd8e7451a229c,0x94b9458ed6303b1b697356d160139348e1dbffbe,,
c590ec9a-3847-416b-a192-f096b1aca6cf,2026-08-29 01:01:28,2026-08-28,141fdb88-83c4-4343-b350-368a6618ba45,COMIC_COVER,2150,Fantastic Four,RARE,6.99,0x11e4731a41f20e328d69d714b7d2a5fc5ebdef8a,0x94b9458ed6303b1b697356d160139348e1dbffbe,,
e75bba64-7202-4a6f-949d-7158fa6c1ec6,2026-08-29 01:01:04,2026-08-28,ae8837ac-801a-43a6-9bab-b32dd1f5d3f4,COMIC_COVER,8880,Spider-Man,UNCOMMON,3.99,0x9f4caaec6a2e9f8409b704f3ef16f0d51e827cdf,0xda611149b2ab3e4f33519f3d230fbc8f003e4e52,,
50503bdf-aee7-4d2b-ade6-b73b61fcbd33,2026-08-29 01:00:45,2026-08-28,25bb7dcb-1242-4767-a274-02927845b7c6,COMIC_COVER,4012,Fantastic Four,COMMON,4.00,0x94e98f290895e30d03c0f95f61b2348f7480a4e9,0x94b9458ed6303b1b697356d160139348e1dbffbe,Stepanovni,
3785afce-1817-407d-bf2d-4ed14442ea7c,2026-08-29 01:00:21,2026-08-28,9602483b-ef7e-4d2a-9354-d6e89f351ea8,COMIC_COVER,274,X-Men,ULTRA_RARE,11.99,0x0cea3b049375a3b5c96f73504d8cefc56a6c8888,0xb1a527bf8c4a9814b173ecf8ac93236d5821de5b,,VeveWes
a5e2aab8-8006-40db-8ea7-cf24706bbcd5,2026-08-29 00:54:55,2026-08-28,ae8837ac-801a-43a6-9bab-b32dd1f5d3f4,COMIC_COVER,10669,Spider-Man,UNCOMMON,3.99,0x9f4caaec6a2e9f8409b704f3ef16f0d51e827cdf,0x94b9458ed6303b1b697356d160139348e1dbffbe,,
c8153521-0c98-4ff9-ad13-b9ae8ff08d7f,2026-08-29 00:54:44,2026-08-28,e7304969-5528-4518-bcc2-ed85cbc33290,COMIC_COVER,10267,Spider-Man,COMMON,1.99,0x6b5ad58836db69626cafcca2bd1851513226533c,0x94b9458ed6303b1b697356d160139348e1dbffbe,Moloko,
eac60be4-056e-44d2-87db-a1df274dd6ab,2026-08-29 00:54:02,2026-08-28,4f992ee1-d183-485d-a9c9-00695bc727de,COLLECTIBLE_TYPE,5312,Jim Lee Batman V3,COMMON,9.00,0xb2e0cd742de0795ed5c7680211625a9da66710af,0xaeb1668892557cd73d45a0e0f133576b7cbe55e6,,
e5dc990a-d341-4950-918a-dce888691bea,2026-08-29 00:51:50,2026-08-28,8367e9f9-bd71-4764-9e14-a31e37a9a01e,COMIC_COVER,338,X-Men United,ULTRA_RARE,7.98,0x6ce16df2dda6e082b02d2dc390b3b3eb60c3b83b,0xb1a527bf8c4a9814b173ecf8ac93236d5821de5b,,VeveWes
b093966e-8c9b-4cbe-9a99-b4ec68dd9c90,2026-08-29 00:48:35,2026-08-28,66b46e57-90c5-4556-a65e-6dc44899cea6,COMIC_COVER,12562,Marvel Comics,COMMON,23.00,0xa90733bdbdf988c2521c65248eaed5f998ad27cf,0x94b9458ed6303b1b697356d160139348e1dbffbe,,
98dd2815-ccd6-4f32-ba9a-4d06119053f8,2026-08-29 00:48:19,2026-08-28,66b46e57-90c5-4556-a65e-6dc44899cea6,COMIC_COVER,24622,Marvel Comics,COMMON,23.00,0x5473cffcc7fe8d573aa316691af9ab4cdde14e89,0x94b9458ed6303b1b697356d160139348e1dbffbe,,
1f50d42a-720c-41fd-a4e9-31a4a149de7e,2026-08-29 00:47:59,2026-08-28,66b46e57-90c5-4556-a65e-6dc44899cea6,COMIC_COVER,47406,Marvel Comics,COMMON,23.00,0xefcd430dcb92a7847df613b2d6d36d99f665d9fa,0x94b9458ed6303b1b697356d160139348e1dbffbe,,
116de304-2b69-4115-bc6d-1aed7e60ab1f,2026-08-29 00:45:21,2026-08-28,7150efeb-133b-4234-ac93-9b81b2a2ad22,COMIC_COVER,859,Predator Kills The Marvel Universe,ULTRA_RARE,8.98,0x87cd7b4e8ad06ab2c0fed1c9a47a9d81f20622cf,0xb1a527bf8c4a9814b173ecf8ac93236d5821de5b,,VeveWes
90f7694b-9614-4fd5-94ea-add82fc37f6c,2026-08-29 00:44:50,2026-08-28,d7653204-a3c1-4b9c-8d0b-1f6d7a45e467,COMIC_COVER,266,Spider-Man Swing Shift Director's Cut,SECRET_RARE,165.00,0x5ceb957d7cfab7bd1a87dd3e1f300455826631dd,0x94b9458ed6303b1b697356d160139348e1dbffbe,,
17144def-7e68-4287-a244-72e4efabd27b,2026-08-29 00:44:39,2026-08-28,38c59645-a19f-450d-95bd-983fa8d34af4,COMIC_COVER,915,Spider-Man Swing Shift Director's Cut,ULTRA_RARE,8.75,0x3afea5d6ce241f825a4961a9627273d13bcec14f,0x94b9458ed6303b1b697356d160139348e1dbffbe,,
89df6574-8143-4448-b379-c7cb371812f4,2026-08-29 00:44:14,2026-08-28,45a9e4ae-492c-4650-b309-ff65c0246a13,COMIC_COVER,640,Spider-Man Swing Shift Director's Cut,RARE,4.00,0x99fd68577dbca58276d4fa31aa3a1bae9f28b98d,0x94b9458ed6303b1b697356d160139348e1dbffbe,,
bf4c73c0-89f3-43d5-9372-11f0b4e16f7d,2026-08-29 00:44:05,2026-08-28,a0b06945-0df1-416d-a25c-af780ccef09c,COMIC_COVER,830,Spider-Man Swing Shift Director's Cut,UNCOMMON,2.25,0x88e8fe8c552a59be0a9c21b74a41fd5fbcbf2dee,0x94b9458ed6303b1b697356d160139348e1dbffbe,Aroostic,
8599c48c-b090-45c9-b6ab-28299898eb0b,2026-08-29 00:43:54,2026-08-28,34c6e3ce-62b5-48df-9505-3d88abc63296,COMIC_COVER,943,Spider-Man Swing Shift Director's Cut,COMMON,7.65,0xfb99df1477da04ae0ac658e4eeed1e4dcda92f33,0x94b9458ed6303b1b697356d160139348e1dbffbe,,
7fb72513-79d2-499d-90fe-a30b0cd1ee0d,2026-08-29 00:33:10,2026-08-28,e491bfbb-3703-4d80-a4c8-966417cc59a1,COMIC_COVER,315,Spider-Man '94,UNCOMMON,6.98,0x4dad8c9bbc92851f617b34a0a7d7d1a487f10349,0x4c96b7bad7a6942a23e3ca85c9a43f5b5e224e48,,
d57e5e33-2e74-4c0c-a80b-9746b9ddd8ba,2026-08-29 00:32:12,2026-08-28,2bddd574-39a8-400d-b614-a71ff7734a93,COLLECTIBLE_TYPE,8373,A Jaunty Jig,COMMON,18.00,0xfee09863021bb3a5bd617d6633b3b26a60766999,0x94b9458ed6303b1b697356d160139348e1dbffbe,,
057d6517-12ac-4359-8260-ea86dd22acb3,2026-08-29 00:31:59,2026-08-28,2bddd574-39a8-400d-b614-a71ff7734a93,COLLECTIBLE_TYPE,15878,A Jaunty Jig,COMMON,18.00,0xcc12279fb7ae465bff46a84ecf23bf934d6757e5,0x94b9458ed6303b1b697356d160139348e1dbffbe,,
c2b614ca-8d8b-4214-880a-fa7418e8bf11,2026-08-29 00:31:57,2026-08-28,219d14ac-23e9-4a1d-a9cb-ec009b31ebb1,COLLECTIBLE_TYPE,554,A Happy Whistle,UNCOMMON,12.90,0x5a10b1b389b26aaf14f29eb0307cfbb08c0faccd,0x21188c1d9afb6cc5a0243f6f8dcd5d149e7672e9,,Sfriedl6969
75884ab6-2355-4410-a725-abe992919da5,2026-08-29 00:31:48,2026-08-28,05df9412-ca87-4492-8454-81f73a88c171,COLLECTIBLE_TYPE,475,MOTOMICHI - Eyes,SECRET_RARE,12.40,0x054dc47a500ea8986e73c98b189a94cbb8376bbb,0xe6e9d9c77c0bc351a53086a568cd9d9663fe1a9a,Pooski,
e03a5665-58f4-40ac-bcde-9ce85f21c4a8,2026-08-29 00:31:42,2026-08-28,2bddd574-39a8-400d-b614-a71ff7734a93,COLLECTIBLE_TYPE,16801,A Jaunty Jig,COMMON,18.00,0x6dcbec034323708327c21675082420723ae667ff,0x94b9458ed6303b1b697356d160139348e1dbffbe,,
70cfe0b7-af6b-4a7a-b3c0-ed94150d13eb,2026-08-29 00:30:36,2026-08-28,1e55bed1-1517-48e9-89d7-4cefd3ded15b,COLLECTIBLE_TYPE,5499,A Powerful Dream,ULTRA_RARE,10.00,0x0f684424f8d34f8add7963c6934df0966e6da244,0x94b9458ed6303b1b697356d160139348e1dbffbe,,
77c219ca-ce38-4ac3-8ba7-033c87907fa8,2026-08-29 00:27:27,2026-08-28,f4ba3117-9a23-4ab7-b489-2908ccb176c6,COLLECTIBLE_TYPE,183,Sandman,UNCOMMON,5.99,0x5e9b2c472bd0d4e2763b0e30017a9ff30467e338,0xf08844df951e711d4a0dbd8f14e0664edfb606e7,,
6050594f-25d5-4258-90fa-3c3a83a9365a,2026-08-29 00:26:05,2026-08-28,454c8252-7aaa-49fb-bca5-ec1ba8776309,COLLECTIBLE_TYPE,451,White Tiger,ULTRA_RARE,14.55,0x229d5a5db58654d41dc8276bcac2975aaa45e1ea,0x94b9458ed6303b1b697356d160139348e1dbffbe,,
1fa86013-a58d-426d-b320-54b4a7fde047,2026-08-29 00:25:39,2026-08-28,8015520d-7b05-4409-83b6-c387b1a453f8,COLLECTIBLE_TYPE,373,Wing Tiger,RARE,8.94,0x229d5a5db58654d41dc8276bcac2975aaa45e1ea,0x94b9458ed6303b1b697356d160139348e1dbffbe,,
526a2c5f-b12e-4e61-9b4b-bcc97dbcb086,2026-08-29 00:25:23,2026-08-28,8015520d-7b05-4409-83b6-c387b1a453f8,COLLECTIBLE_TYPE,576,Wing Tiger,RARE,8.94,0xc1f3e9ebbdafb4d9b704f20c1bcfd1c51c53c72d,0x94b9458ed6303b1b697356d160139348e1dbffbe,,
28ac8da1-59bb-46e6-83e7-7221b0f7cc21,2026-08-29 00:24:58,2026-08-28,f3abb734-7713-4726-9973-49a4a754b51f,COMIC_COVER,648,Invincible Red Sonja,UNCOMMON,7.98,0x88e8fe8c552a59be0a9c21b74a41fd5fbcbf2dee,0x4c96b7bad7a6942a23e3ca85c9a43f5b5e224e48,Aroostic,
aef410ff-d223-4e6f-b1d6-f3ebffcb8fc2,2026-08-29 00:24:25,2026-08-28,c2c72a96-301c-428d-a334-e67ca4826e22,COMIC_COVER,192,X-Men: Outback,COMMON,7.98,0x88e8fe8c552a59be0a9c21b74a41fd5fbcbf2dee,0x4c96b7bad7a6942a23e3ca85c9a43f5b5e224e48,Aroostic,
0d3d87a7-f9da-468e-a9bd-2e3e2dbf11e5,2026-08-29 00:23:48,2026-08-28,29e16f1c-8bc5-47cb-8b2e-ab133d6dace0,COLLECTIBLE_TYPE,1143,Cereal Chiller,COMMON,4.90,0xf6ca21ccc4d688ad626654d053acc1f37fdc0546,0x94b9458ed6303b1b697356d160139348e1dbffbe,,
7e1ebd15-c41d-4ff5-963f-54891c36e926,2026-08-29 00:23:41,2026-08-28,29e16f1c-8bc5-47cb-8b2e-ab133d6dace0,COLLECTIBLE_TYPE,1932,Cereal Chiller,COMMON,4.90,0xe37e59bbf5b436a019501a5acb17b0f01081cd2c,0x94b9458ed6303b1b697356d160139348e1dbffbe,KcBmw,
ca6111e6-50d3-4ea3-a699-09aacd11e986,2026-08-29 00:23:30,2026-08-28,29e16f1c-8bc5-47cb-8b2e-ab133d6dace0,COLLECTIBLE_TYPE,1910,Cereal Chiller,COMMON,4.90,0xe37e59bbf5b436a019501a5acb17b0f01081cd2c,0x94b9458ed6303b1b697356d160139348e1dbffbe,KcBmw,
285481b4-861b-49d1-9113-fe7aeb1b1c4f,2026-08-29 00:22:40,2026-08-28,7051dd0b-67f0-4ffe-a81b-6a397a7a496c,COLLECTIBLE_TYPE,176,T-47 Airspeeder - Red,COMMON,5.30,0x7fe04c9f42e06bc90eb2d9d8b7e691dd9bbf8b95,0xf08844df951e711d4a0dbd8f14e0664edfb606e7,,
0d19d88b-42f9-4aba-b6d7-4c8257fd3909,2026-08-29 00:22:16,2026-08-28,11f2b172-e206-4644-8256-e51fd7298af2,COLLECTIBLE_TYPE,12522,Winnie the Pooh and Piglet,COMMON,33.00,0xf766f95fa592646f068a1821e5b6496efaf1a3bf,0x31320cf1813bf7969ca9c5c5d0d41012b25e04ba,,
88203d0e-012d-48a5-915c-4175e2644cba,2026-08-29 00:20:56,2026-08-28,34b4db28-cdfd-4405-b5a5-a70701f611db,COMIC_COVER,1409,X-Men,COMMON,2.99,0x7e83c3cb90d4e7cde15a168206907306eeed77ad,0x4c96b7bad7a6942a23e3ca85c9a43f5b5e224e48,,
1da28e14-d1e6-4cc8-9827-b6ab6371510c,2026-08-29 00:19:22,2026-08-28,bfbb5341-6a35-4ecb-b3a7-896bf6eb870c,COLLECTIBLE_TYPE,713,Year of the Horse - Pane of 20,SECRET_RARE,34.99,0x32aa90337734c0445e2191d20e061ca3d6bde80f,0x94b9458ed6303b1b697356d160139348e1dbffbe,,
d76b390e-bf9c-45eb-8525-ab61e82ac192,2026-08-29 00:18:37,2026-08-28,ca8f2776-1771-495e-888f-1cc0d0275613,COMIC_COVER,753,Inglorious X-Force,UNCOMMON,7.98,0x23894e9606d25aafee326b49bfb99818620ded83,0x4c96b7bad7a6942a23e3ca85c9a43f5b5e224e48,,
0b85c202-e299-440a-a370-9cd5a3e0c330,2026-08-29 00:17:37,2026-08-28,1788c513-c50d-452d-9b8c-f3090bf41d67,COMIC_COVER,783,Sorcerer Supreme,COMMON,4.00,0x23894e9606d25aafee326b49bfb99818620ded83,0x4c96b7bad7a6942a23e3ca85c9a43f5b5e224e48,,
4c387b28-b3c3-41af-990b-6628dceacff0,2026-08-29 00:17:32,2026-08-28,c69b7701-c33f-4801-99f3-080450f2b6c7,COLLECTIBLE_TYPE,2054,Hawkgirl,ULTRA_RARE,9.00,0xdafbc5ea5117b7c00d209b0a8783c56f5a3abe49,0xaa8d060555697549431218fb06b04037b7162343,thesnackman,
c59e9706-609a-405c-b71c-eb16a51a392a,2026-08-29 00:12:09,2026-08-28,ba6c92e5-c8a0-406c-ad7c-9087858c1bb2,COLLECTIBLE_TYPE,2188,Infinity Gauntlet - Animated,SECRET_RARE,49.00,0x302746f315498b1575ce009d6fd2a3604ba09790,0x2d4ac6b15b54bf10f2b9dbc72d86adbae2c0d6e8,,
74b99577-d245-4ff3-83c0-eba1f4648219,2026-08-29 00:08:20,2026-08-28,66b46e57-90c5-4556-a65e-6dc44899cea6,COMIC_COVER,24553,Marvel Comics,COMMON,23.00,0x8a5f69b953945dca190af9131a183457f2115342,0x94b9458ed6303b1b697356d160139348e1dbffbe,,
1a2a99b0-98ea-4e66-9e80-f289ab9e51e9,2026-08-29 00:08:16,2026-08-28,f27d213c-e228-4cc5-ba59-f6e9d6971d45,COMIC_COVER,19266,Marvel Spotlight,UNCOMMON,2.69,0x03bb6abd9143981b5c81b3394c512f4f0a71bbe7,0x61baee0891437723b0f85395fd4f17992e77c77b,,
273c8075-10e1-45da-982a-3175d321b3dd,2026-08-29 00:08:04,2026-08-28,66b46e57-90c5-4556-a65e-6dc44899cea6,COMIC_COVER,39091,Marvel Comics,COMMON,23.00,0x530d4918e30bfa8f2c1d1a98030e47c47bcabbde,0x94b9458ed6303b1b697356d160139348e1dbffbe,,
a2e19b20-6e99-4c02-8026-9980b6fa47a3,2026-08-29 00:07:52,2026-08-28,66b46e57-90c5-4556-a65e-6dc44899cea6,COMIC_COVER,57378,Marvel Comics,COMMON,23.00,0x70eb1090542ee1ca0bf74cf3bade3216e0acf067,0x94b9458ed6303b1b697356d160139348e1dbffbe,,
af39d869-f409-457d-ba62-1a3433118837,2026-08-29 00:03:50,2026-08-28,7ed317cf-5b82-47fa-94ca-69d85591d1e8,COLLECTIBLE_TYPE,307,Hapjeong Dungeon Key,ULTRA_RARE,18.99,0x4928bcede8e5c962a935ccff8946f57957f18b0f,0xfc42f7f31d6eb2808d3f6905a4027d261b74d346,,
ff11240a-d1ec-48e8-a452-eef9a8831904,2026-08-28 23:58:38,2026-08-28,9c120285-afc3-4e44-b53e-e73943501a63,COMIC_COVER,869,Giant-Size X-Men,COMMON,9.98,0x23894e9606d25aafee326b49bfb99818620ded83,0xb7a6069bccefd110041e7acb5dc2b43216076b20,,
f2a18c74-4ef2-45ff-a6c2-ae4822d7f1b5,2026-08-28 23:56:01,2026-08-28,bd56933f-088b-457e-adbf-191bb6d9e71f,COMIC_COVER,8039,The New Mutants,UNCOMMON,1.50,0x4fee54f42b8afb4ace7e446289df884a7d10c15c,0x61baee0891437723b0f85395fd4f17992e77c77b,,
6b3693ee-e9ce-4ae9-a7a2-428abb2299a3,2026-08-28 23:55:28,2026-08-28,98370f9b-b3fe-4261-a4c1-4fdfed88e97b,COLLECTIBLE_TYPE,4300,Experiment 626,UNCOMMON,8.00,0xab5066b45f3b731f4b0069e67ea886d1dad865b1,0xd066b36277245c5c34bc2641ab7e32e3ba33bef3,,
f6925078-751d-4c57-ab75-f243287e2130,2026-08-28 23:52:45,2026-08-28,53ca45ad-cd63-4d9c-8c32-d22273021e4a,COMIC_COVER,3489,The Amazing Spider-Man,COMMON,3.75,0x40ee1a2354242e5706ab98908175078baf2ba108,0x61baee0891437723b0f85395fd4f17992e77c77b,,
b675c348-b4e2-41d4-9a3a-a1c63d27f0ef,2026-08-28 23:52:45,2026-08-28,388e5613-b6a4-420a-8e47-73f444092a7c,COMIC_COVER,29934,Jungle Action,COMMON,1.29,0x23894e9606d25aafee326b49bfb99818620ded83,0xecc681e96ac3ac0ef993064b3f0a8ba1fdf57385,,
bbadd978-689e-4201-a117-5762b854410f,2026-08-28 23:51:44,2026-08-28,05f5219f-ed27-4be7-adf2-1c3c82132486,COLLECTIBLE_TYPE,1515,Rhino,COMMON,3.00,0x71c72a3dd6e632d0aff4732832164acedc7edaa4,0x6ce16df2dda6e082b02d2dc390b3b3eb60c3b83b,,
249a7542-7224-4ec4-90b2-0b87d5d1a899,2026-08-28 23:51:07,2026-08-28,7f3101ba-4208-4086-a62c-788fbbd0764f,COMIC_COVER,471,Magik,UNCOMMON,6.98,0x88e8fe8c552a59be0a9c21b74a41fd5fbcbf2dee,0xb1a527bf8c4a9814b173ecf8ac93236d5821de5b,Aroostic,VeveWes
c0e0f228-b3cc-44ca-9f6b-3d8ba56749d3,2026-08-28 23:48:20,2026-08-28,7ed317cf-5b82-47fa-94ca-69d85591d1e8,COLLECTIBLE_TYPE,647,Hapjeong Dungeon Key,ULTRA_RARE,13.99,0xc17413a468119daf012bc7a534716a8d5002120f,0x6ce16df2dda6e082b02d2dc390b3b3eb60c3b83b,,
6c55b11b-bcaf-4c37-b5ff-ec392ea22c6b,2026-08-28 23:44:52,2026-08-28,ab430454-99cf-4b4a-bcc6-5c4ed737512d,COMIC_COVER,6909,Captain America,UNCOMMON,33.99,0xf1f555d6470af14113b68e8d56818705cc2f38f7,0x71c72a3dd6e632d0aff4732832164acedc7edaa4,,
c1fca67e-ee9b-478e-b0b4-6b2ce5ec4aa1,2026-08-28 23:40:10,2026-08-28,fbee4cac-4007-49a7-8662-acf27af59267,COLLECTIBLE_TYPE,33,Lightning - Dark,RARE,48.00,0xbf0e7fe9a88a9cbfdb99d0a633a5404314053a68,0x86cf60a40c15b78974bfcd1000e695875da24c9d,,
86ebc699-21fa-45f2-bbcc-8c98547ffb17,2026-08-28 23:30:35,2026-08-28,20578f42-c47c-454a-bb1a-7f2d78b56905,COLLECTIBLE_TYPE,65,Death,ULTRA_RARE,48.00,0xe0035e15508e76870facb51d2ee158c6ceef4b56,0x9282064c5a8a865153fdeee45a06cf696b053480,,Griffin3030
9cd5d11e-0ac2-4d4d-9c06-1d386c173749,2026-08-28 23:18:37,2026-08-28,fccfc777-cc16-4a36-b063-8258d6e69ffe,COLLECTIBLE_TYPE,334,Boy,SECRET_RARE,18.99,0x53587fee806e81da0e94057c08deff97ae138f9b,0x37932cec3e2ef4b64a7a4a498c6ee2488dd3043f,,
9249c674-821e-4013-98e9-36509094da1b,2026-08-28 23:17:09,2026-08-28,983c4be0-5acb-468d-b834-3e2869618011,COLLECTIBLE_TYPE,178,Super,SECRET_RARE,17.99,0x93e19fb8a39f5c2d34f7565f192c3f21eeb3f799,0x37932cec3e2ef4b64a7a4a498c6ee2488dd3043f,,
07ba4e69-a4c7-47be-b0f3-8cf3b864e62c,2026-08-28 23:16:59,2026-08-28,af36d0b7-21fc-404d-a6ea-6b5676c9ba30,COLLECTIBLE_TYPE,220,Hoodie,SECRET_RARE,22.00,0x4f99cd44aec3e28e59a3a19e10ff9ab410ffc58f,0x37932cec3e2ef4b64a7a4a498c6ee2488dd3043f,Hyzerd,
59cfa089-4efa-4c34-b112-1f670589a248,2026-08-28 23:16:36,2026-08-28,d4788b46-09e9-4528-bfd0-39a1a9ca087e,COLLECTIBLE_TYPE,198,Cube,SECRET_RARE,12.50,0x0bd508271a2932ac342a16b9267bd31429b917b7,0x37932cec3e2ef4b64a7a4a498c6ee2488dd3043f,,
c65bc08c-e52a-46a2-9b67-d5cb2e76b5c0,2026-08-28 23:12:39,2026-08-28,f64f5581-0640-4c33-873d-1d798c086e24,COLLECTIBLE_TYPE,5654,Stormtrooper,COMMON,8.50,0x71c72a3dd6e632d0aff4732832164acedc7edaa4,0xaa81f2c293f64edb1be32be6e5856db71fb8a0ff,,
e80d7cc6-1cd6-451c-b6fb-813625f904a5,2026-08-28 23:06:21,2026-08-28,39ceaffc-298a-481a-ac53-074fe1843ddd,COLLECTIBLE_TYPE,159,Hapjeong Station,ULTRA_RARE,25.00,0x6ce16df2dda6e082b02d2dc390b3b3eb60c3b83b,0x0ded7053527b03accf0dd2b1cbe4158084e76df9,,
7c72c554-7f92-4e89-bcca-1bcbbffcc2ac,2026-08-28 23:03:23,2026-08-28,1d499ece-1016-4f5a-9140-d029d840146f,COLLECTIBLE_TYPE,1198,Mantis,RARE,4.50,0x904bf3b41999405bcc01d5950b3e16d8d306e1a0,0xe35e316b5c8fa9de3f93efa8bf93bc26f182e1b0,GypsyDawg,
d11493c1-9dcc-4fa0-87b5-9ac31d4f3fba,2026-08-28 23:02:53,2026-08-28,6423ffc0-d8e3-4f1c-94a1-7299ad991bf9,COLLECTIBLE_TYPE,251,Cosmo,SECRET_RARE,77.00,0xa1b780a6c8f7b48df2e072fe27fbbf2563b5468c,0xe35e316b5c8fa9de3f93efa8bf93bc26f182e1b0,,
5ed521f5-a81c-466d-9422-96a5bf4feb09,2026-08-28 23:00:40,2026-08-28,59de09fd-b227-4a16-8db4-d0a6b34f2c5b,COMIC_COVER,19711,The Amazing Spider-Man,UNCOMMON,3.49,0x03bb6abd9143981b5c81b3394c512f4f0a71bbe7,0xd6a9dd1bdc984f75d897a95c3d00ca5607fc6262,,
2c2f03a2-b06c-469d-bb70-80ff9d5c30af,2026-08-28 22:58:19,2026-08-28,b95a50dc-add6-4b08-bcee-a1a3692c2abd,COLLECTIBLE_TYPE,96,Edo Imperial Royal Guard,COMMON,8.00,0xbf0e7fe9a88a9cbfdb99d0a633a5404314053a68,0x9282064c5a8a865153fdeee45a06cf696b053480,,Griffin3030
6bbe986a-38fa-4b19-801e-9be1dd608245,2026-08-28 22:57:27,2026-08-28,484b70b0-2cb3-4687-96f1-7daf1d964614,COMIC_COVER,5438,Daredevil,COMMON,6.49,0xefcd430dcb92a7847df613b2d6d36d99f665d9fa,0xd6a9dd1bdc984f75d897a95c3d00ca5607fc6262,,
cbaa4ff1-cd78-4503-87fd-0c48e820a451,2026-08-28 22:48:19,2026-08-28,aa427c53-ab3f-48f7-ace3-519c7f210141,COLLECTIBLE_TYPE,95,Predator - Unguided Wrath,SECRET_RARE,129.00,0x7fe04c9f42e06bc90eb2d9d8b7e691dd9bbf8b95,0x0efbd11f7745ad1f175ca77ac9a729c873eeea38,,
6f93cd87-c707-4b0c-8566-1fa44fe52701,2026-08-28 22:42:04,2026-08-28,d40158c7-c456-4377-980a-9c5cc6f99bc1,COLLECTIBLE_TYPE,1915,Ryu,COMMON,29.95,0x4b0c67b4b9f611394f748944f672a328dcf1ab84,0x7aeeeaa9b2dd1cc47a8e75e85c5923680e580bdd,,
231df7b4-05f0-4f59-a25b-c0fdb9f3b92f,2026-08-28 22:41:58,2026-08-28,6a3c8ad0-8bb9-4065-abff-9d12b8e82bc4,COLLECTIBLE_TYPE,7541,Lady and the Tramp ,RARE,30.00,0x1bad8c14218f994f5cad1f48cea191ed6f81a0c5,0xea8a2603e6e39ea4d75087b4e6037865d502b884,,HarryVeve
c17b9dd8-7456-4868-8013-7980ee7c99f0,2026-08-28 22:38:37,2026-08-28,66bf871d-a8d4-474e-a0f2-b1ceb28c7b94,COLLECTIBLE_TYPE,828,Millennium Falcon,COMMON,95.99,0x5b4f20e5807ed2f97b9f45eea1612a02f7270560,0xbff68537190234fc7c7cfa1e3e728240febf4b44,,Murphskillet17
b9d3001f-1d6c-4ce4-b27c-1aed597dd74a,2026-08-28 22:34:32,2026-08-28,84fd7a91-f3a4-4928-9128-763240b83a00,COMIC_COVER,842,Avengers,ULTRA_RARE,75.12,0xd08d460344eb63186ab05be87c156b441a5e0f5d,0xbf414303e44475ac380590c506e79c9ab7abe95a,,
fab675cc-b562-4933-8881-b8ab4de61d5e,2026-08-28 22:34:13,2026-08-28,39ceaffc-298a-481a-ac53-074fe1843ddd,COLLECTIBLE_TYPE,599,Hapjeong Station,ULTRA_RARE,25.00,0x91fe0258fb41399ef1a429d09e1a990bbcbca448,0x9282064c5a8a865153fdeee45a06cf696b053480,,Griffin3030
28d3dbf2-bd91-45e8-9586-5f8cc1012ebb,2026-08-28 22:31:10,2026-08-28,0c7b5608-1fb4-4ec4-a55d-f1199de26a2c,COLLECTIBLE_TYPE,124,Homestead,UNCOMMON,8.99,0x71c72a3dd6e632d0aff4732832164acedc7edaa4,0xc338fe1210cafb6b5019e1e532ae295e6da9e9c7,,
17cf0f44-5fe7-4910-8df3-2b76d1b913c9,2026-08-28 22:24:20,2026-08-28,d4788b46-09e9-4528-bfd0-39a1a9ca087e,COLLECTIBLE_TYPE,422,Cube,SECRET_RARE,12.50,0x38d42150c74fb6a4301e08cf4036fac936ff35c1,0x75ca90067216698f41c95a8301a78205a9652377,,
6f3b5c1a-568e-4a7d-923a-003284dbbabf,2026-08-28 22:23:10,2026-08-28,f583497a-51d4-4f53-9985-7c3061533280,COLLECTIBLE_TYPE,1065,Military Jake,COMMON,7.90,0x1414dc57ef8d6073f4d1bb61ff8e59fc7a2ab09a,0xac55bb78b1ce86859b3b7c4507f8ef4de2890176,,
4e56c334-d45a-40c3-b2b2-ac9ae54315c0,2026-08-28 22:19:25,2026-08-28,46359177-0a0a-4148-aac9-7875a76aaa91,COLLECTIBLE_TYPE,953,Toph,COMMON,8.40,0xe98552ce68c8c32db079256be6f35614b03af560,0xf1130b0fd89b8a40ea6926cd2425c761e7822a25,,
76e34843-8cd5-4802-b017-746cc6ae301d,2026-08-28 22:18:07,2026-08-28,acc96b30-b800-4537-b5ca-56586fc091ef,COLLECTIBLE_TYPE,222,Single 9d 'Pink Terraces' gummed stamp,ULTRA_RARE,9.88,0x47ad9f0d3b51d31135bdae1ef30d6709cf4c89b3,0x398c49c55480f20839bdc59814f5378773af9ce0,BigOz,
28a2ceeb-3887-4ab5-9e5d-db039350ce2b,2026-08-28 22:13:32,2026-08-28,1b9241ba-3946-4edb-ba7a-fada5c19498b,COMIC_COVER,9631,Mickey Mouse and the Ice Sword,COMMON,3.39,0x7e83c3cb90d4e7cde15a168206907306eeed77ad,0xb7a6069bccefd110041e7acb5dc2b43216076b20,,
dc1d2208-206f-4767-b069-6a2415a8d5e2,2026-08-28 22:13:16,2026-08-28,39c59288-1563-49a6-bf1e-5fbfeaaec54b,COMIC_COVER,2351,Marvel Spotlight,UNCOMMON,2.85,0x8427e064323daa8d6ec0dc40a7a7dc3fb55466ee,0xb7a6069bccefd110041e7acb5dc2b43216076b20,,
87373999-7368-4ecb-9203-7eaa27b83b6f,2026-08-28 22:12:54,2026-08-28,e41de622-12b7-427c-ab74-d75cd5859aee,COMIC_COVER,3344,Journey Into Mystery,COMMON,3.39,0x7e83c3cb90d4e7cde15a168206907306eeed77ad,0xb7a6069bccefd110041e7acb5dc2b43216076b20,,
53ca293d-30de-4261-ac1e-ab7fb9fc3de9,2026-08-28 22:12:23,2026-08-28,21168024-1dfa-46dd-b188-edebfd90741f,COMIC_COVER,692,Ms. Marvel: The New Mutant,RARE,7.98,0x9f74f3658c730cdd76288ccdefad11ada3527f16,0xb7a6069bccefd110041e7acb5dc2b43216076b20,,
91c7bfb7-6de6-4f85-b6aa-3afd5594094d,2026-08-28 22:07:06,2026-08-28,5be6ac11-59a6-4c87-9651-b5b06187f979,COLLECTIBLE_TYPE,675,Rambo Takes Aim - Animated,ULTRA_RARE,14.00,0x321d4cfd85d934c34662a591d63a3f0bb479dac4,0xda8eda62175d1a2b3e3f860fa0138a9a773b9c0c,,
d12b9384-f26a-4cf5-bb1b-891229db2f34,2026-08-28 22:05:50,2026-08-28,783eb95f-bfb3-478a-889e-49f3c78b7929,COMIC_COVER,2705,The Amazing Spider-Man,COMMON,8.49,0x7e83c3cb90d4e7cde15a168206907306eeed77ad,0x5b50ea6ab4dc779765fd207ee27677d7ba8f5326,,Top10Mint
2ef1c214-24ca-4a04-b814-9d18497cf7eb,2026-08-28 22:03:54,2026-08-28,af02ad4f-100c-4995-810f-376c6854b00e,COLLECTIBLE_TYPE,6142,Disney D,UNCOMMON,25.00,0x1bad8c14218f994f5cad1f48cea191ed6f81a0c5,0x65039cd2c14bee321bac8b2c4490108cd2e09b13,,ActarusMtl
acc6820c-8e72-4ebe-88ea-fe9be0c34b33,2026-08-28 22:01:55,2026-08-28,5e793266-6490-4e0f-8178-f9cfd02e3292,COLLECTIBLE_TYPE,6306,Darth Vader’s TIE Fighter,COMMON,19.00,0x1bad8c14218f994f5cad1f48cea191ed6f81a0c5,0x65039cd2c14bee321bac8b2c4490108cd2e09b13,,ActarusMtl
ca1e44d1-91f9-48dd-867a-6f626310c11e,2026-08-28 22:01:13,2026-08-28,ab430454-99cf-4b4a-bcc6-5c4ed737512d,COMIC_COVER,9893,Captain America,UNCOMMON,33.99,0x3b08cb991dcc9c610c714598a574ac1eb1b9ad76,0xe7e8ae069e458028f085e023bdee1ad876da0ef4,,
d2b5e2fa-4e27-4b62-86ea-3018dc875b43,2026-08-28 21:57:53,2026-08-28,49bb3164-c4b0-4970-b6b2-740d7829e185,COLLECTIBLE_TYPE,2649,Avengers Tower,ULTRA_RARE,33.95,0x71c72a3dd6e632d0aff4732832164acedc7edaa4,0x6f718b31c721f1b4bab61fd37a97a63fc1894195,,
8b7a7e15-80c0-4c68-8f44-4139a906e23f,2026-08-28 21:52:17,2026-08-28,1197b73f-15bd-45b0-86e5-5eb925f7ad9a,COMIC_COVER,2325,The X-Men,RARE,7.00,0x10db43eb10673ff2a7b37a5901d33abb4b2104e8,0x11e4731a41f20e328d69d714b7d2a5fc5ebdef8a,,
0183f01b-5324-4df1-92d4-f313d919a498,2026-08-28 21:47:02,2026-08-28,ab430454-99cf-4b4a-bcc6-5c4ed737512d,COMIC_COVER,7415,Captain America,UNCOMMON,33.99,0x428eb1d68c4565759ae34e2165a2b8126e86c482,0x9f74f3658c730cdd76288ccdefad11ada3527f16,,
48bf8590-cccf-4eb4-b458-c056e9e53bac,2026-08-28 21:44:57,2026-08-28,d5cb4206-8a31-42f9-94c8-bb7727128b1f,COMIC_COVER,3961,The Amazing Spider-Man,COMMON,4.99,0x7e83c3cb90d4e7cde15a168206907306eeed77ad,0x61baee0891437723b0f85395fd4f17992e77c77b,,
37c6f04f-9705-4096-9f5b-f57f6e8b7055,2026-08-28 21:42:37,2026-08-28,b64277d7-69da-4150-9d20-33ba552b70cb,COMIC_COVER,3026,The Amazing Spider-Man,COMMON,9.98,0x7e83c3cb90d4e7cde15a168206907306eeed77ad,0x61baee0891437723b0f85395fd4f17992e77c77b,,
a79d1dd8-768a-4541-8787-d435ebbd3740,2026-08-28 21:39:25,2026-08-28,af6e41cb-01e5-4d3c-a962-21f61228458b,COMIC_COVER,5277,The Amazing Spider-Man,COMMON,5.99,0x7e83c3cb90d4e7cde15a168206907306eeed77ad,0x61baee0891437723b0f85395fd4f17992e77c77b,,
64637565-97ba-4c85-9612-cd7e6ed1f1a7,2026-08-28 21:38:04,2026-08-28,0f478a86-4966-4f45-9765-63e7754bda06,COMIC_COVER,61,Magik,RARE,9.00,0x9f74f3658c730cdd76288ccdefad11ada3527f16,0x61baee0891437723b0f85395fd4f17992e77c77b,,
e201bede-8e6c-4645-8930-d23044caa238,2026-08-28 21:37:34,2026-08-28,37c25454-b702-4a80-aa73-ea0b747e6c81,COMIC_COVER,657,Avengers vs X-Men,RARE,9.00,0x5b0964671548943cc923ff2788fd73422aaa7aa9,0xb7a6069bccefd110041e7acb5dc2b43216076b20,,
c9c3e22c-d41e-4a8b-ae16-f51544f9866c,2026-08-28 21:34:34,2026-08-28,d4788b46-09e9-4528-bfd0-39a1a9ca087e,COLLECTIBLE_TYPE,296,Cube,SECRET_RARE,12.50,0x38d42150c74fb6a4301e08cf4036fac936ff35c1,0x46df8b5589e6193a42c2c09cf8fa0f08283300a6,,
947cffa3-1a4f-41df-bb64-867bd78ac547,2026-08-28 21:33:38,2026-08-28,42a68b9a-a5ed-4a4d-8331-1929fff06c5f,COMIC_COVER,819,Zero Ghost,RARE,4.90,0x71c72a3dd6e632d0aff4732832164acedc7edaa4,0xb7a6069bccefd110041e7acb5dc2b43216076b20,,
e93f4604-de99-4fb9-9135-4fb203f01a63,2026-08-28 21:33:09,2026-08-28,ba9b0fb6-d8d5-4f4e-8370-cf160fa8fa27,COMIC_COVER,1415,Web of Spider-Man,COMMON,4.15,0x4dad8c9bbc92851f617b34a0a7d7d1a487f10349,0xb7a6069bccefd110041e7acb5dc2b43216076b20,,
7c057627-f657-4468-8de8-2b5a5b7587c7,2026-08-28 21:33:07,2026-08-28,2975026b-9d14-475b-a356-d35855637309,COLLECTIBLE_TYPE,1192,Hulk - Animated,COMMON,34.95,0xea8a2603e6e39ea4d75087b4e6037865d502b884,0x863cbb3241338abb9cc0f1fb9cd1df7bab9ca273,HarryVeve,
e129961e-9fa3-4999-acb3-df033d8e248d,2026-08-28 21:32:49,2026-08-28,6f6bf6ad-1a28-4307-ab0f-0e336faf97d4,COMIC_COVER,920,Star Wars: Darth Vader,COMMON,10.98,0x8e1735d073c36a3831c1c8d12aa5c494d83a42fb,0xb7a6069bccefd110041e7acb5dc2b43216076b20,,
992e3eef-0099-4c8a-ba4c-1dcc767b1c72,2026-08-28 21:32:25,2026-08-28,f20c389b-20e3-4327-b751-761cc64c04e0,COMIC_COVER,5454,Amazing Fantasy,COMMON,3.45,0x7e83c3cb90d4e7cde15a168206907306eeed77ad,0xb7a6069bccefd110041e7acb5dc2b43216076b20,,
353a6edc-361c-4486-8dd0-89a5ade1b391,2026-08-28 21:32:04,2026-08-28,f4f3d5c7-f6ee-43a5-af2f-8462a5b31291,COMIC_COVER,3039,The X-Men,COMMON,4.43,0x7e83c3cb90d4e7cde15a168206907306eeed77ad,0xb7a6069bccefd110041e7acb5dc2b43216076b20,,
cf9c2db0-6708-4940-91b3-a2c6a5b1dd72,2026-08-28 21:31:48,2026-08-28,9d407a00-544c-4245-95e9-8992c2f88727,COMIC_COVER,6638,Edge of Spider-Verse,COMMON,3.90,0x7e83c3cb90d4e7cde15a168206907306eeed77ad,0xb7a6069bccefd110041e7acb5dc2b43216076b20,,
6d6a98ec-9517-444d-bbd3-e61950207b42,2026-08-28 21:31:33,2026-08-28,078b614a-f579-4edd-9f31-a50b5b095c1e,COMIC_COVER,4669,Fantastic Four Annual,COMMON,3.65,0x7e83c3cb90d4e7cde15a168206907306eeed77ad,0xb7a6069bccefd110041e7acb5dc2b43216076b20,,
a0a2fdd9-d4f1-41a3-a389-933c122af70b,2026-08-28 21:31:18,2026-08-28,66d5b6f3-79bc-48cb-aa84-d0b2add6c8df,COMIC_COVER,4255,The Amazing Spider-Man,COMMON,3.55,0x7e83c3cb90d4e7cde15a168206907306eeed77ad,0xb7a6069bccefd110041e7acb5dc2b43216076b20,,
a72a0677-c7c9-4bde-b432-45055dd0c7df,2026-08-28 21:31:06,2026-08-28,3459927c-af12-4065-b7ce-b07434650291,COMIC_COVER,6675,Fantastic Four,COMMON,3.88,0x7e83c3cb90d4e7cde15a168206907306eeed77ad,0xb7a6069bccefd110041e7acb5dc2b43216076b20,,
3650bc9f-1e65-4647-9ef7-7def38848a88,2026-08-28 21:30:49,2026-08-28,92635283-99b4-4597-ba69-01e39ccba334,COLLECTIBLE_TYPE,2364,Master Splinter - Father Figure,COMMON,4.50,0xae16400e6107df7171cf8767487ffebef0e59954,0x3e7374fd7568398e60c6d0128d1f99bb7d033772,,
7c3e4bd8-1bd1-4acf-a20f-56b92f45035c,2026-08-28 21:30:45,2026-08-28,084f4444-af26-4e1e-bc09-0d974450c4d4,COMIC_COVER,3085,The X-Men,COMMON,3.25,0x7e83c3cb90d4e7cde15a168206907306eeed77ad,0xb7a6069bccefd110041e7acb5dc2b43216076b20,,
0d8ffa18-1f2a-46d3-8be3-0a3fdf56a70f,2026-08-28 21:30:32,2026-08-28,b04ab768-fb12-4bde-8586-fa3aa76d645b,COMIC_COVER,2907,Hulk,COMMON,3.89,0x7e83c3cb90d4e7cde15a168206907306eeed77ad,0xb7a6069bccefd110041e7acb5dc2b43216076b20,,
81ee10d7-6e64-4973-945e-95ea8563dd3d,2026-08-28 21:30:18,2026-08-28,a25593b0-d6c1-436a-88df-43aae7789adc,COMIC_COVER,6263,Black Panther,UNCOMMON,3.99,0x7e83c3cb90d4e7cde15a168206907306eeed77ad,0xb7a6069bccefd110041e7acb5dc2b43216076b20,,
d12cb217-fe27-4aa7-8924-a5c438b8e03a,2026-08-28 21:29:54,2026-08-28,fcea030a-fc7a-40ae-8fc5-3c0c1b30e91d,COMIC_COVER,1662,The Incredible Hulk,COMMON,3.28,0x7e83c3cb90d4e7cde15a168206907306eeed77ad,0xb7a6069bccefd110041e7acb5dc2b43216076b20,,
87d2d473-e397-41a9-b12d-72fb391bcca9,2026-08-28 21:29:37,2026-08-28,f517c9a4-f9b7-4480-8057-385237f307cf,COMIC_COVER,713,Uncanny X-Men,COMMON,3.30,0x7e83c3cb90d4e7cde15a168206907306eeed77ad,0xb7a6069bccefd110041e7acb5dc2b43216076b20,,
ad3fb3ef-33cd-4f6c-a793-895fca72ff22,2026-08-28 21:29:14,2026-08-28,1ed8ab4e-00f0-42d4-af5b-3d6a8543c246,COMIC_COVER,1712,Daredevil,COMMON,3.45,0x7e83c3cb90d4e7cde15a168206907306eeed77ad,0xb7a6069bccefd110041e7acb5dc2b43216076b20,,
beb4715a-3dbe-4bb2-8ca5-1a9eeee55b50,2026-08-28 21:28:02,2026-08-28,54aecde0-6ff1-49aa-b8e5-1dcfa1dc6a12,COLLECTIBLE_TYPE,151,Toph - Earth Master,SECRET_RARE,55.00,0xe98552ce68c8c32db079256be6f35614b03af560,0x11e4731a41f20e328d69d714b7d2a5fc5ebdef8a,,
5ff7ffbe-dd7a-410e-8183-5a6e714f87d7,2026-08-28 21:22:13,2026-08-28,2bdc32b6-e302-490a-84e1-5d497201c129,COMIC_COVER,7976,Nova,UNCOMMON,1.99,0xc1902b4a930c8d409af78ee6fae3b98cb98ab65a,0x54149535b8891f7f9052559e21cf313df59edcd9,,
5585f0d9-97d8-48c4-8427-ca2d223098bf,2026-08-28 21:20:15,2026-08-28,d37184af-298d-4b47-ae13-819fb234b80d,COLLECTIBLE_TYPE,1464,Episode 12 - Arise,COMMON,1.11,0xe98552ce68c8c32db079256be6f35614b03af560,0xf766f95fa592646f068a1821e5b6496efaf1a3bf,,
566675e6-f64f-4c10-b908-6cc3ba16f855,2026-08-28 21:14:52,2026-08-28,a3da891b-dba6-48a3-b914-968c69c4bce6,COMIC_COVER,3165,Spider-Man,RARE,5.00,0x9f74f3658c730cdd76288ccdefad11ada3527f16,0x56d4a4f9253064dde9ca146c79796cd217b17231,,
36075728-8e61-4187-bfc1-0cd63a6cd8b0,2026-08-28 21:13:38,2026-08-28,46359177-0a0a-4148-aac9-7875a76aaa91,COLLECTIBLE_TYPE,486,Toph,COMMON,8.40,0xe98552ce68c8c32db079256be6f35614b03af560,0x46df8b5589e6193a42c2c09cf8fa0f08283300a6,,
282e2cec-d355-4656-9014-a9c3e79d5d1f,2026-08-28 21:12:57,2026-08-28,d8f60bab-60dd-4a08-b9d7-2db6e3d8a5f3,COMIC_COVER,8994,Merry X-Men Holiday Special,RARE,6.99,0x9f74f3658c730cdd76288ccdefad11ada3527f16,0x11e4731a41f20e328d69d714b7d2a5fc5ebdef8a,,
d79ee4ac-5102-4a54-9d7b-e193f948d01f,2026-08-28 21:12:43,2026-08-28,999d75ac-e8a9-4bb0-9152-2037d63c3d3c,COMIC_COVER,9796,Black Panther,RARE,4.99,0x9f74f3658c730cdd76288ccdefad11ada3527f16,0x11e4731a41f20e328d69d714b7d2a5fc5ebdef8a,,
b4078dc8-ac93-4450-a73c-c140430f7156,2026-08-28 21:05:20,2026-08-28,bc64c1a9-5efe-4b52-824d-27ffed8b13e4,COLLECTIBLE_TYPE,433,Lightning,RARE,2.10,0xc17413a468119daf012bc7a534716a8d5002120f,0x5bd8f708acf114b8cb3b98b41e27447c034dfad9,,
b65f7f74-4bac-4d38-8749-f2c415a88719,2026-08-28 21:05:10,2026-08-28,af36d0b7-21fc-404d-a6ea-6b5676c9ba30,COLLECTIBLE_TYPE,83,Hoodie,SECRET_RARE,22.00,0x38d42150c74fb6a4301e08cf4036fac936ff35c1,0xa0f7ae43fbc608663daf329cf10b9f24bee70493,,
06a14c03-8b34-4a6e-a653-675629db29b9,2026-08-28 21:02:15,2026-08-28,d4788b46-09e9-4528-bfd0-39a1a9ca087e,COLLECTIBLE_TYPE,125,Cube,SECRET_RARE,12.50,0x627c6c4e0488ff39f52e5a852f255337352b955e,0x721f531afece8c67fb3bc65992ba2ebe15b3beee,,
0b752187-f552-459c-8232-6b41b9d5071f,2026-08-28 20:57:32,2026-08-28,0d2ded0c-02c5-44a7-8dd4-719fc6bd5a29,COMIC_COVER,639,Black Panther,SECRET_RARE,6.99,0x2c6a5c54e3dfd72ba88f983102117ce22573063e,0xae821c72614aa4fdf6ae1f0ac0aba06fb7b22e71,,
13f08edd-8b1f-4999-8245-d452d5c35f50,2026-08-28 20:57:31,2026-08-28,bf03f41b-fd4d-443a-bbf0-8458ab634c7e,COMIC_COVER,1610,Incredible Hulk,ULTRA_RARE,27.99,0x71c72a3dd6e632d0aff4732832164acedc7edaa4,0xf766f95fa592646f068a1821e5b6496efaf1a3bf,,
498624be-c452-4a7b-aff9-5d72c5e324cc,2026-08-28 20:54:21,2026-08-28,6b35e0b7-ade2-41a9-b3fc-bb2182fac771,COLLECTIBLE_TYPE,1410,Carl Fredricksen,UNCOMMON,13.45,0x71c72a3dd6e632d0aff4732832164acedc7edaa4,0xda611149b2ab3e4f33519f3d230fbc8f003e4e52,,
e6232c86-0a92-468a-8937-74ec95e7e539,2026-08-28 20:52:25,2026-08-28,f6da0034-e22e-4737-98cc-a763882d3c72,COMIC_COVER,6779,The Amazing Spider-Man,COMMON,4.50,0x7e83c3cb90d4e7cde15a168206907306eeed77ad,0xef0b3bc019d850671717d65377ec9a4f44156788,,Detectivekunkun
08f93318-1a91-41fb-9bb7-f3fa7c42a8af,2026-08-28 20:51:55,2026-08-28,70268693-3fba-42c9-b3df-fb6c62d8aa62,COMIC_COVER,8065,The Amazing Spider-Man,COMMON,2.69,0x7e83c3cb90d4e7cde15a168206907306eeed77ad,0xef0b3bc019d850671717d65377ec9a4f44156788,,Detectivekunkun
b34e42db-edd8-48d1-88c6-c4b9ce2672db,2026-08-28 20:51:37,2026-08-28,8725f9a7-1ef1-47b8-ba27-5dbf9640845e,COMIC_COVER,27614,Strange Tales,COMMON,2.95,0x93365222c1bbe3b5853c0ca6234f130899bc2760,0xef0b3bc019d850671717d65377ec9a4f44156788,,Detectivekunkun
3ecd92e0-43ad-4b13-b90a-e3011e671580,2026-08-28 20:50:35,2026-08-28,22f384cc-9f0a-42c8-8f22-89b860dcebc9,COMIC_COVER,2890,Guardians of the Galaxy,COMMON,2.99,0x7e83c3cb90d4e7cde15a168206907306eeed77ad,0xef0b3bc019d850671717d65377ec9a4f44156788,,Detectivekunkun
31709b50-a7f2-45f3-9280-a4948ddfb3ac,2026-08-28 20:48:39,2026-08-28,d31ddd6d-9590-4933-a52a-bafe1fafff4a,COMIC_COVER,6344,Marvel Premiere,COMMON,3.00,0x7e83c3cb90d4e7cde15a168206907306eeed77ad,0xef0b3bc019d850671717d65377ec9a4f44156788,,Detectivekunkun
c1695dc0-54e4-4a55-9cc3-824a759d24a2,2026-08-28 20:48:02,2026-08-28,7b76ceee-2678-4957-af06-8cd97e37833a,COMIC_COVER,13447,Uncanny X-Men,COMMON,3.28,0xdafbc5ea5117b7c00d209b0a8783c56f5a3abe49,0xef0b3bc019d850671717d65377ec9a4f44156788,thesnackman,Detectivekunkun
e57e1f34-8ea7-4720-972f-71ad23854d8d,2026-08-28 20:47:57,2026-08-28,7b76ceee-2678-4957-af06-8cd97e37833a,COMIC_COVER,12271,Uncanny X-Men,COMMON,3.28,0xdafbc5ea5117b7c00d209b0a8783c56f5a3abe49,0xef0b3bc019d850671717d65377ec9a4f44156788,thesnackman,Detectivekunkun
445ae136-ea8e-464b-892d-80bfe3ab667c,2026-08-28 20:47:53,2026-08-28,7b76ceee-2678-4957-af06-8cd97e37833a,COMIC_COVER,10464,Uncanny X-Men,COMMON,3.28,0xdafbc5ea5117b7c00d209b0a8783c56f5a3abe49,0xef0b3bc019d850671717d65377ec9a4f44156788,thesnackman,Detectivekunkun
1d712634-fbed-4459-b308-289d97485efa,2026-08-28 20:31:15,2026-08-28,89da8e91-acd3-4e65-9a9c-47bcbb3529f2,COMIC_COVER,2092,The Avengers Annual,COMMON,4.80,0x7e83c3cb90d4e7cde15a168206907306eeed77ad,0x464f68231ca60c95e996a52bd511472590de7fd8,,Pilot24h
8e56e8e7-3a0d-4081-b3e1-abe098a5b0ce,2026-08-28 20:31:08,2026-08-28,983c4be0-5acb-468d-b834-3e2869618011,COLLECTIBLE_TYPE,22,Super,SECRET_RARE,17.99,0x38d42150c74fb6a4301e08cf4036fac936ff35c1,0x229d5a5db58654d41dc8276bcac2975aaa45e1ea,,
eb35f279-a025-46e0-9e71-f3c54705e4ab,2026-08-28 20:25:14,2026-08-28,d9d8b143-092f-44dd-a953-fd3e23a8a17f,COMIC_COVER,7929,The Amazing Spider-Man,COMMON,11.00,0x7e83c3cb90d4e7cde15a168206907306eeed77ad,0x23894e9606d25aafee326b49bfb99818620ded83,,
6f18f2a5-bb2d-4ff8-b437-4db2362199aa,2026-08-28 20:25:11,2026-08-28,02a94a9e-a3da-49d4-b211-997b0ad60dcb,COLLECTIBLE_TYPE,557,Jiangshi Mon,UNCOMMON,8.00,0xdc5334963cb0811c26c15e76d34fe192f3082712,0xf01476b8b2252bdd03707aeaeb9375983eb8d588,,Mekurabe
e202274d-498e-427d-9150-d134b376c1b3,2026-08-28 20:20:20,2026-08-28,2e87137d-51b3-41ee-93e1-80e0e799d6ba,COLLECTIBLE_TYPE,3833,Spider-Man – Hangin’ Out,UNCOMMON,37.00,0xf766f95fa592646f068a1821e5b6496efaf1a3bf,0x964e5f2a5dcca5ae1ab3c5ff832f6e92429b8b97,,
87fbffc3-6eda-4ba2-89bf-7968d75bbe57,2026-08-28 20:20:04,2026-08-28,f62fff76-da2e-4569-8e63-3c178f642ed9,COMIC_COVER,4835,Amazing Fantasy,UNCOMMON,187.99,0xf7d3308dc81688e4d81e37be137127d9b3b32fc0,0xde882213d87f594c711f490e519494297a9784db,,Flashinq
ae9c456c-dd10-4631-bcf2-6ec8d7d7f848,2026-08-28 20:19:16,2026-08-28,7693425f-edad-4cd9-900c-075b1e26012c,COMIC_COVER,5400,Journey Into Mystery,COMMON,19.90,0x7e83c3cb90d4e7cde15a168206907306eeed77ad,0x40ee1a2354242e5706ab98908175078baf2ba108,,
2f8f3094-e3aa-48e7-8ed9-022be672d933,2026-08-28 20:15:27,2026-08-28,05bfaa01-9847-43e5-82ee-8c7999c26aa7,COLLECTIBLE_TYPE,360,IG-11 - Protector,COMMON,10.69,0x302746f315498b1575ce009d6fd2a3604ba09790,0xebb815a29a185459e5eac002f9bf6417243ca279,,
862fcc66-688c-4db1-950e-37a7d7653383,2026-08-28 20:13:34,2026-08-28,92b14dcc-2e83-4d5e-8cfa-ac7fb5b73f96,COLLECTIBLE_TYPE,2582,Year of the Horse,COMMON,1.50,0x32aa90337734c0445e2191d20e061ca3d6bde80f,0x903cbe5ae2208d8b295612952ca778ae753a7d9a,,
e58d038f-44d2-4dce-b8c5-9609d81ca1cf,2026-08-28 20:07:32,2026-08-28,f62fff76-da2e-4569-8e63-3c178f642ed9,COMIC_COVER,9950,Amazing Fantasy,UNCOMMON,187.99,0xe7613907b3f0fd87c55eaa01006d59fe61e2456d,0x110569961d913b5487a4bdf6bf88525a67a7f937,,
e167d646-c0b8-4456-aae2-acbc9d0d2f28,2026-08-28 20:01:38,2026-08-28,e6c7fca7-2199-42e1-b12e-1b289821520b,COLLECTIBLE_TYPE,7493,1:6 Ecto-1 Interactive,COMMON,4.00,0x164703d2278977aedbccd267351c9634a8a82a79,0xa5a1b68c86b180110ebd706a16b5e5630ae815f6,,
1a82cffd-0e81-4fee-a554-05f82a75db20,2026-08-28 19:41:24,2026-08-28,aedde9a9-f444-40f5-b1db-0199f84e5c3f,COLLECTIBLE_TYPE,332,Minnie Mouse,COMMON,7.00,0x71c72a3dd6e632d0aff4732832164acedc7edaa4,0x46da3b0fa2a144c2cd8489ad988ee4027449468a,,
26a6d9a1-db4d-41c4-b7be-f1d17f238c65,2026-08-28 19:41:12,2026-08-28,f64f5581-0640-4c33-873d-1d798c086e24,COLLECTIBLE_TYPE,5150,Stormtrooper,COMMON,8.50,0x71c72a3dd6e632d0aff4732832164acedc7edaa4,0xaa8d060555697549431218fb06b04037b7162343,,
57f7bd9c-1910-4a93-abc7-378e43a1acef,2026-08-28 19:40:51,2026-08-28,f64f5581-0640-4c33-873d-1d798c086e24,COLLECTIBLE_TYPE,8949,Stormtrooper,COMMON,8.50,0x71c72a3dd6e632d0aff4732832164acedc7edaa4,0xaa8d060555697549431218fb06b04037b7162343,,
84bb52a6-84f7-4983-a682-a6a5974c18df,2026-08-28 19:40:38,2026-08-28,f64f5581-0640-4c33-873d-1d798c086e24,COLLECTIBLE_TYPE,7955,Stormtrooper,COMMON,8.50,0x71c72a3dd6e632d0aff4732832164acedc7edaa4,0xaa8d060555697549431218fb06b04037b7162343,,
deb88600-dc4f-4595-983a-a88abb7bf584,2026-08-28 19:40:25,2026-08-28,f64f5581-0640-4c33-873d-1d798c086e24,COLLECTIBLE_TYPE,7799,Stormtrooper,COMMON,8.50,0x71c72a3dd6e632d0aff4732832164acedc7edaa4,0xaa8d060555697549431218fb06b04037b7162343,,
460320c5-73f3-4d9a-8e29-47c2a4a84668,2026-08-28 19:35:00,2026-08-28,05df9412-ca87-4492-8454-81f73a88c171,COLLECTIBLE_TYPE,5436,MOTOMICHI - Eyes,SECRET_RARE,13.00,0xe6e9d9c77c0bc351a53086a568cd9d9663fe1a9a,0xadd3427724e34563d24e4a43f28fa1697a8e1b53,,
da130f27-31db-4521-b61c-0b742e6f3200,2026-08-28 19:34:05,2026-08-28,f64f5581-0640-4c33-873d-1d798c086e24,COLLECTIBLE_TYPE,13030,Stormtrooper,COMMON,8.50,0x71c72a3dd6e632d0aff4732832164acedc7edaa4,0xaa8d060555697549431218fb06b04037b7162343,,
3c5d9020-e383-4b66-817f-527d0f420866,2026-08-28 19:33:37,2026-08-28,f64f5581-0640-4c33-873d-1d798c086e24,COLLECTIBLE_TYPE,13411,Stormtrooper,COMMON,8.50,0x71c72a3dd6e632d0aff4732832164acedc7edaa4,0xaa8d060555697549431218fb06b04037b7162343,,
29c158de-8cde-446e-acb2-eb4c8ac3393b,2026-08-28 19:33:33,2026-08-28,b5fbafef-f911-4a70-95d4-471fba080ecd,COMIC_COVER,683,Saga of the Sub-Mariner,UNCOMMON,1.70,0x80caa9d6ec74e2edc0052f0b479a4184adcde209,0xdc5334963cb0811c26c15e76d34fe192f3082712,,
887ea066-8dae-4496-ab12-b5a3c3f6630f,2026-08-28 19:29:16,2026-08-28,f6e15150-641b-4d8e-b7cc-19027a019d1f,COLLECTIBLE_TYPE,289,Chris Robots Will Kill - OG,ULTRA_RARE,27.00,0x4b0c67b4b9f611394f748944f672a328dcf1ab84,0x9f4caaec6a2e9f8409b704f3ef16f0d51e827cdf,,
afc6d227-5b3f-4195-9be2-c3b10bf546c3,2026-08-28 19:28:53,2026-08-28,77fe6eff-5fb9-40d8-ac9c-42e23eb64863,COLLECTIBLE_TYPE,981,Jawa 01,RARE,3.00,0x71c72a3dd6e632d0aff4732832164acedc7edaa4,0xaa81f2c293f64edb1be32be6e5856db71fb8a0ff,,
2f0ee34a-b2e9-4442-94c7-bb74d7887164,2026-08-28 19:23:21,2026-08-28,c0c3319f-c6e5-4277-a410-fba71b840f53,COMIC_COVER,315,Daredevil,COMMON,4730.00,0x6ce16df2dda6e082b02d2dc390b3b3eb60c3b83b,0x562ef997df647902c985c9d210881af104342177,,
de429be5-33b4-4010-91f3-dcf02a61e5fb,2026-08-28 19:21:01,2026-08-28,05bfaa01-9847-43e5-82ee-8c7999c26aa7,COLLECTIBLE_TYPE,51,IG-11 - Protector,COMMON,10.69,0xadd3427724e34563d24e4a43f28fa1697a8e1b53,0x1ee9920e6efdcbc57d48e669b87a6e822fc7d828,,Lamouche
ded7c8a0-befd-41b5-9d51-8c8f2e5dd5d3,2026-08-28 19:18:21,2026-08-28,dc0e0865-ed0d-4421-8bcd-2d9007d9c73a,COLLECTIBLE_TYPE,1036,VeVe Uncommon General Admission Ticket - NYCC 2024,UNCOMMON,8.44,0x3364300376b22ed250a8d27533d76fe5c7353078,0xf0ff3df07df8e4212e0b53ae48a4d834c492fedf,Sandi66,
0da894bd-d37a-4716-a642-e887a337bc06,2026-08-28 19:18:10,2026-08-28,dc0e0865-ed0d-4421-8bcd-2d9007d9c73a,COLLECTIBLE_TYPE,1006,VeVe Uncommon General Admission Ticket - NYCC 2024,UNCOMMON,8.44,0x3364300376b22ed250a8d27533d76fe5c7353078,0xf0ff3df07df8e4212e0b53ae48a4d834c492fedf,Sandi66,
aa54a8c0-a499-4ea0-8e51-1e454c9a80a4,2026-08-28 19:17:58,2026-08-28,dc0e0865-ed0d-4421-8bcd-2d9007d9c73a,COLLECTIBLE_TYPE,972,VeVe Uncommon General Admission Ticket - NYCC 2024,UNCOMMON,8.44,0x014482246994a97e4b681943a125a7320b891588,0xf0ff3df07df8e4212e0b53ae48a4d834c492fedf,,
184adcd5-96ba-40b6-b918-e9e7a6119cf4,2026-08-28 19:17:51,2026-08-28,dc0e0865-ed0d-4421-8bcd-2d9007d9c73a,COLLECTIBLE_TYPE,782,VeVe Uncommon General Admission Ticket - NYCC 2024,UNCOMMON,8.44,0x904bf3b41999405bcc01d5950b3e16d8d306e1a0,0xf0ff3df07df8e4212e0b53ae48a4d834c492fedf,GypsyDawg,
6469c566-1e0b-43fe-bb03-6f4f863a0bdc,2026-08-28 19:17:38,2026-08-28,dc0e0865-ed0d-4421-8bcd-2d9007d9c73a,COLLECTIBLE_TYPE,360,VeVe Uncommon General Admission Ticket - NYCC 2024,UNCOMMON,8.44,0x3f04e5896018b9bc8901b7d69632cdb477841745,0xf0ff3df07df8e4212e0b53ae48a4d834c492fedf,Izzat,
29218b10-c5a6-449c-92b9-00ec67ebd63f,2026-08-28 19:16:37,2026-08-28,98f7d0b0-8373-4037-a49f-2db41b24f168,COLLECTIBLE_TYPE,1744,Sokka,COMMON,11.10,0xaa8d060555697549431218fb06b04037b7162343,0xc17413a468119daf012bc7a534716a8d5002120f,,
081b3c74-cd03-4463-b86b-2856869d3ff8,2026-08-28 19:16:15,2026-08-28,b5fbafef-f911-4a70-95d4-471fba080ecd,COMIC_COVER,856,Saga of the Sub-Mariner,UNCOMMON,1.70,0x6ebc3302aea96d159cc826572486b6198c47d451,0x4fee54f42b8afb4ace7e446289df884a7d10c15c,,
4019b80f-c65e-4459-af28-4b0b27f2dfbe,2026-08-28 19:15:52,2026-08-28,8c2d7b33-5ab3-4704-a915-ebd34f024485,COMIC_COVER,632,The Amazing Spider-Man,COMMON,3.00,0x838e3367c61d45f7a467f685a7b26631286768b1,0x9349da3e07c0681253ffa3c76db6c5d197de2fad,,
ee92e51e-9add-4fdb-b107-7c1e39435cb3,2026-08-28 19:15:44,2026-08-28,ef4745e5-f59f-4dcb-a886-a9026517ff60,COLLECTIBLE_TYPE,1278,Jurassic Park Gates,UNCOMMON,36.00,0xc17413a468119daf012bc7a534716a8d5002120f,0x1ee9920e6efdcbc57d48e669b87a6e822fc7d828,,Lamouche
865579ba-8005-4b59-a8fa-417aa4f87f58,2026-08-28 19:14:54,2026-08-28,fbc6e8d2-feb1-46b9-9321-2cf8d34a47c2,COLLECTIBLE_TYPE,472,Friend Owl,COMMON,3.55,0x71c72a3dd6e632d0aff4732832164acedc7edaa4,0x1414dc57ef8d6073f4d1bb61ff8e59fc7a2ab09a,,
01fe8867-a86a-42d4-9ee4-865fdc4e38f6,2026-08-28 19:13:49,2026-08-28,b5fbafef-f911-4a70-95d4-471fba080ecd,COMIC_COVER,742,Saga of the Sub-Mariner,UNCOMMON,1.70,0xb8d36e80819e4fc5b38a65724da4a4a62c99f366,0x11e4731a41f20e328d69d714b7d2a5fc5ebdef8a,,
d9ade3e0-5a0d-4285-b96c-9fc541511f32,2026-08-28 19:12:58,2026-08-28,77fe6eff-5fb9-40d8-ac9c-42e23eb64863,COLLECTIBLE_TYPE,847,Jawa 01,RARE,3.00,0x71c72a3dd6e632d0aff4732832164acedc7edaa4,0x1414dc57ef8d6073f4d1bb61ff8e59fc7a2ab09a,,
a269e562-7352-4b5c-9ce2-2d4d09f8e1db,2026-08-28 19:11:59,2026-08-28,ee7aea83-c0c1-4346-b4a6-a482d6aca04a,COLLECTIBLE_TYPE,229,King Triton’s Palace Grounds,RARE,5.00,0x71c72a3dd6e632d0aff4732832164acedc7edaa4,0x1414dc57ef8d6073f4d1bb61ff8e59fc7a2ab09a,,
dbfa0dcf-b220-41a5-9d94-554295fc031c,2026-08-28 19:11:45,2026-08-28,b8e2a2ee-d61b-4500-9700-e29f9bfdee8e,COLLECTIBLE_TYPE,2521,Facehugger,UNCOMMON,17.00,0xf437e7db920f9cad9a93528ab2f00c275f966b9f,0xadd3427724e34563d24e4a43f28fa1697a8e1b53,,
e84e5b83-5759-4ee1-83b2-a8a3457516ff,2026-08-28 19:11:22,2026-08-28,40f03ab2-65d1-445b-a66c-1fb1ec751621,COLLECTIBLE_TYPE,110,Aquatic Plant - Big Bronze 2,UNCOMMON,3.30,0x71c72a3dd6e632d0aff4732832164acedc7edaa4,0x1414dc57ef8d6073f4d1bb61ff8e59fc7a2ab09a,,
c7a66059-8e8c-4f5c-8759-181012dc1845,2026-08-28 19:10:45,2026-08-28,cdf8336b-2ee0-4573-a2c0-5e8389bcc541,COLLECTIBLE_TYPE,1715,Vision,RARE,9.99,0x11e4731a41f20e328d69d714b7d2a5fc5ebdef8a,0x914d50cb886de5ee2650ce084fe5f36eedc6699d,,
dad9c74a-ac29-4e61-8c8f-4a7bf6b18a59,2026-08-28 19:09:39,2026-08-28,0bfb1239-b03a-4084-bafe-770796eece82,COLLECTIBLE_TYPE,1860,Wolverine - Blue and Yellow suit,RARE,99.00,0x86cf60a40c15b78974bfcd1000e695875da24c9d,0x2b8fe6b245ade689f77cef048e5e8a9337239097,,
43947613-438a-47e2-a04b-8173a27dd05e,2026-08-28 19:07:55,2026-08-28,1f673f58-b8cb-496c-b158-5cee3630ccc2,COLLECTIBLE_TYPE,63,2X-7KPR,RARE,10.00,0x71c72a3dd6e632d0aff4732832164acedc7edaa4,0xdc5334963cb0811c26c15e76d34fe192f3082712,,
da469959-d0de-45d2-8a86-e1396d752187,2026-08-28 19:04:54,2026-08-28,b5fbafef-f911-4a70-95d4-471fba080ecd,COMIC_COVER,980,Saga of the Sub-Mariner,UNCOMMON,1.70,0xc17413a468119daf012bc7a534716a8d5002120f,0x9f4caaec6a2e9f8409b704f3ef16f0d51e827cdf,,
f3dc1045-6689-458d-8a4c-249c48dca0b7,2026-08-28 19:04:34,2026-08-28,4a079800-103f-4cc1-8ec7-cb862671963c,COMIC_COVER,642,Heroes Be Damned,COMMON,4.99,0x71c72a3dd6e632d0aff4732832164acedc7edaa4,0xb7a6069bccefd110041e7acb5dc2b43216076b20,,
165a49c6-9f0a-4078-8a88-eed6fa0b9f7e,2026-08-28 19:00:46,2026-08-28,05df9412-ca87-4492-8454-81f73a88c171,COLLECTIBLE_TYPE,269,MOTOMICHI - Eyes,SECRET_RARE,13.00,0xdaa947bd821d2b3d8cf184554ece696291947bfe,0xe6e9d9c77c0bc351a53086a568cd9d9663fe1a9a,,
c5f55383-6d67-4cf8-afdf-0255e7e85301,2026-08-28 19:00:23,2026-08-28,b5fbafef-f911-4a70-95d4-471fba080ecd,COMIC_COVER,223,Saga of the Sub-Mariner,UNCOMMON,1.70,0xc6730f46c02113ceb47ebd590544b9f7eba39f00,0xfe538e230e088ee1e83c3664d0f4d3a03c5f47da,,
b02d814e-d0fd-438d-bfba-cd8e868ffbb9,2026-08-28 18:56:28,2026-08-28,1d606841-f6e5-4d91-89d3-85aa99fad3f3,COLLECTIBLE_TYPE,1067,Wolverine - X-Jacket,RARE,22.95,0x71c72a3dd6e632d0aff4732832164acedc7edaa4,0xc17413a468119daf012bc7a534716a8d5002120f,,
07ea7cbf-3825-48ee-bcaf-2cfb39dfc557,2026-08-28 18:36:52,2026-08-28,ba8d9aa8-ef53-4377-85b4-13284259858f,COMIC_COVER,1071,The X-Men,UNCOMMON,18.18,0xa5a1b68c86b180110ebd706a16b5e5630ae815f6,0x9f1b0abf4d14be507ced92754add0d7799dad0c9,,
907cfb9f-b818-42ca-b31b-d85bf9175e04,2026-08-28 18:36:23,2026-08-28,c00630d3-6aaa-412a-a9d3-ffe68fceba5a,COLLECTIBLE_TYPE,2316,Donatello - Classic,COMMON,6.39,0xea8a2603e6e39ea4d75087b4e6037865d502b884,0xaf43071e716f1ade4cb0fe249795b02a6142cab9,HarryVeve,
a9f4237e-1156-41fe-acfe-c8e777d82231,2026-08-28 18:34:56,2026-08-28,8b6af343-2fa1-4f9c-8b81-ec24a874c701,COMIC_COVER,127,Dark X-Men,COMMON,6.98,0xa12be857785ff0d4f046f83b3abab90edbb32aff,0xb7a6069bccefd110041e7acb5dc2b43216076b20,,
971fb945-f9b6-40ad-be88-c45ec89f8b3e,2026-08-28 18:34:46,2026-08-28,23bcaab8-2592-4d0c-b29f-aae607ac74af,COMIC_COVER,676,The X-Men,ULTRA_RARE,6.99,0x9f4caaec6a2e9f8409b704f3ef16f0d51e827cdf,0x9f1b0abf4d14be507ced92754add0d7799dad0c9,,
e4774837-1314-4974-86f5-e03df17ec21a,2026-08-28 18:30:01,2026-08-28,c2c72a96-301c-428d-a334-e67ca4826e22,COMIC_COVER,697,X-Men: Outback,COMMON,3.50,0x88e8fe8c552a59be0a9c21b74a41fd5fbcbf2dee,0xb7a6069bccefd110041e7acb5dc2b43216076b20,Aroostic,
4795d8a2-6093-4a09-9309-6c389b80262e,2026-08-28 18:29:37,2026-08-28,7c1ab767-08b8-4fd3-bfa4-026612d34155,COMIC_COVER,291,Wolverine,UNCOMMON,7.98,0x88e8fe8c552a59be0a9c21b74a41fd5fbcbf2dee,0xb7a6069bccefd110041e7acb5dc2b43216076b20,Aroostic,
3ed96168-6a01-491f-a265-fd4604ef242e,2026-08-28 18:25:29,2026-08-28,5529acf4-43b8-428a-8009-2410ceb8cce7,COLLECTIBLE_TYPE,625,Huracán STO - Verde Citrea/Arancio DAC,SECRET_RARE,150.00,0x7831ac4c9b585cbf93a6e2ec9c71513aafef21c4,0x223a8b57f83e70d6a888b429ec887f232aa28dd1,,
6ae65fe4-2a71-40f1-9ad6-58b75b91037f,2026-08-28 18:25:18,2026-08-28,cd82668e-2dde-4a6e-bf7c-bd705fe16011,COMIC_COVER,295,Spider-Man '94,COMMON,2.95,0x88e8fe8c552a59be0a9c21b74a41fd5fbcbf2dee,0x57f0731e38fba1c8dde4159bc2bd99e85934d265,Aroostic,
d01b8b8a-6ca5-4619-8988-31d81b2f79aa,2026-08-28 18:21:26,2026-08-28,2867bd26-61d3-40e9-90df-ad44e9a60bb0,COMIC_COVER,651,X-Men '97: Season Two,UNCOMMON,7.98,0x5c351ffda198aa91df287ad320c592222a9dc67c,0x562ef997df647902c985c9d210881af104342177,,
602613b8-8b5f-470a-a0fe-2057c3bc97d1,2026-08-28 18:14:04,2026-08-28,c60d426e-48ad-4e6b-b162-b6edd0e6e76d,COLLECTIBLE_TYPE,108,Ebony,ULTRA_RARE,19.00,0x373141f350190a3fe9ca561acfd750032ae374a8,0x2ecb8b8a3d36d3d253b0db81c67b5ad3d848ac3b,,
cd8c9968-7d82-4c1b-a0c6-a85647f86323,2026-08-28 18:13:46,2026-08-28,0cd81d92-e369-4339-bb20-d64a7076c4e7,COLLECTIBLE_TYPE,42,Radiant Peach,RARE,5.00,0x6e0e11d64ad7ab15b19c86b1ce8c29d671570b93,0x2ecb8b8a3d36d3d253b0db81c67b5ad3d848ac3b,,
1e7eb584-809e-45d3-a0e2-f4a8e91d3740,2026-08-28 18:13:36,2026-08-28,25a1e0e2-8ab2-46ff-9351-4beeaa4d3985,COLLECTIBLE_TYPE,76,Pastel,UNCOMMON,2.80,0x07f0e30e9a5da73eaea09a5ebe39e66e6a934599,0x2ecb8b8a3d36d3d253b0db81c67b5ad3d848ac3b,,
fdab486e-a7d5-44f9-8641-98367ce02243,2026-08-28 18:13:06,2026-08-28,04376c76-5438-4f35-8bbc-3877662d863c,COMIC_COVER,130,The Amazing Spider-Man,RARE,8.00,0xa56b04233ff9bd76a11666fb7e8954bc622d494a,0x4933c5fef9b519182452ccf9531642729f3a25b5,,
1d928ac3-1d4f-4509-acec-f7a0f3d0a6a9,2026-08-28 18:03:51,2026-08-28,0b9cbb5a-7c04-4b6c-ab53-e401c6096618,COLLECTIBLE_TYPE,2553,Lunar New Year: Snake,COMMON,2.99,0xc6730f46c02113ceb47ebd590544b9f7eba39f00,0x4262fc8a4b82082b0b73aac9f68e7ada55f101a5,,
2a2f8bd7-ddad-4081-8865-7250a25f68f5,2026-08-28 17:58:23,2026-08-28,af8ea121-6321-4fbd-9958-d03a49fb604f,COLLECTIBLE_TYPE,1406,LA Strong - Black Heart,SECRET_RARE,45.00,0x229d5a5db58654d41dc8276bcac2975aaa45e1ea,0xab1a1fcb87029c2bd1d9535f1df6f78c4fa4c1a3,,
a6cda062-ca2f-4b49-a4c9-1301e46278e5,2026-08-28 17:57:24,2026-08-28,983c4be0-5acb-468d-b834-3e2869618011,COLLECTIBLE_TYPE,420,Super,SECRET_RARE,17.99,0x53587fee806e81da0e94057c08deff97ae138f9b,0x1ee9920e6efdcbc57d48e669b87a6e822fc7d828,,Lamouche
4bb1f6d4-86ee-41d5-9e65-b8c5cb12eff0,2026-08-28 17:57:13,2026-08-28,bba0290e-1506-4702-a8fb-c1892b5bb638,COLLECTIBLE_TYPE,1960,Back to the Future,RARE,26.00,0x38d42150c74fb6a4301e08cf4036fac936ff35c1,0xc0feb65830042e342fdf7c3e2c67a7883a5f2885,,
b3e161cf-f874-45bd-baf9-ce65f7a9199b,2026-08-28 17:55:57,2026-08-28,bc64c1a9-5efe-4b52-824d-27ffed8b13e4,COLLECTIBLE_TYPE,790,Lightning,RARE,2.10,0xae16400e6107df7171cf8767487ffebef0e59954,0x0efbd11f7745ad1f175ca77ac9a729c873eeea38,,
01fc19be-f3e1-45b1-9502-ff3ce56c60c9,2026-08-28 17:55:49,2026-08-28,bc64c1a9-5efe-4b52-824d-27ffed8b13e4,COLLECTIBLE_TYPE,417,Lightning,RARE,2.10,0xae16400e6107df7171cf8767487ffebef0e59954,0x0efbd11f7745ad1f175ca77ac9a729c873eeea38,,
da8e722f-053b-4acd-97c4-d017d17013b7,2026-08-28 17:53:42,2026-08-28,983c4be0-5acb-468d-b834-3e2869618011,COLLECTIBLE_TYPE,135,Super,SECRET_RARE,17.99,0x53587fee806e81da0e94057c08deff97ae138f9b,0xc6730f46c02113ceb47ebd590544b9f7eba39f00,,
914b0f38-c146-4f02-9eea-f6ece468770b,2026-08-28 17:52:16,2026-08-28,af36d0b7-21fc-404d-a6ea-6b5676c9ba30,COLLECTIBLE_TYPE,71,Hoodie,SECRET_RARE,22.00,0x914d50cb886de5ee2650ce084fe5f36eedc6699d,0x0a456626fff95687ef3aa6020be8dfa5484a3447,,
d2cc11cc-1113-4b79-b193-3b431d87081d,2026-08-28 17:43:43,2026-08-28,ff04f9e2-3b04-478d-b5c4-b36591c929b6,COMIC_COVER,2545,Captain America,UNCOMMON,14.00,0x9f4caaec6a2e9f8409b704f3ef16f0d51e827cdf,0xb13047e157ba706979b053507a65431c969c4a27,,klimster85
08c0c42c-a6a0-45c3-b473-557e5144c59b,2026-08-28 17:33:25,2026-08-28,5a83120d-b4c0-4982-85d7-3046dd7d5f4f,COLLECTIBLE_TYPE,671,Rain,UNCOMMON,1.00,0xae16400e6107df7171cf8767487ffebef0e59954,0xaa8d060555697549431218fb06b04037b7162343,,
7c98d1f6-c5e6-4e71-b380-d590024cb3d6,2026-08-28 17:33:19,2026-08-28,5a83120d-b4c0-4982-85d7-3046dd7d5f4f,COLLECTIBLE_TYPE,406,Rain,UNCOMMON,1.00,0xae16400e6107df7171cf8767487ffebef0e59954,0xaa8d060555697549431218fb06b04037b7162343,,
0f6efde2-a761-4bfc-b41c-4d00e408288c,2026-08-28 17:25:32,2026-08-28,53ca45ad-cd63-4d9c-8c32-d22273021e4a,COMIC_COVER,3352,The Amazing Spider-Man,COMMON,3.75,0x157778d5d203eb81748e6b1275e990f17792e9b0,0xb7a6069bccefd110041e7acb5dc2b43216076b20,,
72a658d8-5f88-42ea-a317-1f7059e268f2,2026-08-28 17:25:15,2026-08-28,d40ea4e0-d2ce-45cb-bad9-883fc5de27ac,COMIC_COVER,9057,Marvel Premiere,RARE,6.99,0x290f31fcffd92421cb6922e9e5376149f03a1210,0xb7a6069bccefd110041e7acb5dc2b43216076b20,,
bf03bd61-6dfd-4482-b037-0bd92628c4c4,2026-08-28 17:24:28,2026-08-28,f216c114-f12c-4c32-a2af-0c8632206274,COLLECTIBLE_TYPE,1680,Single 2s 'Milford Sound' gummed stamp,UNCOMMON,3.00,0xc338fe1210cafb6b5019e1e532ae295e6da9e9c7,0x0f1edea5791ded162973a1ea1cd3211d7462aea9,,
1d26f642-9a1d-438e-9f45-f18c1f434d04,2026-08-28 17:23:29,2026-08-28,85de770e-bdeb-4beb-b002-fcefcd384054,COMIC_COVER,11607,Hero for Hire,COMMON,2.88,0xb2f054d35a8083c7c612a321df7b077ce0d0d8e3,0x6d020b98c2cfaec746edf2e7ef4ebe3e89765f50,,BigPhatM
4c576bae-1a99-436e-b37b-e74a7267a2ad,2026-08-28 17:20:26,2026-08-28,79f49f24-d6f3-4ba0-9253-599d05699a35,COLLECTIBLE_TYPE,898,Single 1s 'Kea and Kaka' gummed stamp,ULTRA_RARE,8.00,0x47ad9f0d3b51d31135bdae1ef30d6709cf4c89b3,0x1ee9920e6efdcbc57d48e669b87a6e822fc7d828,BigOz,Lamouche
a3a58726-c067-43f9-b563-6b9f00a6529d,2026-08-28 17:19:55,2026-08-28,f6717b76-db8d-48af-bffd-d7016ac4a83d,COLLECTIBLE_TYPE,1512,C-Rank Essence Stone,UNCOMMON,1.08,0x39a292b2165e770bbce5b315e4037c70bc3b40c4,0x6d020b98c2cfaec746edf2e7ef4ebe3e89765f50,,BigPhatM
781850fd-ea91-4e8d-86ae-058de1d4bb97,2026-08-28 17:17:18,2026-08-28,2a140f3a-b1a0-4048-8e97-89ba78e979c4,COMIC_COVER,882,Queen In Black,UNCOMMON,4.00,0x6d020b98c2cfaec746edf2e7ef4ebe3e89765f50,0xb7a6069bccefd110041e7acb5dc2b43216076b20,BigPhatM,
be02650c-2436-4896-88b4-d642c276dfea,2026-08-28 17:17:09,2026-08-28,04376c76-5438-4f35-8bbc-3877662d863c,COMIC_COVER,600,The Amazing Spider-Man,RARE,8.00,0xd017eb887ca7fc989fda158e500f3a7aba9a9a6f,0x2b8fe6b245ade689f77cef048e5e8a9337239097,,
4901db64-7bf3-45e8-bb66-b97dd0218ceb,2026-08-28 17:16:44,2026-08-28,9a2a1d51-a41d-4fec-a065-05761abc8532,COMIC_COVER,960,The Amazing Spider-Man,SECRET_RARE,70.00,0x293fcc0ac045bdfb5cc0ee137c7f3ece4e077185,0x2b8fe6b245ade689f77cef048e5e8a9337239097,LSully,
dfe24ed6-b7bc-49b4-bd9e-3082cffca29f,2026-08-28 17:10:06,2026-08-28,37353ee5-47b8-4498-a220-7851c6dd0923,COLLECTIBLE_TYPE,2604,Michelangelo - Classic,COMMON,10.07,0xc17413a468119daf012bc7a534716a8d5002120f,0x2bd6f3677807c128e1161823374eb42447818c11,,
409b36b2-3466-473c-9e4b-77afe21d143e,2026-08-28 17:01:05,2026-08-28,b5fbafef-f911-4a70-95d4-471fba080ecd,COMIC_COVER,163,Saga of the Sub-Mariner,UNCOMMON,1.70,0x5b0964671548943cc923ff2788fd73422aaa7aa9,0xbf414303e44475ac380590c506e79c9ab7abe95a,,
00824a22-d8f9-4f44-94d2-ac141455dbe0,2026-08-28 17:00:43,2026-08-28,885260c4-5c4d-44fa-b27b-fd9d2753291c,COMIC_COVER,8574,Fallen Son: The Death of Captain America,COMMON,1.00,0xf7d3308dc81688e4d81e37be137127d9b3b32fc0,0x638d5de99c9206dba3526fa189ac589fa1c1f3e6,,
3d92a9f2-532b-42c1-bacb-f56f50232d5c,2026-08-28 17:00:28,2026-08-28,885260c4-5c4d-44fa-b27b-fd9d2753291c,COMIC_COVER,4459,Fallen Son: The Death of Captain America,COMMON,1.00,0xccf94730b6cc6e1064ef4b988b647daa1f5707f8,0x638d5de99c9206dba3526fa189ac589fa1c1f3e6,,
0d687b8f-c6ae-4c3d-891a-cef718755f7f,2026-08-28 16:57:47,2026-08-28,e31fc143-da6c-4b99-b756-5622e543258b,COMIC_COVER,113,Saga of the Sub-Mariner,RARE,3.99,0x6b900a633bd4bf0f925d7ab497472e5e0d0e6b6d,0xbf414303e44475ac380590c506e79c9ab7abe95a,,
c8da8a10-cd1c-4ba6-b8ea-ecae845cbee5,2026-08-28 16:54:29,2026-08-28,7b76ceee-2678-4957-af06-8cd97e37833a,COMIC_COVER,18632,Uncanny X-Men,COMMON,3.28,0xdafbc5ea5117b7c00d209b0a8783c56f5a3abe49,0x638d5de99c9206dba3526fa189ac589fa1c1f3e6,thesnackman,
c8d8906f-1386-43e8-8caa-2fbf20653c55,2026-08-28 16:54:20,2026-08-28,7b76ceee-2678-4957-af06-8cd97e37833a,COMIC_COVER,11486,Uncanny X-Men,COMMON,3.28,0xdafbc5ea5117b7c00d209b0a8783c56f5a3abe49,0x638d5de99c9206dba3526fa189ac589fa1c1f3e6,thesnackman,
4f91dcf6-5ab5-4cc2-a60f-a8586d1bb65c,2026-08-28 16:44:56,2026-08-28,f7a05032-5443-4d37-af8f-6b24db3bcdb5,COMIC_COVER,2201,The Silver Surfer,COMMON,4.35,0xc53c7af36934d8afea981536738b1e904c590272,0xb7a6069bccefd110041e7acb5dc2b43216076b20,,
6c82f445-5829-44c5-8bc8-5a0399b5684e,2026-08-28 16:44:40,2026-08-28,001e3349-04e0-4d20-9943-0e0b1e137545,COMIC_COVER,23011,Ms. Marvel,COMMON,2.28,0x93365222c1bbe3b5853c0ca6234f130899bc2760,0xb7a6069bccefd110041e7acb5dc2b43216076b20,,
37abd631-23e1-4af6-8f69-fe975b6c905c,2026-08-28 16:44:19,2026-08-28,92a46fba-b74e-4e51-b461-81795314ddfc,COMIC_COVER,628,Loki,UNCOMMON,7.98,0x0cea3b049375a3b5c96f73504d8cefc56a6c8888,0xb7a6069bccefd110041e7acb5dc2b43216076b20,,
bd18e51f-fe62-4684-82c4-31735df32e21,2026-08-28 16:43:27,2026-08-28,a582b9ec-1bf8-4327-9ba2-3870d4bac793,COMIC_COVER,3631,Mickey Mouse Takes a Space Trip,COMMON,1.69,0xfca6789b6bc8086df9e6eb14e37fbff18e6bcf65,0xb7a6069bccefd110041e7acb5dc2b43216076b20,,
a3701fe0-0fb3-4376-8d43-65a8470bb88e,2026-08-28 16:43:10,2026-08-28,a852c263-037f-4266-b7c2-a599b29e15db,COMIC_COVER,2597,Gold Goblin,COMMON,3.25,0x9f4caaec6a2e9f8409b704f3ef16f0d51e827cdf,0xb7a6069bccefd110041e7acb5dc2b43216076b20,,
83a557a9-da90-4721-9f78-984759669900,2026-08-28 16:43:01,2026-08-28,a5795802-4f84-4e1c-8b9d-cafdaa80a633,COMIC_COVER,1371,Sanity,COMMON,2.50,0xab7d8833a6f5e8aa0889ed0b55a12745e088242b,0xb7a6069bccefd110041e7acb5dc2b43216076b20,,
112db9c5-5598-4f6f-bad8-70b46c021cfc,2026-08-28 16:42:39,2026-08-28,ee3bf33e-e38f-4ee6-8ae9-8fa5c792f201,COMIC_COVER,4546,Marvel Spotlight,COMMON,2.98,0x017e8f00b5ef9be094aa80e70252acfd74d2c6dc,0xb7a6069bccefd110041e7acb5dc2b43216076b20,,
2405ca36-cba3-4ae6-a680-0ba8579cba6e,2026-08-28 16:42:33,2026-08-28,924d7c50-71d1-4f66-a510-3d037c7d2353,COLLECTIBLE_TYPE,206,Olaf,ULTRA_RARE,44.12,0xc6730f46c02113ceb47ebd590544b9f7eba39f00,0xd66af54222be3eda8b7c5da1a2031817edf95bb9,,
02955865-eea3-4262-b76e-d30a37ee6716,2026-08-28 16:42:21,2026-08-28,880a6503-e1f5-4ef7-85e8-36ffff6cd4cb,COMIC_COVER,745,The Boys: Dynamite Edition,COMMON,8.00,0x3057fc58416fe1ab97ed8ae4a6842ef0cd310778,0xb7a6069bccefd110041e7acb5dc2b43216076b20,,
8085f653-14db-4233-8d58-9b862d9d7992,2026-08-28 16:42:05,2026-08-28,bea966b1-835a-471b-ac9d-bde86807f5f9,COMIC_COVER,283,All-New Venom,COMMON,2.50,0x0cea3b049375a3b5c96f73504d8cefc56a6c8888,0xb7a6069bccefd110041e7acb5dc2b43216076b20,,
ef4d4ff3-3073-4255-b594-1493ba3e0882,2026-08-28 16:41:46,2026-08-28,f203f057-83a0-4629-b15d-92e320bdba54,COMIC_COVER,1340,Black Panther,UNCOMMON,3.00,0xe1db8c9c0f2723652b71861bf0ac86ebc5fb7090,0xb7a6069bccefd110041e7acb5dc2b43216076b20,,
30edcfd0-fa08-43e9-b385-67070b60b39e,2026-08-28 16:41:36,2026-08-28,49fd4a81-e518-4eea-b086-a405849a88a5,COMIC_COVER,926,Spider-Boy: The Web-Less Wonder - Halloween Trick-Or-Read 2024,COMMON,3.99,0xe1db8c9c0f2723652b71861bf0ac86ebc5fb7090,0xb7a6069bccefd110041e7acb5dc2b43216076b20,,
41538984-3d91-42a1-a20a-c247e8fa8af2,2026-08-28 16:41:23,2026-08-28,96af6119-d44b-43d1-be3d-ff1b48be5052,COMIC_COVER,4999,Thor,COMMON,2.50,0xf7fb1f9f8a99ad762d036b21b0c1c0f8283441bb,0xb7a6069bccefd110041e7acb5dc2b43216076b20,,
a39c0785-d664-4160-9f2a-b949d642951c,2026-08-28 16:41:03,2026-08-28,b5fbafef-f911-4a70-95d4-471fba080ecd,COMIC_COVER,911,Saga of the Sub-Mariner,UNCOMMON,1.70,0x6ebc3302aea96d159cc826572486b6198c47d451,0x411f228cf52f8d6f89e667b0b53eaa558e2c6c74,,ace81982
baca102d-9e7e-435d-8569-e5dcbc187890,2026-08-28 16:41:02,2026-08-28,930a4da5-63a1-4eb7-b731-2c092813cfaf,COMIC_COVER,3694,Fantastic Four,UNCOMMON,9.00,0xd667d892645ac5235bac182fdd9fb062c29b21ed,0xb7a6069bccefd110041e7acb5dc2b43216076b20,,
02acf3db-4691-4706-b989-85bd7f49308a,2026-08-28 16:40:44,2026-08-28,80d42bcf-7b9e-4363-93d4-241141de35f8,COMIC_COVER,116,The Amazing Spider-Man,COMMON,2.30,0x88e8fe8c552a59be0a9c21b74a41fd5fbcbf2dee,0xb7a6069bccefd110041e7acb5dc2b43216076b20,Aroostic,
fda2c0d8-a5c1-45d8-a3db-6835974bb949,2026-08-28 16:40:24,2026-08-28,106fc2bf-8f5b-4faf-8181-281e58d55e50,COMIC_COVER,899,Star Wars,COMMON,3.80,0xf7ebc4b578fbb7901f555294e6febc983c8bce6c,0xb7a6069bccefd110041e7acb5dc2b43216076b20,,
49ddcaa3-550c-4b69-9a37-16fbbb55fb99,2026-08-28 16:40:07,2026-08-28,c6896ba6-9d14-45da-9ad1-89d1fa0b639c,COMIC_COVER,698,Star Wars,COMMON,3.25,0x88e8fe8c552a59be0a9c21b74a41fd5fbcbf2dee,0xb7a6069bccefd110041e7acb5dc2b43216076b20,Aroostic,
dae701bf-151a-4033-90dd-fe0807b77a17,2026-08-28 16:39:44,2026-08-28,f675174d-d5da-42a1-9db1-7fb59a20fb91,COLLECTIBLE_TYPE,191,Doctor Octopus,ULTRA_RARE,19.00,0xd0298e816f2aa44b42dc1d149519a826f0214895,0xc0af0eed145cfd83fbf513444f5f7c7de7ce3ee1,,L0st0ne
902da2b7-8974-4109-8b45-aea45bf135a4,2026-08-28 16:38:29,2026-08-28,cd82668e-2dde-4a6e-bf7c-bd705fe16011,COMIC_COVER,396,Spider-Man '94,COMMON,2.95,0x88e8fe8c552a59be0a9c21b74a41fd5fbcbf2dee,0xb7a6069bccefd110041e7acb5dc2b43216076b20,Aroostic,
44772e76-f181-4a33-99f9-4bdb4485a22a,2026-08-28 16:38:17,2026-08-28,b576e974-3cd3-48a7-90d3-571c397c0a2b,COMIC_COVER,569,NYX,UNCOMMON,3.00,0x0cea3b049375a3b5c96f73504d8cefc56a6c8888,0xb7a6069bccefd110041e7acb5dc2b43216076b20,,
080453e9-6711-467a-b300-2edd94281ca3,2026-08-28 16:37:51,2026-08-28,109d6f3d-5b1e-499a-ae95-f4852479e819,COMIC_COVER,451,The Amazing Spider-Man,COMMON,2.34,0xd7b0ac9d17a849130aebcfb0235a16a5fa39a9da,0xb7a6069bccefd110041e7acb5dc2b43216076b20,,
a981f47b-2669-4204-ad36-01881fc9de2d,2026-08-28 16:37:34,2026-08-28,8a784eab-3749-44a4-a1ac-3e66abb111eb,COMIC_COVER,219,The X-Men,UNCOMMON,2.99,0x0b47cdaa4945e889fd42389fa40c25720481f0ac,0xb7a6069bccefd110041e7acb5dc2b43216076b20,Preda,
85b527bd-a3fb-492f-ba32-19af9be628d4,2026-08-28 16:37:20,2026-08-28,05582229-4735-4328-827a-93791e364edd,COMIC_COVER,1188,"Peter Parker, the Spectacular Spider-Man",UNCOMMON,2.79,0x492504984b6f4e7fc3d442f06476003d0babc4c6,0xb7a6069bccefd110041e7acb5dc2b43216076b20,,
475220c9-856d-4de2-b187-01d67b2b2ad1,2026-08-28 16:36:53,2026-08-28,46359177-0a0a-4148-aac9-7875a76aaa91,COLLECTIBLE_TYPE,971,Toph,COMMON,8.40,0x4187e4287acce37f6dc1446072146a9c9cb48989,0x2d2933beb21a100977804604194e2956983eb82c,,
17c21361-9711-4905-85e2-3974d667ab66,2026-08-28 16:36:47,2026-08-28,1e127b46-0f90-4750-9fa9-67b39450d0b3,COMIC_COVER,1453,The Amazing Spider-Man,COMMON,2.73,0x4187e4287acce37f6dc1446072146a9c9cb48989,0xb7a6069bccefd110041e7acb5dc2b43216076b20,,
b52b1ddb-9b31-4124-87b2-b29a8edce7b8,2026-08-28 16:36:35,2026-08-28,4b95323d-fc5f-4ed7-905c-82a1490f5950,COMIC_COVER,3740,Adventure Into Fear,COMMON,1.69,0xa1b780a6c8f7b48df2e072fe27fbbf2563b5468c,0xb7a6069bccefd110041e7acb5dc2b43216076b20,,
04fa4a4e-6b01-429c-b07e-0b00dbe8acef,2026-08-28 16:36:23,2026-08-28,6ea5a70d-e7e0-4f08-8440-4645618a866b,COMIC_COVER,5070,The Diabolical Duck Avenger,UNCOMMON,2.64,0x40ee1a2354242e5706ab98908175078baf2ba108,0xb7a6069bccefd110041e7acb5dc2b43216076b20,,
5742ab14-6b14-4045-836e-65737e844a67,2026-08-28 16:36:11,2026-08-28,140656eb-42b0-4144-a68f-e77afcc07984,COMIC_COVER,937,Spider-Boy,RARE,7.98,0xae16400e6107df7171cf8767487ffebef0e59954,0x6ce16df2dda6e082b02d2dc390b3b3eb60c3b83b,,
9261b1e0-0d69-4ce2-8984-d62adba8bd15,2026-08-28 16:36:11,2026-08-28,80ee6531-7c1f-433d-975a-8399c6ef7723,COMIC_COVER,5906,Marvel Preview,COMMON,2.99,0xa1b780a6c8f7b48df2e072fe27fbbf2563b5468c,0xb7a6069bccefd110041e7acb5dc2b43216076b20,,
1e3d4109-704a-41ca-87d9-7034e9eab7b5,2026-08-28 16:35:56,2026-08-28,2cf4a28a-9d4a-40b0-8c22-cf1a80d5541e,COMIC_COVER,722,Beware the Witch's Shadow: Night Frights,UNCOMMON,7.98,0x5ceb957d7cfab7bd1a87dd3e1f300455826631dd,0xb7a6069bccefd110041e7acb5dc2b43216076b20,,
766ef829-bde8-40b5-9e21-d35493762468,2026-08-28 16:35:45,2026-08-28,2bbd8566-1a42-4737-9891-5cdbf12140a8,COMIC_COVER,868,Beware the Witch's Shadow,COMMON,7.98,0x5ceb957d7cfab7bd1a87dd3e1f300455826631dd,0xb7a6069bccefd110041e7acb5dc2b43216076b20,,
c160dbef-200c-4136-91b7-aac248df6908,2026-08-28 16:35:35,2026-08-28,0ec65e26-08ab-4da6-ad00-70ba69ae3e6f,COMIC_COVER,591,X-Men,UNCOMMON,3.00,0x0cea3b049375a3b5c96f73504d8cefc56a6c8888,0xb7a6069bccefd110041e7acb5dc2b43216076b20,,
218fcb1d-12c0-4103-baf4-b38bb9b8a53f,2026-08-28 16:35:16,2026-08-28,1a7b0d61-9a70-42cf-8ade-c8f67a0cb48a,COMIC_COVER,214,New Mutants,UNCOMMON,2.69,0x6ebc3302aea96d159cc826572486b6198c47d451,0xb7a6069bccefd110041e7acb5dc2b43216076b20,,
1a6ce18e-ff81-440e-88f2-9d06bbf82a58,2026-08-28 16:35:01,2026-08-28,2a5c18b2-4338-4ed6-8987-d64ba2e1a0b5,COMIC_COVER,467,"HANK HOWARD, PIZZA DETECTIVE: THE TWO HOLLYWOODS",UNCOMMON,2.80,0xee3d808e67da34a9d5d69f1df2a9af4b4c998528,0xb7a6069bccefd110041e7acb5dc2b43216076b20,,
7e0669e4-aebc-4152-be0a-ec05cba2fb26,2026-08-28 16:34:43,2026-08-28,42ba16a9-f603-49cf-bb45-2736e1ea7ce0,COMIC_COVER,1420,Dark Avengers,COMMON,1.99,0x9f4caaec6a2e9f8409b704f3ef16f0d51e827cdf,0xb7a6069bccefd110041e7acb5dc2b43216076b20,,
708365da-be5f-4a46-9e07-50bf22d74c29,2026-08-28 16:34:09,2026-08-28,bd00a602-fcaf-455b-bbe8-13dfadc598fe,COMIC_COVER,767,Daredevil,COMMON,2.90,0xc17413a468119daf012bc7a534716a8d5002120f,0x28e72985ee0f567a8363ba90887f9d80a3238ba9,,
a06bcc6f-a488-4670-a9b7-657caa353511,2026-08-28 16:34:03,2026-08-28,31c7db16-2591-48a3-bcfd-94e296fe5813,COMIC_COVER,851,Daredevil,UNCOMMON,1.66,0xd7b836470fe510048ed7c698f46ff3f0f5fd87c2,0x28e72985ee0f567a8363ba90887f9d80a3238ba9,,
5982cfb7-3c3f-4756-b277-db3e77d8f7e3,2026-08-28 16:33:57,2026-08-28,69c23267-611a-4085-bd49-efd83ad9f819,COMIC_COVER,343,Beware the Witch's Shadow: Winter Special,COMMON,7.98,0x5ceb957d7cfab7bd1a87dd3e1f300455826631dd,0xb7a6069bccefd110041e7acb5dc2b43216076b20,,
cd0f6c91-ab8e-4ceb-9b77-08cb89275937,2026-08-28 16:33:54,2026-08-28,bd00a602-fcaf-455b-bbe8-13dfadc598fe,COMIC_COVER,685,Daredevil,COMMON,2.90,0xc17413a468119daf012bc7a534716a8d5002120f,0x28e72985ee0f567a8363ba90887f9d80a3238ba9,,
4a5e5824-4aed-47c9-be6a-692a11c695eb,2026-08-28 16:33:45,2026-08-28,11a4b422-c772-423e-b27e-ea6d55d131ae,COMIC_COVER,796,Daredevil,ULTRA_RARE,8.50,0x2b2fc761916fdf1305366e216a5517e2835a146b,0x28e72985ee0f567a8363ba90887f9d80a3238ba9,,
50853c0f-73d6-4837-b550-84261ec85843,2026-08-28 16:33:38,2026-08-28,4b219653-6c3b-46c3-8e38-c0aa18517bd4,COMIC_COVER,449,Daredevil,RARE,3.60,0xc17413a468119daf012bc7a534716a8d5002120f,0x28e72985ee0f567a8363ba90887f9d80a3238ba9,,
ef244839-5d06-42a3-934c-635b36e7a672,2026-08-28 16:33:36,2026-08-28,f3938f15-32da-426e-acd6-f482f246f88f,COMIC_COVER,4202,Daredevil,COMMON,3.00,0xae16400e6107df7171cf8767487ffebef0e59954,0xb7a6069bccefd110041e7acb5dc2b43216076b20,,
7d16437e-d476-46c5-883e-c83d8826e999,2026-08-28 16:33:30,2026-08-28,233e90e4-6e45-4f54-804c-3f3318e789dc,COMIC_COVER,864,Daredevil,SECRET_RARE,59.00,0x7aeeeaa9b2dd1cc47a8e75e85c5923680e580bdd,0x28e72985ee0f567a8363ba90887f9d80a3238ba9,,
0416f455-8ce1-42e0-a741-0d8dd322e34f,2026-08-28 16:32:35,2026-08-28,28577fce-56ce-41fd-b682-bc4b2fe94b56,COMIC_COVER,9332,The Amazing Spider-Man,UNCOMMON,4.00,0xc1902b4a930c8d409af78ee6fae3b98cb98ab65a,0xb7a6069bccefd110041e7acb5dc2b43216076b20,,
bf037c51-7192-463d-a10d-b9f73ffa1c1a,2026-08-28 16:31:28,2026-08-28,e0ba4b7e-7eda-482a-af53-1adb16e5e87f,COMIC_COVER,944,The Amazing Spider-Man,COMMON,3.00,0x7e83c3cb90d4e7cde15a168206907306eeed77ad,0xb7a6069bccefd110041e7acb5dc2b43216076b20,,
abb1dc1d-de51-43a4-94f6-288c85883883,2026-08-28 16:31:05,2026-08-28,e7304969-5528-4518-bcc2-ed85cbc33290,COMIC_COVER,27706,Spider-Man,COMMON,2.88,0xec32b9d287b073e9c48ae8ba768718ba42286bec,0x98aa0b834467b6110a3722e70d9a579ac0188a08,,
2d9f900f-3f6e-44be-a5e0-c6f433ae78e2,2026-08-28 16:30:51,2026-08-28,e7304969-5528-4518-bcc2-ed85cbc33290,COMIC_COVER,22889,Spider-Man,COMMON,2.88,0x57c98ca29025d37b8ef07adaf9ec3a9c95e672fe,0x98aa0b834467b6110a3722e70d9a579ac0188a08,,
026cd48b-e1d6-4d78-8a1a-d2fcb061c428,2026-08-28 16:30:33,2026-08-28,808dd02c-bb9a-488b-8b62-dfedbc2771c9,COMIC_COVER,642,X-Men,UNCOMMON,3.00,0x0cea3b049375a3b5c96f73504d8cefc56a6c8888,0xb7a6069bccefd110041e7acb5dc2b43216076b20,,
ef7cfb90-c042-4de8-a253-9a4c6a29ad59,2026-08-28 16:30:23,2026-08-28,e7304969-5528-4518-bcc2-ed85cbc33290,COMIC_COVER,29866,Spider-Man,COMMON,2.88,0xec32b9d287b073e9c48ae8ba768718ba42286bec,0x98aa0b834467b6110a3722e70d9a579ac0188a08,,
7eb97d71-4bbc-4f91-bacc-1fe38773cc79,2026-08-28 16:30:14,2026-08-28,1756c9cc-38d8-4c9b-bd4f-498d79f2bb90,COMIC_COVER,594,Spider-Gwen: Smash,COMMON,3.99,0xa12be857785ff0d4f046f83b3abab90edbb32aff,0xb7a6069bccefd110041e7acb5dc2b43216076b20,,
f21d332a-cfce-4605-9219-8ff8c6698f34,2026-08-28 16:29:55,2026-08-28,593808ba-8c2f-4e0c-b138-29de95166fba,COMIC_COVER,6409,W.H.A.D.A.L.O.T.T.A.J.A.R.G.O.N.,COMMON,1.99,0xab5066b45f3b731f4b0069e67ea886d1dad865b1,0xb7a6069bccefd110041e7acb5dc2b43216076b20,,
5bcf6eba-4ddd-45bc-b481-02c97e87f95b,2026-08-28 16:29:24,2026-08-28,0864bd0f-fac3-455a-ad99-d22652837cbd,COMIC_COVER,3355,Tales to Astonish,COMMON,3.40,0x7e83c3cb90d4e7cde15a168206907306eeed77ad,0xb7a6069bccefd110041e7acb5dc2b43216076b20,,
b7874f17-2990-42f9-b980-f8121d3bfa95,2026-08-28 16:28:38,2026-08-28,282e8440-3e8c-4348-b6c3-af65f6dcb036,COMIC_COVER,4365,Deadpool,UNCOMMON,3.49,0xc338fe1210cafb6b5019e1e532ae295e6da9e9c7,0xb7a6069bccefd110041e7acb5dc2b43216076b20,,
bd53feb2-6b63-4e2b-a29c-ba5bae165407,2026-08-28 16:28:14,2026-08-28,2e3e8f1b-d1c8-45e5-9d12-9acd75212e8a,COMIC_COVER,1042,The Incredible Hulk,COMMON,3.00,0xa12be857785ff0d4f046f83b3abab90edbb32aff,0xb7a6069bccefd110041e7acb5dc2b43216076b20,,
26c02b92-a5a6-4e8f-a5b1-e61db6dd484a,2026-08-28 16:27:55,2026-08-28,c2c70b18-6a95-4b16-a8c9-e678aaa04c69,COMIC_COVER,1301,Nova,UNCOMMON,2.75,0x69b7efb8bcd9b29a46f668eace744f60cd440f01,0xb7a6069bccefd110041e7acb5dc2b43216076b20,,
f189f4b7-de0e-4c3d-9279-82d055b274eb,2026-08-28 16:27:55,2026-08-28,3ecd1c9c-dd05-4e9e-80b9-7b8574a095bb,COLLECTIBLE_TYPE,773,Mickey & Friends Logo,UNCOMMON,7.50,0xbf0e7fe9a88a9cbfdb99d0a633a5404314053a68,0xe141506efc7445961fbfedbc7bf0a074964d3fa5,,
5ce7d25e-c56f-4ecd-95dd-5c0712c2ede0,2026-08-28 16:27:41,2026-08-28,13ef0ca6-6298-4480-adc8-037bf2221e46,COMIC_COVER,4151,Marvel Zombies,COMMON,1.99,0x56d4a4f9253064dde9ca146c79796cd217b17231,0xb7a6069bccefd110041e7acb5dc2b43216076b20,,
b600e606-3422-4ec4-82d3-aaf0965b16ac,2026-08-28 16:27:25,2026-08-28,4875f453-2c97-456c-bd99-2d7005530e2a,COMIC_COVER,2812,The Amazing Spider-Man,COMMON,2.50,0x290f31fcffd92421cb6922e9e5376149f03a1210,0xb7a6069bccefd110041e7acb5dc2b43216076b20,,
857734e5-274e-4814-a8f0-e24b6542b795,2026-08-28 16:26:59,2026-08-28,9ecc4f31-94a5-4dcb-b23f-58a6b0da3fc3,COMIC_COVER,9087,The Last of the Clan McDuck,UNCOMMON,5.00,0xc1902b4a930c8d409af78ee6fae3b98cb98ab65a,0xb7a6069bccefd110041e7acb5dc2b43216076b20,,
f128e9ee-4fea-42ad-9a84-d1e10ddf8fbc,2026-08-28 16:26:44,2026-08-28,dd356d9f-a7b8-4f4b-9413-334f75b8134d,COMIC_COVER,1797,Edge of Spider-Verse,COMMON,1.99,0x9f4caaec6a2e9f8409b704f3ef16f0d51e827cdf,0xb7a6069bccefd110041e7acb5dc2b43216076b20,,
79fd920d-b605-4b8b-909d-9920ec5d71e2,2026-08-28 16:26:20,2026-08-28,70268693-3fba-42c9-b3df-fb6c62d8aa62,COMIC_COVER,8787,The Amazing Spider-Man,COMMON,2.69,0xc6a816c6cc4dafd17448c67ad9d45b139ca0aba3,0xb7a6069bccefd110041e7acb5dc2b43216076b20,,
49773277-6191-44b5-900f-160523244aa4,2026-08-28 16:25:57,2026-08-28,d930adc1-31a6-4a5a-a92c-05cf08615424,COMIC_COVER,28303,Fantastic Four,UNCOMMON,4.00,0x9c52e9e4e2c0f507fde1acd85e486f25223c1298,0xb7a6069bccefd110041e7acb5dc2b43216076b20,,
8e1a1068-aae2-4cca-af38-26297a0302f7,2026-08-28 16:25:39,2026-08-28,6cf69e97-4788-452b-9d9b-9aa1ce60fee5,COMIC_COVER,235,Spider-Man/Hulk: Fire And Brimstone,UNCOMMON,3.50,0x88e8fe8c552a59be0a9c21b74a41fd5fbcbf2dee,0xb7a6069bccefd110041e7acb5dc2b43216076b20,Aroostic,
46212111-4625-4746-b662-34098f1ce507,2026-08-28 16:25:12,2026-08-28,a6bf0034-23a4-47f8-a20b-90016dfa75d3,COMIC_COVER,1218,The X-Men,COMMON,1.99,0x722ce84d6d0527e0ee433a461a1209e624308e19,0xb7a6069bccefd110041e7acb5dc2b43216076b20,jici,
6e09cb26-c485-4621-93d7-6c33e988c54b,2026-08-28 16:24:51,2026-08-28,f27d213c-e228-4cc5-ba59-f6e9d6971d45,COMIC_COVER,18859,Marvel Spotlight,UNCOMMON,2.69,0x93365222c1bbe3b5853c0ca6234f130899bc2760,0xb7a6069bccefd110041e7acb5dc2b43216076b20,,
91f33c24-cdea-4dca-8f2c-1b493672e4c1,2026-08-28 16:24:26,2026-08-28,73d51340-9820-467a-b17a-efd4e928e7ff,COMIC_COVER,1213,Nova,UNCOMMON,3.00,0x88e8fe8c552a59be0a9c21b74a41fd5fbcbf2dee,0xb7a6069bccefd110041e7acb5dc2b43216076b20,Aroostic,
5efc1900-287a-4b51-9d04-884842580cd8,2026-08-28 16:24:07,2026-08-28,85de770e-bdeb-4beb-b002-fcefcd384054,COMIC_COVER,11462,Hero for Hire,COMMON,2.88,0xa51b6395015da50e5d249ac20d26e5dda68e5af8,0xb7a6069bccefd110041e7acb5dc2b43216076b20,Namecoast,
f1a61d74-e239-4c52-bc5c-872f245a8e9c,2026-08-28 16:23:53,2026-08-28,a0a401e5-86ce-4522-80f5-f342bb554582,COLLECTIBLE_TYPE,3450,Peter Quill,COMMON,4.00,0x045ab1b962e5c37d8ade5920eba35d09c825bdea,0x1414dc57ef8d6073f4d1bb61ff8e59fc7a2ab09a,,
91fa57ca-78ce-4e2b-9e39-af71ba249e12,2026-08-28 16:23:32,2026-08-28,7907c2f8-9b52-4c80-b8a8-b98d8e393718,COMIC_COVER,841,Iron Man,COMMON,3.00,0x017e8f00b5ef9be094aa80e70252acfd74d2c6dc,0xb7a6069bccefd110041e7acb5dc2b43216076b20,,
f4ef03c6-cd90-4d49-a8d3-f981d0750b9f,2026-08-28 16:21:54,2026-08-28,3ff1b563-a2ee-44ef-b4cd-a934ff579fde,COMIC_COVER,893,The Avengers,COMMON,3.00,0xab5066b45f3b731f4b0069e67ea886d1dad865b1,0xb7a6069bccefd110041e7acb5dc2b43216076b20,,
b9e22fa9-323a-4e31-826d-539930b945a4,2026-08-28 16:21:21,2026-08-28,a010b07b-356c-4601-be41-eeb5f463a616,COMIC_COVER,180,Contest of Creatures,UNCOMMON,4.87,0x80caa9d6ec74e2edc0052f0b479a4184adcde209,0xb7a6069bccefd110041e7acb5dc2b43216076b20,,
ae81e0ed-cbe9-4b58-9a44-556fb9e8f782,2026-08-28 16:18:55,2026-08-28,a67a94d7-5e87-4db5-9889-a4fa8ba0f515,COMIC_COVER,398,Avengers vs X-Men,COMMON,3.50,0x61c9c27ba16cc392897cd6a8b3b813ca22d51ff7,0xb04f582df0cf05164b33d3bd1359d17ba964b7fa,,
01cf141f-6a24-4d54-a6d5-64d4e16f62f5,2026-08-28 16:14:54,2026-08-28,6715a35c-4934-4f78-bb51-2e7ba80030df,COMIC_COVER,6360,Amazing Fantasy,RARE,4.40,0x904bf3b41999405bcc01d5950b3e16d8d306e1a0,0x98aa0b834467b6110a3722e70d9a579ac0188a08,GypsyDawg,
c9aaecfb-df14-41b7-a50c-64bedd532bc5,2026-08-28 16:14:04,2026-08-28,f20c389b-20e3-4327-b751-761cc64c04e0,COMIC_COVER,4032,Amazing Fantasy,COMMON,3.45,0x7e83c3cb90d4e7cde15a168206907306eeed77ad,0x98aa0b834467b6110a3722e70d9a579ac0188a08,,
a4c7aacf-a334-45f5-b249-d0115aab37cb,2026-08-28 16:11:27,2026-08-28,6715a35c-4934-4f78-bb51-2e7ba80030df,COMIC_COVER,3317,Amazing Fantasy,RARE,4.40,0x93365222c1bbe3b5853c0ca6234f130899bc2760,0x98aa0b834467b6110a3722e70d9a579ac0188a08,,
8f8b48ca-2b9b-485e-9623-532b82239a98,2026-08-28 16:09:34,2026-08-28,05df9412-ca87-4492-8454-81f73a88c171,COLLECTIBLE_TYPE,509,MOTOMICHI - Eyes,SECRET_RARE,13.00,0xdaa947bd821d2b3d8cf184554ece696291947bfe,0x46da3b0fa2a144c2cd8489ad988ee4027449468a,,
d522d53c-7ad2-4f27-ab30-53d8be26f1d8,2026-08-28 16:09:25,2026-08-28,9f428e38-ab8d-446b-8037-f58c1a4af078,COLLECTIBLE_TYPE,5555,The London Police x SUYE Utility Coin,SECRET_RARE,30.00,0x4b0c67b4b9f611394f748944f672a328dcf1ab84,0xa5cbf876c1e82b100cb1761de4f240f84eff1bf1,,
51eae32f-ef2d-44e1-a10e-f63b84300a78,2026-08-28 16:07:41,2026-08-28,027a939e-deb3-4c67-bed8-ee9ad6abac49,COMIC_COVER,554,The Amazing Spider-Man,RARE,35.00,0x6ce16df2dda6e082b02d2dc390b3b3eb60c3b83b,0x54149535b8891f7f9052559e21cf313df59edcd9,,
173a6cb3-8c15-45f1-b3e1-94778a6ade15,2026-08-28 16:06:56,2026-08-28,3035942c-117c-404f-9098-5df698f59272,COLLECTIBLE_TYPE,2043,The Lion King Pencil,SECRET_RARE,14.75,0x302746f315498b1575ce009d6fd2a3604ba09790,0x17b853cd6831b4214e631ed6334e704e075952b6,,
4a4577e7-0d3a-489c-825b-d1169c4e9523,2026-08-28 16:06:13,2026-08-28,18333b39-f2b2-4903-a19f-c68b4bea144a,COMIC_COVER,761,Miles Morales: Spider-Man,UNCOMMON,2.50,0x88e8fe8c552a59be0a9c21b74a41fd5fbcbf2dee,0xb245d3fd702c81f06d1adedac81ceb57177a4094,Aroostic,
3cd16c4c-3d4d-4fa3-b3bc-9e047b9f1c8c,2026-08-28 16:04:07,2026-08-28,1dcf912b-d461-4b6d-8a95-b69d738372fe,COMIC_COVER,633,Amazing Fantasy,UNCOMMON,3.99,0xf7fb1f9f8a99ad762d036b21b0c1c0f8283441bb,0xf766f95fa592646f068a1821e5b6496efaf1a3bf,,
30b21e03-6989-404f-82f6-e27a906ef99b,2026-08-28 16:03:05,2026-08-28,98370f9b-b3fe-4261-a4c1-4fdfed88e97b,COLLECTIBLE_TYPE,3873,Experiment 626,UNCOMMON,8.00,0x3e03d27a1bdea71002280b8677cb3bc7b3618413,0x0035d1c715ab7283b0df1c32fbdc04d7e6c6212e,,
a2b5b148-f977-480b-80be-7daab079f3ff,2026-08-28 16:02:08,2026-08-28,0deb4d99-746c-463e-80f9-43c724334c8f,COLLECTIBLE_TYPE,3799,Smorkin' Labbit - Choice Cuts,COMMON,9.00,0x9512de70ee7922d50cf16755c5b1e775fa6b4aaf,0x7aeeeaa9b2dd1cc47a8e75e85c5923680e580bdd,,
1a32306b-c272-4050-9c6b-792c59b5958a,2026-08-28 16:02:04,2026-08-28,0deb4d99-746c-463e-80f9-43c724334c8f,COLLECTIBLE_TYPE,3376,Smorkin' Labbit - Choice Cuts,COMMON,9.00,0xf06aa58f0b31f57ded6de9dbe3154a124a16dd03,0x7aeeeaa9b2dd1cc47a8e75e85c5923680e580bdd,,
ad61ee35-45b7-476f-bd85-b80a40e1634d,2026-08-28 16:00:30,2026-08-28,498538cb-af6d-4f5c-9add-4e9043ef8d9e,COMIC_COVER,768,Secret Wars II,COMMON,4.00,0xc17413a468119daf012bc7a534716a8d5002120f,0x0a456626fff95687ef3aa6020be8dfa5484a3447,,
48e9cae2-3e25-413f-9567-a98edc0a4855,2026-08-28 15:59:50,2026-08-28,6a42790c-8c28-43a3-8f73-6e17f3d50eb0,COLLECTIBLE_TYPE,5335,Crimson Stormtrooper,COMMON,2.50,0x86653ec0c991dacbe69c1794c90e6c7d220bacab,0xf766f95fa592646f068a1821e5b6496efaf1a3bf,,
6f497a68-69eb-4381-8e1d-c85431a38852,2026-08-28 15:53:23,2026-08-28,8a385f75-c3c9-4115-a145-c40f62640f05,COMIC_COVER,5825,X-Factor,RARE,6.00,0xdf362c0ae03720bb11924c2ea13ceac44282d309,0x11e4731a41f20e328d69d714b7d2a5fc5ebdef8a,,
296b2d23-7516-41eb-b164-41d217ddfad7,2026-08-28 15:45:31,2026-08-28,aae6ca8f-ecdb-47e6-9ce9-d6ae87c82507,COLLECTIBLE_TYPE,309,#86 - Becky Cloonan Batman,RARE,105.99,0x229d5a5db58654d41dc8276bcac2975aaa45e1ea,0x91e01572a3a55fd1ae0ab06269e1e980dfff1464,,
c3bf91eb-3bea-49c6-9ad6-eb521a5f6639,2026-08-28 15:45:10,2026-08-28,d2e37459-8d59-48de-b9cd-58fe3932dce6,COMIC_COVER,977,The Amazing Spider-Man: Torn,COMMON,5.02,0x23894e9606d25aafee326b49bfb99818620ded83,0x98aa0b834467b6110a3722e70d9a579ac0188a08,,
be55ea55-b3c6-4f80-ade2-55e979c09c12,2026-08-28 15:42:01,2026-08-28,9a3bdb3b-15f0-4677-ae50-99c2ea7f58f5,COMIC_COVER,2709,The Amazing Spider-Man,COMMON,3.80,0xe1db8c9c0f2723652b71861bf0ac86ebc5fb7090,0x98aa0b834467b6110a3722e70d9a579ac0188a08,,
cee896e2-c854-4436-84f7-43bed76a4864,2026-08-28 15:40:41,2026-08-28,304b18c4-2f12-4578-bf1b-aaedd3a92475,COMIC_COVER,7128,The Amazing Spider-Man,UNCOMMON,4.40,0x61baee0891437723b0f85395fd4f17992e77c77b,0x98aa0b834467b6110a3722e70d9a579ac0188a08,,
3beaed8c-132c-4d5d-9a7b-e29092b717c3,2026-08-28 15:40:07,2026-08-28,304b18c4-2f12-4578-bf1b-aaedd3a92475,COMIC_COVER,9009,The Amazing Spider-Man,UNCOMMON,4.40,0xb245d3fd702c81f06d1adedac81ceb57177a4094,0x98aa0b834467b6110a3722e70d9a579ac0188a08,,
f42b539a-3241-45e9-8bc3-975aeff2a7f3,2026-08-28 15:38:13,2026-08-28,b93f80c9-b976-495b-9627-ec492b869ded,COMIC_COVER,2155,The Amazing Spider-Man,RARE,19.00,0xe4ae5c289f99678ee4476d08da2a0efe6c6b8107,0x98aa0b834467b6110a3722e70d9a579ac0188a08,ntown514,
18f2f82e-9a89-44f7-86e2-3f4df4cbc35c,2026-08-28 15:35:52,2026-08-28,fc4f0217-0126-4c83-a7ea-b8f0b672a228,COMIC_COVER,7622,Marvel Zombies,ULTRA_RARE,16.10,0x9f4caaec6a2e9f8409b704f3ef16f0d51e827cdf,0xf261030b8d23d33eaec9dedc89353cc2f218369d,,
af7bafce-d241-4eaf-a584-07939c43a016,2026-08-28 15:35:40,2026-08-28,31c7db16-2591-48a3-bcfd-94e296fe5813,COMIC_COVER,414,Daredevil,UNCOMMON,1.66,0x0e95796eb2a89ac4aad96b868a4945f78e6fac6d,0xb245d3fd702c81f06d1adedac81ceb57177a4094,,
c603dda6-b281-4f72-8a32-cd0e4a0efee9,2026-08-28 15:34:20,2026-08-28,11a4b422-c772-423e-b27e-ea6d55d131ae,COMIC_COVER,553,Daredevil,ULTRA_RARE,8.50,0x3b44ebc2f886f28a6de1ad7713b9ca9be7bb8324,0xb245d3fd702c81f06d1adedac81ceb57177a4094,SunChardBV,
865b30ef-4a7d-49b1-978c-c1106f1e89c0,2026-08-28 15:32:51,2026-08-28,4297f0a5-1ede-43a7-9aca-36ee0dad1ca5,COMIC_COVER,588,The Amazing Spider-Man,RARE,10.98,0x23894e9606d25aafee326b49bfb99818620ded83,0x98aa0b834467b6110a3722e70d9a579ac0188a08,,
a3b1cd5e-512f-4784-9d12-09e528a1dbbb,2026-08-28 15:29:37,2026-08-28,be91bc39-0639-4a00-93c7-11b5d864459f,COMIC_COVER,3213,The Amazing Spider-Man,RARE,6.99,0xa02f3f9e8351ed9e9b150e9c44975458f78ce106,0x98aa0b834467b6110a3722e70d9a579ac0188a08,,
7f2ace5c-1f17-43b1-a2c7-c9470210732d,2026-08-28 15:28:32,2026-08-28,43ec4c79-8d53-45f1-b6f6-39e5dbc06698,COMIC_COVER,767,The Amazing Spider-Man,COMMON,5.30,0x5b50ea6ab4dc779765fd207ee27677d7ba8f5326,0x98aa0b834467b6110a3722e70d9a579ac0188a08,Top10Mint,
d3d818ab-b4a7-4e89-9a2e-7368827f67cb,2026-08-28 15:28:19,2026-08-28,b6f23b6f-150b-41b1-80a0-2229fa578742,COMIC_COVER,3709,The Amazing Spider-Man,UNCOMMON,6.99,0x9f4caaec6a2e9f8409b704f3ef16f0d51e827cdf,0x98aa0b834467b6110a3722e70d9a579ac0188a08,,
2a892400-6c32-4cef-9e24-81be2a28a6cd,2026-08-28 15:27:51,2026-08-28,b6f23b6f-150b-41b1-80a0-2229fa578742,COMIC_COVER,2683,The Amazing Spider-Man,UNCOMMON,6.99,0x9f4caaec6a2e9f8409b704f3ef16f0d51e827cdf,0x98aa0b834467b6110a3722e70d9a579ac0188a08,,
e13fd8ff-dfda-48e7-8f85-bf4cff9dbf82,2026-08-28 15:27:38,2026-08-28,b6f23b6f-150b-41b1-80a0-2229fa578742,COMIC_COVER,2501,The Amazing Spider-Man,UNCOMMON,6.99,0x6ebc3302aea96d159cc826572486b6198c47d451,0x98aa0b834467b6110a3722e70d9a579ac0188a08,,
f3b1e56a-e77e-4336-9dcc-adb16e068461,2026-08-28 15:27:26,2026-08-28,b6f23b6f-150b-41b1-80a0-2229fa578742,COMIC_COVER,3058,The Amazing Spider-Man,UNCOMMON,6.99,0x6ebc3302aea96d159cc826572486b6198c47d451,0x98aa0b834467b6110a3722e70d9a579ac0188a08,,
0c54013f-a011-4c4e-a4e5-7a1fff1fda6c,2026-08-28 15:25:05,2026-08-28,af6e41cb-01e5-4d3c-a962-21f61228458b,COMIC_COVER,6674,The Amazing Spider-Man,COMMON,5.99,0xe0035e15508e76870facb51d2ee158c6ceef4b56,0x98aa0b834467b6110a3722e70d9a579ac0188a08,,
12449d32-bfc7-4f51-835d-f9fb38e55981,2026-08-28 15:23:56,2026-08-28,24f17ae6-5604-4ba9-a046-484f19d463cf,COMIC_COVER,2225,The Amazing Spider-Man,RARE,4.00,0xdafbc5ea5117b7c00d209b0a8783c56f5a3abe49,0x98aa0b834467b6110a3722e70d9a579ac0188a08,thesnackman,
2001bab1-ef0e-44a1-8901-6aa779db0b9b,2026-08-28 15:21:12,2026-08-28,39e873a8-37f3-4ef8-9247-b2b257f7dcbf,COLLECTIBLE_TYPE,826,Team Avatar: SDCC 2026,SECRET_RARE,222.00,0xc6730f46c02113ceb47ebd590544b9f7eba39f00,0x18c0681f2f78e740f9ca204c84cf295187623fc3,,
a3534f0a-667d-4bdb-a929-8bd33fee0b6d,2026-08-28 15:15:34,2026-08-28,ff04f9e2-3b04-478d-b5c4-b36591c929b6,COMIC_COVER,1137,Captain America,UNCOMMON,14.00,0xb245d3fd702c81f06d1adedac81ceb57177a4094,0xfce2e61af4187c992739066301545b395b2c3e8e,,
204211e9-849d-44cc-855f-011aed9ef1dd,2026-08-28 15:12:50,2026-08-28,f91fbba9-e5f3-4d7d-93b4-91efacbc0b27,COLLECTIBLE_TYPE,1339,Spider-Man 2099 - Genetic Awakening,COMMON,10.66,0x03ed6edf3c054d470dce1c3a6112b71fe046d743,0xfbcb2b0adbca658750886a5894a229bd7c4c093e,,
16e05f8d-d435-4437-8dc5-7d2c66797429,2026-08-28 15:11:57,2026-08-28,3c2149c7-0415-47f9-b5e8-c6f6d473951a,COLLECTIBLE_TYPE,1448,The Rise of Ultraman #1 - Skottie Young ,UNCOMMON,29.99,0x229d5a5db58654d41dc8276bcac2975aaa45e1ea,0x070e5bf365e1383a0ddd022229a5e1470c483e90,,
1c67fb4b-40fb-42f9-9f1d-4fe9e2774b6e,2026-08-28 15:11:45,2026-08-28,3c2149c7-0415-47f9-b5e8-c6f6d473951a,COLLECTIBLE_TYPE,4963,The Rise of Ultraman #1 - Skottie Young ,UNCOMMON,29.99,0xafaecfe2f9b98db45a0f1088d317c75190168164,0x070e5bf365e1383a0ddd022229a5e1470c483e90,,
64d9b2a6-1e1c-4cc1-986f-186413948d20,2026-08-28 14:59:31,2026-08-28,b5fbafef-f911-4a70-95d4-471fba080ecd,COMIC_COVER,907,Saga of the Sub-Mariner,UNCOMMON,1.70,0xf4f41a4fee1bed0734ce862a1223156be15d084b,0x2d2933beb21a100977804604194e2956983eb82c,,
774c1985-a73f-43a6-93f2-04f8f588114f,2026-08-28 14:59:18,2026-08-28,34c6e3ce-62b5-48df-9505-3d88abc63296,COMIC_COVER,699,Spider-Man Swing Shift Director's Cut,COMMON,2.35,0xe71786ed4c9c817b759fcb915196dd7f7d8516d8,0x0c84cafe42e61656845ce5cb01cdd7e6e7f1b342,,
777d2d61-93dd-4460-aef3-2d7aa4e4d629,2026-08-28 14:48:25,2026-08-28,1817717b-a984-46e9-8d6b-c1ca779a6535,COMIC_COVER,18241,Marauders,UNCOMMON,2.25,0xc38ba2d4f887c7b5bb84bf0ea297ad0b75398887,0x56d4a4f9253064dde9ca146c79796cd217b17231,,
b4587691-678f-45e6-a696-1f070f7ed158,2026-08-28 14:46:08,2026-08-28,31c7db16-2591-48a3-bcfd-94e296fe5813,COMIC_COVER,242,Daredevil,UNCOMMON,1.66,0x6a0ef2e2860fe2faed9ea7454f3bb9011993f71c,0x61baee0891437723b0f85395fd4f17992e77c77b,,
db20d422-90c7-49b1-9301-175b54fcb724,2026-08-28 14:45:18,2026-08-28,3cd38803-98a6-4b5c-85fa-a8a3353c0b7f,COLLECTIBLE_TYPE,666,Single 1/2d 'Mount Cook' gummed stamp,COMMON,1.74,0x47ad9f0d3b51d31135bdae1ef30d6709cf4c89b3,0x229d5a5db58654d41dc8276bcac2975aaa45e1ea,BigOz,
18844cc3-10dc-4c56-a6da-f018e9be84cf,2026-08-28 14:45:06,2026-08-28,b5fbafef-f911-4a70-95d4-471fba080ecd,COMIC_COVER,721,Saga of the Sub-Mariner,UNCOMMON,1.70,0x05948670ef9aa86745d66fa84a8f4ea8c6c160e4,0x61baee0891437723b0f85395fd4f17992e77c77b,,
5ffd49bd-1a0b-425b-8e70-6271967f3a7e,2026-08-28 14:44:55,2026-08-28,aca3eac8-fea3-4f1f-af6e-38b1854f2c65,COLLECTIBLE_TYPE,1666,Single 2d 'Pembroke Peak' gummed stamp,UNCOMMON,2.52,0x47ad9f0d3b51d31135bdae1ef30d6709cf4c89b3,0x229d5a5db58654d41dc8276bcac2975aaa45e1ea,BigOz,
72d23d8d-04f5-4211-8a23-9588c6d0b784,2026-08-28 14:44:26,2026-08-28,acc96b30-b800-4537-b5ca-56586fc091ef,COLLECTIBLE_TYPE,333,Single 9d 'Pink Terraces' gummed stamp,ULTRA_RARE,9.88,0x47ad9f0d3b51d31135bdae1ef30d6709cf4c89b3,0x229d5a5db58654d41dc8276bcac2975aaa45e1ea,BigOz,
e37c6d4d-3779-452b-b342-01d0a52ca9c0,2026-08-28 14:43:32,2026-08-28,5cd5b20e-02da-4be2-8060-b7d03b2383d5,COLLECTIBLE_TYPE,865,#01 Eduardo Risso Batman,ULTRA_RARE,1290.00,0xbc1db3ca7bee18775bb402155a64ae6482485519,0x38f8f9a7d88f74f86c87ffe0a1e43c5ea77bef64,,
7064cf07-ba82-4d64-b1d8-280af8e2795a,2026-08-28 14:42:58,2026-08-28,36870fc2-0fa9-47f8-937c-b56eb1288ad2,COLLECTIBLE_TYPE,898,Single 5s 'Mount Cook' gummed stamp,UNCOMMON,4.99,0x47ad9f0d3b51d31135bdae1ef30d6709cf4c89b3,0x1ee9920e6efdcbc57d48e669b87a6e822fc7d828,BigOz,Lamouche
de1ebc1f-932d-47ab-99c5-ac2879fcae12,2026-08-28 14:30:44,2026-08-28,14ecd7a0-032e-46c1-b12e-9aff63f5a871,COMIC_COVER,4238,All-New Marvel NOW! Point One,COMMON,1.09,0xa1b780a6c8f7b48df2e072fe27fbbf2563b5468c,0xde2b194cd5dae3f3f553b1759dda5d37d2dcbd32,,
60caf767-1e48-4364-854a-c07dde57bc38,2026-08-28 14:28:26,2026-08-28,72fb80f0-9a51-422d-97c0-d09d84de0738,COLLECTIBLE_TYPE,1247,Wonder Woman,COMMON,14.90,0xaa8d060555697549431218fb06b04037b7162343,0x91e01572a3a55fd1ae0ab06269e1e980dfff1464,,
4f19151a-87b5-463d-9423-6ab4d9e9881d,2026-08-28 14:12:49,2026-08-28,01bd4803-ce5d-45ed-9cfa-1d225aa8450a,COMIC_COVER,451,Saga of the Sub-Mariner,COMMON,1.70,0xaa8d060555697549431218fb06b04037b7162343,0xf08844df951e711d4a0dbd8f14e0664edfb606e7,,
c0c0989b-76b2-4de1-a437-f2538f28094f,2026-08-28 14:07:54,2026-08-28,87f6a7f3-98fc-4c51-bddd-6946a509f760,COLLECTIBLE_TYPE,5733,Too Much Magic!,UNCOMMON,10.47,0x2a9a84774277beb541056e3b43346149783fb818,0x46df8b5589e6193a42c2c09cf8fa0f08283300a6,,
8d2d6c8f-20f8-40a0-8299-312033eb33ef,2026-08-28 14:04:42,2026-08-28,f91fbba9-e5f3-4d7d-93b4-91efacbc0b27,COLLECTIBLE_TYPE,1437,Spider-Man 2099 - Genetic Awakening,COMMON,10.66,0x2a9a84774277beb541056e3b43346149783fb818,0x46df8b5589e6193a42c2c09cf8fa0f08283300a6,,
0a77f6fc-b889-4bc6-b686-d773667d73ca,2026-08-28 13:58:33,2026-08-28,83e94f86-f495-4002-a3b1-1123fda8864e,COLLECTIBLE_TYPE,681,Sleeping Beauty Castle,SECRET_RARE,140.00,0x908bc25ea47a5ab1282d7bd119015d091683c3e9,0x80f3bde052cdbb0170691b132f51acbc6efc84a9,,
23588f16-76c9-447b-9521-195d1eac25f3,2026-08-28 13:44:48,2026-08-28,af36d0b7-21fc-404d-a6ea-6b5676c9ba30,COLLECTIBLE_TYPE,98,Hoodie,SECRET_RARE,22.00,0x302746f315498b1575ce009d6fd2a3604ba09790,0xf952702f413b5b390fa2dd8f159fe4fad70be61b,,
f28e1439-fbdf-4ffc-98c2-9a9cc66e926f,2026-08-28 13:44:08,2026-08-28,9a2a1d51-a41d-4fec-a065-05761abc8532,COMIC_COVER,557,The Amazing Spider-Man,SECRET_RARE,70.00,0xe82874c6508bfe5eff50ad6ca7d0ed580463b0e7,0x4e79c4a08182b5be8d238c80ab7e33c2cbe1de77,,
9a54ce99-96e3-43be-b250-48afc971a6dd,2026-08-28 13:44:03,2026-08-28,983c4be0-5acb-468d-b834-3e2869618011,COLLECTIBLE_TYPE,116,Super,SECRET_RARE,17.99,0x5471550db37955c577375db7717dbdb1507da212,0xf952702f413b5b390fa2dd8f159fe4fad70be61b,,
a23d4588-7fcb-41fb-a60d-a744708ac127,2026-08-28 13:38:51,2026-08-28,49b11edf-a3c4-4eea-b4d3-3e8c445162ad,COMIC_COVER,749,Spider-Man 2099,COMMON,3.00,0x71c72a3dd6e632d0aff4732832164acedc7edaa4,0xb7a6069bccefd110041e7acb5dc2b43216076b20,,
3ae66704-1b36-4a73-99f2-cb2abccc199d,2026-08-28 13:38:29,2026-08-28,9ae18e7f-e08c-417f-90a9-8225fee3e569,COMIC_COVER,1062,CUL-DE-SAC,UNCOMMON,2.85,0x4fee54f42b8afb4ace7e446289df884a7d10c15c,0xb7a6069bccefd110041e7acb5dc2b43216076b20,,
76685db2-bb83-4fb7-8201-a576095f2f71,2026-08-28 13:38:13,2026-08-28,5e08a050-5255-4021-9438-7f8dcef23d65,COMIC_COVER,834,Avengers vs X-Men,ULTRA_RARE,6.99,0x9f4caaec6a2e9f8409b704f3ef16f0d51e827cdf,0x759a7a14cc0ef803679fe49cb9fc65c33a5441dc,,
4dbb8b98-9b6f-4253-b7cd-1b4469071c46,2026-08-28 13:37:58,2026-08-28,2144f0b2-3de5-43fa-b4d2-ee6b7fcad510,COMIC_COVER,847,Wolverine: Revenge,COMMON,9.00,0x88e8fe8c552a59be0a9c21b74a41fd5fbcbf2dee,0xb7a6069bccefd110041e7acb5dc2b43216076b20,Aroostic,
caa0f694-c038-4b6b-905c-0f5f17df5154,2026-08-28 13:37:30,2026-08-28,a06c75b2-7398-4599-91b6-d6692196c952,COMIC_COVER,216,Wolverine,COMMON,2.50,0xa27826d1da4fdf2e36acf424bc0d833dfad84256,0xb7a6069bccefd110041e7acb5dc2b43216076b20,,
3c4fc9d3-a1b8-48c0-9146-1ec1cddc9e85,2026-08-28 13:37:12,2026-08-28,34e513c6-c1dc-44c3-9896-fc80fe7d9e78,COMIC_COVER,883,Fantastic Four/Gargoyles,COMMON,9.00,0xf7ebc4b578fbb7901f555294e6febc983c8bce6c,0xb7a6069bccefd110041e7acb5dc2b43216076b20,,
f950154a-ecf5-4de9-900b-07f4547d4ff4,2026-08-28 13:36:05,2026-08-28,ef766f15-c366-4afc-a14f-16b4b844880d,COMIC_COVER,5497,Ghost Rider,COMMON,4.50,0x93e19fb8a39f5c2d34f7565f192c3f21eeb3f799,0xb7a6069bccefd110041e7acb5dc2b43216076b20,,
732e9261-c446-47f2-8e74-b048ab8a0c29,2026-08-28 13:35:36,2026-08-28,56db08b0-51ac-4aab-9cc5-ba3c0127af80,COMIC_COVER,566,Evermind,COMMON,6.99,0x11e4731a41f20e328d69d714b7d2a5fc5ebdef8a,0xb7a6069bccefd110041e7acb5dc2b43216076b20,,
65d09bc0-fb8c-40df-bd22-ce976e4c4f76,2026-08-28 13:34:32,2026-08-28,45a9e4ae-492c-4650-b309-ff65c0246a13,COMIC_COVER,351,Spider-Man Swing Shift Director's Cut,RARE,3.80,0x23894e9606d25aafee326b49bfb99818620ded83,0x41d3cda8f7c49e1e32e0afc3b691ce07aa0ca522,,
5549fe16-1610-478d-b74e-1ae2ae090604,2026-08-28 13:32:50,2026-08-28,bc961870-a3c9-40bc-a35d-46e4a5353c2c,COLLECTIBLE_TYPE,953,Pirates of the Caribbean,SECRET_RARE,25.00,0xa51b6395015da50e5d249ac20d26e5dda68e5af8,0x80f3bde052cdbb0170691b132f51acbc6efc84a9,Namecoast,
98c4f1ad-e334-4623-8046-0931b96f5782,2026-08-28 13:29:30,2026-08-28,c6569653-c075-4040-a234-0329d4a4d678,COMIC_COVER,5586,Captain America,UNCOMMON,2.50,0x157778d5d203eb81748e6b1275e990f17792e9b0,0xb7a6069bccefd110041e7acb5dc2b43216076b20,,
0c3223dc-b820-4214-9368-05bc50bbe6b8,2026-08-28 13:24:48,2026-08-28,8b5a00e6-4534-49c1-bf00-baa3e054ccac,COMIC_COVER,924,One World Under Doom,ULTRA_RARE,350.00,0x9512de70ee7922d50cf16755c5b1e775fa6b4aaf,0xda791c3f2f64d1722aab292f45a2f857b88b0b64,,
5271d6b0-49ce-41cd-8915-5414915d3ec6,2026-08-28 13:23:25,2026-08-28,b7ea3a29-17e1-47cb-a6ca-2ec419165e3c,COLLECTIBLE_TYPE,185,“it’s a small world”,SECRET_RARE,14.95,0x229d5a5db58654d41dc8276bcac2975aaa45e1ea,0x80f3bde052cdbb0170691b132f51acbc6efc84a9,,
8cde7f95-3c76-4d97-a3fa-d8c249d6b5aa,2026-08-28 13:20:25,2026-08-28,68649d9c-b610-4ac0-a07a-f14a1fca6585,COLLECTIBLE_TYPE,2365,Raphael - Classic,COMMON,7.77,0xda791c3f2f64d1722aab292f45a2f857b88b0b64,0xa5a140a8ff8e7afac3b3e6bc7f15abe696e58e0e,,
a7897f6e-58e4-4e9b-9fda-fdd0f05f6584,2026-08-28 13:13:24,2026-08-28,983c4be0-5acb-468d-b834-3e2869618011,COLLECTIBLE_TYPE,108,Super,SECRET_RARE,17.99,0x53587fee806e81da0e94057c08deff97ae138f9b,0xc6730f46c02113ceb47ebd590544b9f7eba39f00,,
d03ba350-91ce-42e7-8819-ef3c3a552a27,2026-08-28 13:09:24,2026-08-28,efe5cbdd-b3ed-40e0-9a00-c0c654af5f8e,COLLECTIBLE_TYPE,304,Goose,SECRET_RARE,44.00,0x5d7513b9b8bd5c3b5bd7823503c584b75433c7c1,0xe299183630d605329cfdafdd8d35aa37fafdd593,,
02e86b23-2046-44ec-bd2a-cc8bc322db0b,2026-08-28 13:08:48,2026-08-28,4ecdee8d-cfc6-417d-9b1f-bb639170c95d,COMIC_COVER,4249,The Incredible Hulk,COMMON,1.79,0xf54beaa6713784e2e92cc5fc3a72ea6f6f806cda,0x4c96b7bad7a6942a23e3ca85c9a43f5b5e224e48,,
c1b799f8-97a8-4360-9689-9ce512e49f7b,2026-08-28 13:07:31,2026-08-28,b007a235-a980-46dc-a12e-8d0fafde406d,COMIC_COVER,870,Avengers,RARE,5.50,0xbddaf89e504749a4e405af916e4ab6ae38c4cbac,0x5c28b67a85c189782db13ad4ee5d5ea6969dcadb,,
d568fcf0-5d14-4c28-b234-cdd2bd231903,2026-08-28 13:07:22,2026-08-28,d4788b46-09e9-4528-bfd0-39a1a9ca087e,COLLECTIBLE_TYPE,198,Cube,SECRET_RARE,12.50,0xc6730f46c02113ceb47ebd590544b9f7eba39f00,0x0bd508271a2932ac342a16b9267bd31429b917b7,,
3cc4f63c-7fc2-4df9-842f-de16947b51d3,2026-08-28 13:05:00,2026-08-28,368bfbc2-67b9-4627-8b01-d36aa78c9e97,COMIC_COVER,997,Mortal Thor,UNCOMMON,3.50,0x23894e9606d25aafee326b49bfb99818620ded83,0x4c96b7bad7a6942a23e3ca85c9a43f5b5e224e48,,
a7e99720-5bee-481b-ae65-9b5eb8d019a8,2026-08-28 13:04:28,2026-08-28,900388bb-8847-4334-8d1a-508de81c4a4d,COLLECTIBLE_TYPE,1433,Superman,UNCOMMON,222.00,0xbc1db3ca7bee18775bb402155a64ae6482485519,0xda2569888a2aeb0a42d1b45da978894b147150cc,,
8d8bb35a-0da8-4a0c-897e-2f3e1e16dd6b,2026-08-28 13:04:22,2026-08-28,d4788b46-09e9-4528-bfd0-39a1a9ca087e,COLLECTIBLE_TYPE,103,Cube,SECRET_RARE,12.50,0x627c6c4e0488ff39f52e5a852f255337352b955e,0x302746f315498b1575ce009d6fd2a3604ba09790,,
dfc21e6f-315e-48b6-b99f-4b937e6d5f33,2026-08-28 13:03:11,2026-08-28,4778b852-a29a-4663-b286-1271037703ae,COMIC_COVER,122,Avengers,COMMON,3.50,0x5b0964671548943cc923ff2788fd73422aaa7aa9,0x4c96b7bad7a6942a23e3ca85c9a43f5b5e224e48,,
88f9b711-8cb6-4e2d-80ee-abc9fde63469,2026-08-28 12:58:34,2026-08-28,1f4c9bbd-f55c-41b5-b368-b70d940cdb05,COMIC_COVER,27253,Strange Academy,COMMON,2.20,0x9f4caaec6a2e9f8409b704f3ef16f0d51e827cdf,0xb7a6069bccefd110041e7acb5dc2b43216076b20,,
09b952b2-9ef4-4b51-b24e-b5ff341ad597,2026-08-28 12:58:12,2026-08-28,af36d0b7-21fc-404d-a6ea-6b5676c9ba30,COLLECTIBLE_TYPE,20,Hoodie,SECRET_RARE,22.00,0xfb99df1477da04ae0ac658e4eeed1e4dcda92f33,0xa2fcb13f913edb0a86fda6f5030affa904a91884,,CaliforniaComics
e46496c0-edad-423a-abe5-392e810e65d1,2026-08-28 12:56:49,2026-08-28,d4bcd798-0139-4dd3-b959-ba2a1fd7b6b6,COMIC_COVER,272,The Amazing Spider-Man,COMMON,5.90,0xa12be857785ff0d4f046f83b3abab90edbb32aff,0xb7a6069bccefd110041e7acb5dc2b43216076b20,,
f76e80f6-3c44-4ada-b8e4-c8c0d89ea1d2,2026-08-28 12:55:32,2026-08-28,ca6b36f9-e72b-4e29-95da-b1c4a3626242,COLLECTIBLE_TYPE,1313,Snow,COMMON,1.00,0x014482246994a97e4b681943a125a7320b891588,0x4187e4287acce37f6dc1446072146a9c9cb48989,,
47c72f4d-6607-4bf6-9ba6-7706b529e3f2,2026-08-28 12:55:20,2026-08-28,34b4db28-cdfd-4405-b5a5-a70701f611db,COMIC_COVER,1674,X-Men,COMMON,1.99,0xa12be857785ff0d4f046f83b3abab90edbb32aff,0xb7a6069bccefd110041e7acb5dc2b43216076b20,,
766ba503-ab0b-4f05-90b6-eb5a219917bc,2026-08-28 12:54:23,2026-08-28,1700884d-4d01-4f6c-a143-479bf0ddfbb6,COMIC_COVER,1062,The Rise of Kylo Ren,COMMON,2.00,0x7e83c3cb90d4e7cde15a168206907306eeed77ad,0xb7a6069bccefd110041e7acb5dc2b43216076b20,,
8ed3e11b-16cd-4f50-8f4c-a4b3a7ccccca,2026-08-28 12:53:37,2026-08-28,ddb0353f-9831-4882-89cc-3026a4770ff2,COMIC_COVER,341,Tarzan Of The Apes,COMMON,2.14,0x7d24a286198c58775b0e2bb59581833af0f3f92c,0xb7a6069bccefd110041e7acb5dc2b43216076b20,,
4e7c0b38-a052-48da-92c7-44adedb5709a,2026-08-28 12:46:12,2026-08-28,c889a878-bc2b-4afe-a9c1-a02ffbe80231,COLLECTIBLE_TYPE,818,Single 4d 'White Terraces' gummed stamp,RARE,2.75,0x47ad9f0d3b51d31135bdae1ef30d6709cf4c89b3,0xc338fe1210cafb6b5019e1e532ae295e6da9e9c7,BigOz,
9f0d2e7a-77d6-45eb-b392-32d6a8784298,2026-08-28 12:45:53,2026-08-28,f216c114-f12c-4c32-a2af-0c8632206274,COLLECTIBLE_TYPE,1680,Single 2s 'Milford Sound' gummed stamp,UNCOMMON,3.00,0x47ad9f0d3b51d31135bdae1ef30d6709cf4c89b3,0xc338fe1210cafb6b5019e1e532ae295e6da9e9c7,BigOz,
b24b030f-05d7-4344-b194-17941320353b,2026-08-28 12:45:32,2026-08-28,3cd38803-98a6-4b5c-85fa-a8a3353c0b7f,COLLECTIBLE_TYPE,912,Single 1/2d 'Mount Cook' gummed stamp,COMMON,1.74,0xfe982b375e92c4ad5b0aec90d64d391adcbb6d99,0xc338fe1210cafb6b5019e1e532ae295e6da9e9c7,,
1f8de183-15f9-496a-839f-65effb19e11d,2026-08-28 12:44:35,2026-08-28,73255fe7-c9e7-489a-a3bd-547b9b87a8a5,COLLECTIBLE_TYPE,470,Ash ,ULTRA_RARE,4.00,0xdce44b9530474c50b8f309fc303a6f2d9feccd25,0x46da3b0fa2a144c2cd8489ad988ee4027449468a,,
7c5dcd5e-8c73-4e16-a8e3-e428ec175b2c,2026-08-28 12:44:19,2026-08-28,b7ea3a29-17e1-47cb-a6ca-2ec419165e3c,COLLECTIBLE_TYPE,698,“it’s a small world”,SECRET_RARE,14.95,0x9cda3f28c6da5b68d6fe11c6ab464bbb2de0d305,0x46da3b0fa2a144c2cd8489ad988ee4027449468a,,
57eb87f9-9fb6-4b05-bebe-82b601876a9d,2026-08-28 12:40:46,2026-08-28,ab430454-99cf-4b4a-bcc6-5c4ed737512d,COMIC_COVER,7588,Captain America,UNCOMMON,33.99,0x1e58f98298255cd86c3b199f4d0889b3cc1c5906,0xc1902b4a930c8d409af78ee6fae3b98cb98ab65a,,
b0711520-23e6-48cf-a209-e112e85693ff,2026-08-28 12:40:45,2026-08-28,c00630d3-6aaa-412a-a9d3-ffe68fceba5a,COLLECTIBLE_TYPE,1490,Donatello - Classic,COMMON,6.39,0x86a0cfacf5fa8a5eea58e9a8b5928bc8aebb2eca,0xd38c26b2665e3f5b9d793293b80d5c70a05452f9,,
2414ad13-9465-4a67-a8e8-fabb99c83e1b,2026-08-28 12:31:35,2026-08-28,f6717b76-db8d-48af-bffd-d7016ac4a83d,COLLECTIBLE_TYPE,1775,C-Rank Essence Stone,UNCOMMON,1.08,0x1472b24041ee5ddd005f56f648ce43488d93dd71,0x51266f8af0b734b8fa5861f7871fd9924c49b6ae,,
e6ac24f4-299b-431d-9203-22a2ab961778,2026-08-28 12:24:17,2026-08-28,92635283-99b4-4597-ba69-01e39ccba334,COLLECTIBLE_TYPE,2380,Master Splinter - Father Figure,COMMON,4.50,0x0cea3b049375a3b5c96f73504d8cefc56a6c8888,0x41d3cda8f7c49e1e32e0afc3b691ce07aa0ca522,,
086748f4-332b-4bac-9372-851f130fb4a4,2026-08-28 12:24:05,2026-08-28,92635283-99b4-4597-ba69-01e39ccba334,COLLECTIBLE_TYPE,2930,Master Splinter - Father Figure,COMMON,4.50,0x287c23aa72024acf2c132b21c9b5040928976687,0x41d3cda8f7c49e1e32e0afc3b691ce07aa0ca522,,
ac449395-22b5-47c8-a153-e51133ad8d32,2026-08-28 12:23:28,2026-08-28,c889a878-bc2b-4afe-a9c1-a02ffbe80231,COLLECTIBLE_TYPE,414,Single 4d 'White Terraces' gummed stamp,RARE,2.75,0x47ad9f0d3b51d31135bdae1ef30d6709cf4c89b3,0xfe982b375e92c4ad5b0aec90d64d391adcbb6d99,BigOz,
be524d7f-a02d-40ac-acd6-f4c2870acf9c,2026-08-28 12:23:26,2026-08-28,c6199052-036f-4dff-a5df-41601754adf6,COLLECTIBLE_TYPE,3338,Queen Ramonda,COMMON,3.99,0xbd3b9e16cd3371f7c6b2d739a57363ba65e3c3f9,0x562ef997df647902c985c9d210881af104342177,,
61f7e43a-0147-4401-a846-2005e21ba987,2026-08-28 12:23:13,2026-08-28,dfd04ee9-970a-4c10-bf41-8acadede5d28,COLLECTIBLE_TYPE,818,Single 5d 'Otira Gorge' gummed stamp,RARE,4.59,0x47ad9f0d3b51d31135bdae1ef30d6709cf4c89b3,0xfe982b375e92c4ad5b0aec90d64d391adcbb6d99,BigOz,
82c1efcf-8d27-4ea8-b0bf-f27a8f0f5d82,2026-08-28 12:22:57,2026-08-28,6974b69e-b502-4bd8-820e-9b876cb02c9f,COLLECTIBLE_TYPE,1116,Single 6d 'Kiwi' gummed stamp,UNCOMMON,2.59,0x47ad9f0d3b51d31135bdae1ef30d6709cf4c89b3,0xfe982b375e92c4ad5b0aec90d64d391adcbb6d99,BigOz,
628a192f-d69f-4d54-af68-d9dc954f7897,2026-08-28 12:22:37,2026-08-28,3cd38803-98a6-4b5c-85fa-a8a3353c0b7f,COLLECTIBLE_TYPE,2555,Single 1/2d 'Mount Cook' gummed stamp,COMMON,1.74,0x47ad9f0d3b51d31135bdae1ef30d6709cf4c89b3,0xfe982b375e92c4ad5b0aec90d64d391adcbb6d99,BigOz,
30218f76-db90-4a2b-8412-4051811350ac,2026-08-28 12:22:27,2026-08-28,f216c114-f12c-4c32-a2af-0c8632206274,COLLECTIBLE_TYPE,505,Single 2s 'Milford Sound' gummed stamp,UNCOMMON,3.00,0x47ad9f0d3b51d31135bdae1ef30d6709cf4c89b3,0xfe982b375e92c4ad5b0aec90d64d391adcbb6d99,BigOz,
abd7cc23-1eda-4a79-964c-5f3986ae8717,2026-08-28 12:20:10,2026-08-28,8d03ddec-8168-4453-9956-419312b9ec01,COMIC_COVER,1793,The Amazing Spider-Man,COMMON,2.19,0x25aea2e36fb5c45c4834adef3bb5e86b66f9e49c,0xf7cca5b007b8ee5d514425c180f3c4f63b62ba03,,
c6bc9108-77a3-45a3-9c79-8b6af54f745f,2026-08-28 12:16:20,2026-08-28,c6199052-036f-4dff-a5df-41601754adf6,COLLECTIBLE_TYPE,3517,Queen Ramonda,COMMON,3.99,0x3e03d27a1bdea71002280b8677cb3bc7b3618413,0x4823a7eba92afe3f31f6973cf685d3c82cf03c13,,
e7a00c77-d371-4d49-b4f3-2e98e5e9f500,2026-08-28 12:14:28,2026-08-28,acac1395-5a9f-4732-b592-20d508cebf6e,COLLECTIBLE_TYPE,756,Duchess Dorsalina,UNCOMMON,2.40,0x93da6c57ed34662a3ca7b61b909c273417613066,0xb240e826eb9d0cf5afe5aa50e19ea7f8b4ee53e2,Cwolt,
88c2d1db-cd74-46b0-a7ff-9a55a41816fb,2026-08-28 12:14:21,2026-08-28,86cf2738-730a-4c98-9b61-735a47b0a35c,COLLECTIBLE_TYPE,1023,Bubbles Zoomfin,RARE,15.00,0xf01476b8b2252bdd03707aeaeb9375983eb8d588,0xb240e826eb9d0cf5afe5aa50e19ea7f8b4ee53e2,Mekurabe,
cb5351a2-6d3a-403d-bf6c-8a975e164795,2026-08-28 12:14:13,2026-08-28,915d7c0b-f55d-41c7-8a80-110c34f8e8a3,COLLECTIBLE_TYPE,559,Captain Gillbert,ULTRA_RARE,12.00,0x0a70a5bb77becd7018daa3e6f48652a8d464988c,0xb240e826eb9d0cf5afe5aa50e19ea7f8b4ee53e2,,
7d44ce58-899a-4181-be49-42e489e1de34,2026-08-28 12:14:03,2026-08-28,c9cdb666-5e73-48ab-b7d9-83ec6005df9a,COLLECTIBLE_TYPE,758,Madame Puffersworth,SECRET_RARE,15.50,0x302746f315498b1575ce009d6fd2a3604ba09790,0xb240e826eb9d0cf5afe5aa50e19ea7f8b4ee53e2,,
c4ec0df9-6863-4840-9a3f-f2d56239d685,2026-08-28 12:11:33,2026-08-28,22a75249-d8f6-417d-8061-7ea04df54e46,COLLECTIBLE_TYPE,1419,Moon Knight 1,COMMON,2.90,0xec32b9d287b073e9c48ae8ba768718ba42286bec,0x11e4731a41f20e328d69d714b7d2a5fc5ebdef8a,,
b9e6cbd2-09da-4cea-a52c-9649652b6769,2026-08-28 12:11:21,2026-08-28,756eaebb-f684-4274-9ab1-63e0844d88eb,COLLECTIBLE_TYPE,3426,Moon Knight 2,ULTRA_RARE,13.50,0xf437e7db920f9cad9a93528ab2f00c275f966b9f,0x11e4731a41f20e328d69d714b7d2a5fc5ebdef8a,,
3050dbf7-bdf0-41f5-84d7-753415183261,2026-08-28 12:03:55,2026-08-28,fccfc777-cc16-4a36-b063-8258d6e69ffe,COLLECTIBLE_TYPE,291,Boy,SECRET_RARE,18.99,0xb61248e3964067eb975da60b9bead475d628139d,0x9617ab310a5bb465e5bdc9787ac05099f781f93a,,
c513f122-2bff-40a2-a584-de891792b563,2026-08-28 12:03:30,2026-08-28,af36d0b7-21fc-404d-a6ea-6b5676c9ba30,COLLECTIBLE_TYPE,290,Hoodie,SECRET_RARE,22.00,0x617e4b6c2378d0c34b182c666cbd13e738eef135,0x9617ab310a5bb465e5bdc9787ac05099f781f93a,,
04e47c70-67e4-40a1-8db1-c02e851e13b5,2026-08-28 12:02:08,2026-08-28,e34c57ab-caec-4ae5-b065-ae56a0e77237,COMIC_COVER,461,Gambit: Wanted,SECRET_RARE,7.98,0x9617ab310a5bb465e5bdc9787ac05099f781f93a,0xd8fe2fc024653bbf136e067c46723e8924e16ba0,,
b7927fee-a17f-41ae-87ca-f92493a512bd,2026-08-28 11:51:55,2026-08-28,c889a878-bc2b-4afe-a9c1-a02ffbe80231,COLLECTIBLE_TYPE,1414,Single 4d 'White Terraces' gummed stamp,RARE,2.75,0x47ad9f0d3b51d31135bdae1ef30d6709cf4c89b3,0x229d5a5db58654d41dc8276bcac2975aaa45e1ea,BigOz,
3a877e8e-fd61-4cf9-8728-2cb777cfb4ee,2026-08-28 11:51:43,2026-08-28,3cd38803-98a6-4b5c-85fa-a8a3353c0b7f,COLLECTIBLE_TYPE,1333,Single 1/2d 'Mount Cook' gummed stamp,COMMON,1.74,0x47ad9f0d3b51d31135bdae1ef30d6709cf4c89b3,0x229d5a5db58654d41dc8276bcac2975aaa45e1ea,BigOz,
d47d479c-5296-499e-9c65-b6b31aaa7833,2026-08-28 11:50:59,2026-08-28,511147ad-2ed3-4d8c-b811-828355f61f35,COLLECTIBLE_TYPE,168,Single 3d 'Huia' gummed stamp,ULTRA_RARE,9.99,0x47ad9f0d3b51d31135bdae1ef30d6709cf4c89b3,0x229d5a5db58654d41dc8276bcac2975aaa45e1ea,BigOz,
b1f5a6c2-d888-4994-abff-e09bb8fee93e,2026-08-28 11:49:28,2026-08-28,1969839e-04bc-4433-801f-3a2007e410f4,COLLECTIBLE_TYPE,2678,You'll find that I’m full of surprises,RARE,18.90,0x9cda3f28c6da5b68d6fe11c6ab464bbb2de0d305,0x11e4731a41f20e328d69d714b7d2a5fc5ebdef8a,,
9e129a84-4634-4681-a226-e04d849e24bb,2026-08-28 11:47:27,2026-08-28,dfd04ee9-970a-4c10-bf41-8acadede5d28,COLLECTIBLE_TYPE,898,Single 5d 'Otira Gorge' gummed stamp,RARE,4.59,0x47ad9f0d3b51d31135bdae1ef30d6709cf4c89b3,0x1ee9920e6efdcbc57d48e669b87a6e822fc7d828,BigOz,Lamouche
d2b12211-f778-49d6-8e03-571aae4dd055,2026-08-28 11:41:28,2026-08-28,80dbf318-2d6b-4ac3-ad4f-7b441a6ecc82,COLLECTIBLE_TYPE,368,1840 Penny Black IA-IC,ULTRA_RARE,7.00,0xea8a2603e6e39ea4d75087b4e6037865d502b884,0x06c211de98d16413cf6caa0d96b22173d43d9d71,HarryVeve,
c6e1bf2b-8f38-48d9-b932-b2d8eafd41ba,2026-08-28 11:41:04,2026-08-28,975dad48-3fe0-476b-b518-78706b1073ab,COLLECTIBLE_TYPE,513,1840 Penny Black Ol mint,RARE,2.60,0xc338fe1210cafb6b5019e1e532ae295e6da9e9c7,0x06c211de98d16413cf6caa0d96b22173d43d9d71,,
a740c564-f00c-45c6-9b83-f2f41ddcb8e3,2026-08-28 11:40:27,2026-08-28,c898af60-be8a-490a-ac2b-537869c1892a,COLLECTIBLE_TYPE,742,1:1 DeLorean Time Machine - Interactive,ULTRA_RARE,43.99,0xbc1db3ca7bee18775bb402155a64ae6482485519,0x11e4731a41f20e328d69d714b7d2a5fc5ebdef8a,,
849de640-3e59-4f05-bc17-7c7a6d7c516f,2026-08-28 11:38:40,2026-08-28,e987d51b-8d5a-4e6e-9ef7-f46d61e0a653,COLLECTIBLE_TYPE,1553,Mjolnir - Thor: Ragnarok,ULTRA_RARE,17.00,0xa33feff2cde1ee2fb31d83ab7d562c030de4df61,0x06c211de98d16413cf6caa0d96b22173d43d9d71,,
93c6f87f-36d7-44ab-9794-2a3259f11ce4,2026-08-28 11:37:57,2026-08-28,cfbbc91d-b9ab-4e09-afad-13c93761456c,COLLECTIBLE_TYPE,690,Mjolnir - Thor: Love and Thunder,RARE,8.00,0xdc5334963cb0811c26c15e76d34fe192f3082712,0x06c211de98d16413cf6caa0d96b22173d43d9d71,,
0c05d896-0b7c-44f7-9d57-89e5a30af03c,2026-08-28 11:29:31,2026-08-28,84964212-3fb9-4248-a0e5-012e5a104609,COLLECTIBLE_TYPE,775,Snow Globes - Christmas tree,ULTRA_RARE,5.80,0x5600ad1af21c73300d4964ed359c1836e7a659af,0xa593b64deb5f672639b7b8d33d115f7bc55cbdd9,Korgull,sc0tchy
32dc72fa-9e71-4293-8426-db00224366e8,2026-08-28 11:23:43,2026-08-28,34c6e3ce-62b5-48df-9505-3d88abc63296,COMIC_COVER,697,Spider-Man Swing Shift Director's Cut,COMMON,2.35,0x99fd68577dbca58276d4fa31aa3a1bae9f28b98d,0x206a8bebfb58b145edba32c1cfd7f734e348b231,,
50621875-ecbe-4ce3-aa8f-6ad5b596beac,2026-08-28 11:20:51,2026-08-28,ab430454-99cf-4b4a-bcc6-5c4ed737512d,COMIC_COVER,9790,Captain America,UNCOMMON,33.99,0xbb4d2bfcbb6f5c124aa3c4f3b8e021687591e3f1,0x206a8bebfb58b145edba32c1cfd7f734e348b231,kev300,
56e4a9d8-fa61-49d2-b1a5-c2138a64ed5a,2026-08-28 11:20:47,2026-08-28,ab430454-99cf-4b4a-bcc6-5c4ed737512d,COMIC_COVER,7405,Captain America,UNCOMMON,33.99,0xe37e59bbf5b436a019501a5acb17b0f01081cd2c,0x206a8bebfb58b145edba32c1cfd7f734e348b231,KcBmw,
9b01eb42-2de6-4ce6-8b4e-9b9c586ba36c,2026-08-28 11:20:41,2026-08-28,ab430454-99cf-4b4a-bcc6-5c4ed737512d,COMIC_COVER,2614,Captain America,UNCOMMON,33.99,0x7ee06912efef65457077c2171d776d9acfc9383e,0x206a8bebfb58b145edba32c1cfd7f734e348b231,Wopmamus,
82d16e83-0cc5-47b1-8007-d2a539eb044e,2026-08-28 11:20:37,2026-08-28,ab430454-99cf-4b4a-bcc6-5c4ed737512d,COMIC_COVER,8266,Captain America,UNCOMMON,33.99,0xe93ca2b1163763d77df6244e8e2fda3173ef7792,0x206a8bebfb58b145edba32c1cfd7f734e348b231,,
037b6b7c-1478-418b-a915-66a2bfb7bd7d,2026-08-28 11:20:22,2026-08-28,2641f79e-8ce8-4b3f-9806-de801d475c14,COMIC_COVER,6350,Captain America,COMMON,46.98,0x80f3bde052cdbb0170691b132f51acbc6efc84a9,0x206a8bebfb58b145edba32c1cfd7f734e348b231,,
7475684b-8a41-4444-9b5a-559c32c91589,2026-08-28 11:13:46,2026-08-28,87876723-9df8-4d39-a1fe-fbecf4b4788a,COLLECTIBLE_TYPE,2252,Supergirl,RARE,9.75,0x03bb6abd9143981b5c81b3394c512f4f0a71bbe7,0x45676ac580bce04bb714670ebf81e53759a7db84,,
aa61dbee-d175-467f-84d1-413eb393870b,2026-08-28 11:07:17,2026-08-28,05df9412-ca87-4492-8454-81f73a88c171,COLLECTIBLE_TYPE,4847,MOTOMICHI - Eyes,SECRET_RARE,13.00,0x40ee1a2354242e5706ab98908175078baf2ba108,0x8a969eec95c9e925f1f5cda2b16d9ac231074148,,wc3nte
39d13d5e-43ee-49c4-b6c2-72fb96e4b11b,2026-08-28 11:07:13,2026-08-28,05df9412-ca87-4492-8454-81f73a88c171,COLLECTIBLE_TYPE,1034,MOTOMICHI - Eyes,SECRET_RARE,13.00,0x054dc47a500ea8986e73c98b189a94cbb8376bbb,0x8a969eec95c9e925f1f5cda2b16d9ac231074148,Pooski,wc3nte
9942825f-9e9c-43da-85fd-fc5b7efc303d,2026-08-28 11:07:10,2026-08-28,05df9412-ca87-4492-8454-81f73a88c171,COLLECTIBLE_TYPE,5257,MOTOMICHI - Eyes,SECRET_RARE,13.00,0x63f1938511e168b8032b9a7e984b0c59ee8355f4,0x8a969eec95c9e925f1f5cda2b16d9ac231074148,,wc3nte
72c132a3-4a0a-413d-9e70-4b8d184fd369,2026-08-28 11:07:07,2026-08-28,05df9412-ca87-4492-8454-81f73a88c171,COLLECTIBLE_TYPE,4160,MOTOMICHI - Eyes,SECRET_RARE,13.00,0xd2bb7d5d22a298c6827b955d2a6a1ce2d8ec1560,0x8a969eec95c9e925f1f5cda2b16d9ac231074148,,wc3nte
f335eb3a-15b4-47fc-83d4-06730251dbc8,2026-08-28 11:06:59,2026-08-28,983c4be0-5acb-468d-b834-3e2869618011,COLLECTIBLE_TYPE,308,Super,SECRET_RARE,17.99,0x23b9211bc50252988b9176da0f1a062294525b16,0x8a969eec95c9e925f1f5cda2b16d9ac231074148,,wc3nte
8472026c-11a7-48e1-8238-93265a5ef4a8,2026-08-28 10:56:21,2026-08-28,38b4d456-67de-49e3-8621-87a1a697eeba,COLLECTIBLE_TYPE,609,Beast Venomized,RARE,18.00,0x229d5a5db58654d41dc8276bcac2975aaa45e1ea,0x11e4731a41f20e328d69d714b7d2a5fc5ebdef8a,,
50b62ded-841a-4b96-92c8-78d97472d8a1,2026-08-28 10:56:05,2026-08-28,c3df7496-e8e7-4507-b80a-5c2b5d996645,COLLECTIBLE_TYPE,2909,#100 Todd McFarlane Batman,COMMON,479.00,0x8a969eec95c9e925f1f5cda2b16d9ac231074148,0x5e3381a20af96cd389462dfb7c92b76f135c0a10,wc3nte,Fairyman
4ce6eead-b5ec-4861-9281-9908b3224124,2026-08-28 10:52:37,2026-08-28,d4788b46-09e9-4528-bfd0-39a1a9ca087e,COLLECTIBLE_TYPE,435,Cube,SECRET_RARE,12.50,0x9617ab310a5bb465e5bdc9787ac05099f781f93a,0x11e4731a41f20e328d69d714b7d2a5fc5ebdef8a,,
a467fd21-d7f9-4b01-9766-dd06a43f55fc,2026-08-28 10:52:27,2026-08-28,fccfc777-cc16-4a36-b063-8258d6e69ffe,COLLECTIBLE_TYPE,412,Boy,SECRET_RARE,18.99,0x23b9211bc50252988b9176da0f1a062294525b16,0x11e4731a41f20e328d69d714b7d2a5fc5ebdef8a,,
a430fa68-1bda-44b4-9568-872568909dcc,2026-08-28 10:50:10,2026-08-28,983c4be0-5acb-468d-b834-3e2869618011,COLLECTIBLE_TYPE,343,Super,SECRET_RARE,17.99,0x38d42150c74fb6a4301e08cf4036fac936ff35c1,0x11e4731a41f20e328d69d714b7d2a5fc5ebdef8a,,
68677c22-c6ec-437c-b6ee-b6c28ee70c8c,2026-08-28 10:49:20,2026-08-28,9f858ce1-02c2-4c5d-821e-254138446521,COMIC_COVER,959,Marvel Zombies,UNCOMMON,1.99,0xf7fb1f9f8a99ad762d036b21b0c1c0f8283441bb,0xf261030b8d23d33eaec9dedc89353cc2f218369d,,
4c9851d9-6942-4a54-aaad-796f277d16a3,2026-08-28 10:42:16,2026-08-28,7340f4df-21d2-479c-b7dc-6d219589b992,COMIC_COVER,8265,Marvel Zombies,SECRET_RARE,6.99,0x3e03d27a1bdea71002280b8677cb3bc7b3618413,0xf261030b8d23d33eaec9dedc89353cc2f218369d,,
ae070de3-ab80-4be3-af8f-4b656d77a84c,2026-08-28 10:18:35,2026-08-28,d4ec084d-812b-4a3c-958f-d691f0060ff9,COLLECTIBLE_TYPE,176,Master Splinter - Battle Ready,SECRET_RARE,46.90,0xa27826d1da4fdf2e36acf424bc0d833dfad84256,0xa593b64deb5f672639b7b8d33d115f7bc55cbdd9,,sc0tchy
b53e007e-9288-4bf7-8d8b-d139373d30de,2026-08-28 10:10:29,2026-08-28,aa6a688b-acb8-43eb-a332-6d50058dd888,COLLECTIBLE_TYPE,345,Star Wars: Episode V The Empire Strikes Back - Darth Vader,RARE,11.00,0xa1b780a6c8f7b48df2e072fe27fbbf2563b5468c,0xca165a7850addef5be8380f533e9d692978be0cf,,
a75e4154-1509-4ce0-b156-09f3461b0d4d,2026-08-28 09:46:35,2026-08-28,f6c0f08f-a0e9-455b-9008-13dc70abcfba,COLLECTIBLE_TYPE,68,Vana,SECRET_RARE,36.99,0xa27826d1da4fdf2e36acf424bc0d833dfad84256,0xea4cc89f3f635f9cc03343b0496a85f0067cdb02,,
ec4370e5-76db-4a07-b5ea-9e77d4d4deb8,2026-08-28 09:42:25,2026-08-28,46973084-cb60-41e2-b7cc-ba112976255d,COLLECTIBLE_TYPE,168,Snowflake Labbit,RARE,8.99,0xf437e7db920f9cad9a93528ab2f00c275f966b9f,0xded4ea6128d513edbaba5c012b8bb06fc415286f,,
44299b9f-9814-4200-8ae6-d2979017dd15,2026-08-28 09:27:10,2026-08-28,cbdf9b80-af14-4d25-9379-96fd8c2f1845,COLLECTIBLE_TYPE,1221,Best Friends,COMMON,12.00,0x5dba5404beeb01a9c7bc04d03dbe117353230c63,0x0fdd5ab0dc6f5c9c05f395f3dfb85c273110e704,,
c3265a8a-e61e-4ef3-8582-1eb74c0b50a2,2026-08-28 09:18:41,2026-08-28,cbdf9b80-af14-4d25-9379-96fd8c2f1845,COLLECTIBLE_TYPE,414,Best Friends,COMMON,12.00,0x36d240a0c80fe3da79e6e2de26cbe874e0de301c,0x5dba5404beeb01a9c7bc04d03dbe117353230c63,,
11e84091-c305-4d7f-a5a8-50cdd7e563fe,2026-08-28 09:16:56,2026-08-28,283eb154-2c8c-4ebb-92ce-50548e63983b,COLLECTIBLE_TYPE,1987,Torch Dragon,UNCOMMON,8.95,0x1ee9920e6efdcbc57d48e669b87a6e822fc7d828,0xda611149b2ab3e4f33519f3d230fbc8f003e4e52,Lamouche,
1543042d-f3cd-403d-99f6-bfcde782d3b9,2026-08-28 09:14:23,2026-08-28,5d59f95a-3bf4-44bd-86de-c8ded570c2c0,COMIC_COVER,565,Avengers vs X-Men,COMMON,12.99,0x6b900a633bd4bf0f925d7ab497472e5e0d0e6b6d,0x43ba4403498740bc0371d42f133e21c49fd283a3,,Jgreen
80f4cf5a-6a2f-474c-bbde-439d0194890f,2026-08-28 09:14:18,2026-08-28,5d59f95a-3bf4-44bd-86de-c8ded570c2c0,COMIC_COVER,931,Avengers vs X-Men,COMMON,12.99,0x61c9c27ba16cc392897cd6a8b3b813ca22d51ff7,0x43ba4403498740bc0371d42f133e21c49fd283a3,,Jgreen
de96dd4a-b3ac-461e-9e2e-81e0ee8a0751,2026-08-28 09:14:14,2026-08-28,5d59f95a-3bf4-44bd-86de-c8ded570c2c0,COMIC_COVER,934,Avengers vs X-Men,COMMON,12.99,0x61c9c27ba16cc392897cd6a8b3b813ca22d51ff7,0x43ba4403498740bc0371d42f133e21c49fd283a3,,Jgreen
b39d2dcf-f103-4798-94df-d332d8609ebf,2026-08-28 09:11:28,2026-08-28,5d59f95a-3bf4-44bd-86de-c8ded570c2c0,COMIC_COVER,539,Avengers vs X-Men,COMMON,12.99,0xb04f582df0cf05164b33d3bd1359d17ba964b7fa,0x43ba4403498740bc0371d42f133e21c49fd283a3,,Jgreen
8c75a609-e907-4bd7-b047-f59ef0fcb2b5,2026-08-28 09:08:30,2026-08-28,768e3b9d-2b74-420e-be62-2a375fbd911f,COLLECTIBLE_TYPE,6909,Crowd Favorite,COMMON,6.99,0x9f74f3658c730cdd76288ccdefad11ada3527f16,0xdda70a5c25d72be0ea7b8f2b45b21c44feceedc7,,
739fdf38-5dc4-4291-abce-41b9750e2726,2026-08-28 08:57:53,2026-08-28,46359177-0a0a-4148-aac9-7875a76aaa91,COLLECTIBLE_TYPE,1147,Toph,COMMON,8.40,0xa27826d1da4fdf2e36acf424bc0d833dfad84256,0x2d2933beb21a100977804604194e2956983eb82c,,
e125de43-2e36-4079-bffc-7937a5c029ca,2026-08-28 08:54:31,2026-08-28,fcaf92c1-1f34-4042-87ee-b5cc02345977,COLLECTIBLE_TYPE,50,Chris Robots Will Kill - Landscape,ULTRA_RARE,33.00,0xd7b836470fe510048ed7c698f46ff3f0f5fd87c2,0xb04f582df0cf05164b33d3bd1359d17ba964b7fa,,
06ba3b41-09e8-46f9-a293-67407d5d951e,2026-08-28 08:45:05,2026-08-28,52106634-c0eb-445c-a09e-7aa34e05e8d1,COLLECTIBLE_TYPE,168,Emma Frost - Uncanny 1980,ULTRA_RARE,43.99,0xb240e826eb9d0cf5afe5aa50e19ea7f8b4ee53e2,0xded4ea6128d513edbaba5c012b8bb06fc415286f,,
48c2122c-164e-4e4c-a594-3b4b909f0964,2026-08-28 08:36:24,2026-08-28,8d03ddec-8168-4453-9956-419312b9ec01,COMIC_COVER,901,The Amazing Spider-Man,COMMON,2.19,0x45ebbac2806449d007f49d9385dd664d4952fde9,0xe71786ed4c9c817b759fcb915196dd7f7d8516d8,,
fd9d8503-27c0-48c7-b652-510acefa1519,2026-08-28 08:34:56,2026-08-28,0433455f-ebd3-447d-bb00-347564d5f6a4,COLLECTIBLE_TYPE,595,Guile Story,RARE,96.00,0xa593b64deb5f672639b7b8d33d115f7bc55cbdd9,0x2825ff1776169d54c599c544cfa56b00a1dfe3a8,sc0tchy,
bb5372f8-566f-4028-b2e7-abc0ceec5798,2026-08-28 08:34:05,2026-08-28,f53a28ee-991b-4401-ab56-c434c96c9453,COLLECTIBLE_TYPE,1359,Chun-Li,COMMON,39.40,0x95b6f607ad2b1215df2c92d9b1fc6ad2f277504f,0x2825ff1776169d54c599c544cfa56b00a1dfe3a8,StandOffChart,
75c68df7-0354-4175-a5ae-f5282357d6ff,2026-08-28 08:22:28,2026-08-28,f63d1fb2-9241-4ef0-bfcb-9c387d48dacb,COMIC_COVER,14436,What If...?,COMMON,2.99,0x03bb6abd9143981b5c81b3394c512f4f0a71bbe7,0xe71786ed4c9c817b759fcb915196dd7f7d8516d8,,
a9657836-f56b-4b5c-9477-4cfa8ea1697f,2026-08-28 07:48:14,2026-08-28,98f7d0b0-8373-4037-a49f-2db41b24f168,COLLECTIBLE_TYPE,1890,Sokka,COMMON,11.10,0x95b6f607ad2b1215df2c92d9b1fc6ad2f277504f,0x2d2933beb21a100977804604194e2956983eb82c,StandOffChart,
8580e82c-aa64-42bf-b75f-722b50fa7a28,2026-08-28 07:47:58,2026-08-28,ba556949-a241-4a1f-b340-882319aa5b10,COLLECTIBLE_TYPE,795,Gambit,RARE,14.30,0x3e03d27a1bdea71002280b8677cb3bc7b3618413,0xf85bb0c99b4980af788bf5a85013db35add73e8a,,
192a199f-dc06-4e82-8824-1a81bc6da2c6,2026-08-28 07:27:58,2026-08-28,11974a9a-fa94-4e44-b936-4e3e7682da3b,COMIC_COVER,16811,The Amazing Spider-Man,COMMON,2.79,0x93365222c1bbe3b5853c0ca6234f130899bc2760,0x4c96b7bad7a6942a23e3ca85c9a43f5b5e224e48,,
d933e88a-8643-4f8c-88c7-28488afcd23d,2026-08-28 07:24:09,2026-08-28,1ffa9df1-3878-401b-bd34-4dbe5db7d455,COMIC_COVER,946,Sorcerer Supreme,COMMON,3.50,0x88e8fe8c552a59be0a9c21b74a41fd5fbcbf2dee,0x4c96b7bad7a6942a23e3ca85c9a43f5b5e224e48,Aroostic,
4e65e680-3e22-427d-8326-7b814ed2e492,2026-08-28 07:23:41,2026-08-28,4b14667c-cb29-4eeb-8786-3173c83e950f,COMIC_COVER,540,Tomb Of Apocalypse,COMMON,7.98,0x0cea3b049375a3b5c96f73504d8cefc56a6c8888,0x4c96b7bad7a6942a23e3ca85c9a43f5b5e224e48,,
6e9aeea2-28f0-4953-b4c7-0909400d900a,2026-08-28 07:09:32,2026-08-28,484dde9a-1cf6-441d-afd8-896155686657,COLLECTIBLE_TYPE,313,AT-AT,ULTRA_RARE,12.85,0xd65d3387eeb6a1850f315fdb9d2e2782aca0ec1b,0x6441bb59cb9134de9f5df6d5222b43218333355c,,Saiando
25d9aacd-0bce-4e85-82c5-0065ecef775c,2026-08-28 07:06:22,2026-08-28,86e4bade-2c04-426d-af8a-656d258936b0,COLLECTIBLE_TYPE,1032,Single 8d 'War Canoe and Crown' gummed stamp,RARE,4.44,0x39a9fb462cac3000302d9607d5008e30584322b9,0x7052a5eb2827d8aa3ccc83893c1906b541a3d3d7,,
51db85bd-a116-4e48-ab3f-96135b230a3d,2026-08-28 06:58:06,2026-08-27,2641f79e-8ce8-4b3f-9806-de801d475c14,COMIC_COVER,3402,Captain America,COMMON,46.98,0x4051a46f3adf1f0c72dd4c6f5fa4964c58209596,0x5c351ffda198aa91df287ad320c592222a9dc67c,,
77801928-73dd-441a-a9f8-405719865907,2026-08-28 06:43:32,2026-08-27,c6e211d6-3372-42b2-aa46-cbca113ea6e4,COMIC_COVER,2789,The X-Men,RARE,6.99,0x11e4731a41f20e328d69d714b7d2a5fc5ebdef8a,0x9f1b0abf4d14be507ced92754add0d7799dad0c9,,
503789a8-2226-4de7-8476-2f553be3129d,2026-08-28 06:37:13,2026-08-27,1bacdd79-a711-4a24-9bfa-c0927e871e9a,COLLECTIBLE_TYPE,37,Chris Robots Will Kill - SUYE Special Sky Blue,ULTRA_RARE,28.00,0x99fd68577dbca58276d4fa31aa3a1bae9f28b98d,0xb04f582df0cf05164b33d3bd1359d17ba964b7fa,,
1f1f1bd4-ceb1-48dc-92df-d34799352ad9,2026-08-28 06:33:30,2026-08-27,3fa0da0b-724f-4263-8a34-e86fbb7604f4,COMIC_COVER,2154,Ultimate X-Men,COMMON,1.79,0x94d0f797f01b63ceecf6ad98166d92049bbbec47,0x1b7ea6b0eebc1e8b65bff1879463e69242ca4c31,,
404721dd-65f3-4e62-ba61-ba733f26ba0e,2026-08-28 06:31:29,2026-08-27,62cf09ca-e5f2-4695-8394-c0209bf56422,COLLECTIBLE_TYPE,228,Raphael - Dojo Discipline,RARE,35.00,0xf4f41a4fee1bed0734ce862a1223156be15d084b,0x142c7a357788d9078a61afff8e4bbfe1ec700fd0,,
b1268fc7-b36b-4463-ad45-3e98b5dfd9f5,2026-08-28 06:25:22,2026-08-27,f6da0034-e22e-4737-98cc-a763882d3c72,COMIC_COVER,4731,The Amazing Spider-Man,COMMON,4.50,0xe4ae5c289f99678ee4476d08da2a0efe6c6b8107,0xb12ae1e45c703778f150aa89c9f300d3da64ea83,ntown514,
2e7ae020-960c-439e-9c27-d4cf63b890cb,2026-08-28 06:25:01,2026-08-27,f6da0034-e22e-4737-98cc-a763882d3c72,COMIC_COVER,4643,The Amazing Spider-Man,COMMON,4.50,0xafb6bded4ee173fdb3c07d0d129323deec542623,0xb12ae1e45c703778f150aa89c9f300d3da64ea83,,
01f6ac4f-3148-49d4-8f6e-5cb2c13e8c3d,2026-08-28 06:24:42,2026-08-27,f6da0034-e22e-4737-98cc-a763882d3c72,COMIC_COVER,4178,The Amazing Spider-Man,COMMON,4.50,0x4187e4287acce37f6dc1446072146a9c9cb48989,0xb12ae1e45c703778f150aa89c9f300d3da64ea83,,
b1ba880d-d683-45c4-8a7d-9c03295e869e,2026-08-28 06:19:42,2026-08-27,66b46e57-90c5-4556-a65e-6dc44899cea6,COMIC_COVER,46298,Marvel Comics,COMMON,23.00,0x70eb1090542ee1ca0bf74cf3bade3216e0acf067,0xb12ae1e45c703778f150aa89c9f300d3da64ea83,,
363b3462-d512-4477-9cad-8c798b68edfc,2026-08-28 06:15:39,2026-08-27,6f04f0ca-d6fa-4b8c-b5cf-34c96602c7e9,COLLECTIBLE_TYPE,194,VeveMagic,UNCOMMON,4.80,0x93da6c57ed34662a3ca7b61b909c273417613066,0x1834403f9b4bc09eea9fb19f08f3da48f136b7f2,Cwolt,
da3d831d-1883-4618-8c98-052e297327cc,2026-08-28 06:11:19,2026-08-27,8a23cfee-33f5-4a13-8cff-504d63681262,COLLECTIBLE_TYPE,511,Trilad,ULTRA_RARE,49.99,0xaa8d060555697549431218fb06b04037b7162343,0xf01476b8b2252bdd03707aeaeb9375983eb8d588,,Mekurabe
2dc4e95a-5884-418e-8736-992281a7ba9b,2026-08-28 06:09:08,2026-08-27,c54fecb0-6f9b-4a17-acf5-57bbf654ecc8,COLLECTIBLE_TYPE,358,Giggling,ULTRA_RARE,55.00,0x290c655ae3803f62843d0b2365338704a9231f50,0x5e4962a560eaaeaa8b94d8bd1a5f97118da30c7b,,
8fa23ac4-21fb-4017-8481-a90879880c46,2026-08-28 06:07:39,2026-08-27,2bcd38b4-b22a-4bca-a147-b5f20241d3d6,COLLECTIBLE_TYPE,607,Ruin Your Mind,RARE,9.00,0x054dc47a500ea8986e73c98b189a94cbb8376bbb,0x5e4962a560eaaeaa8b94d8bd1a5f97118da30c7b,Pooski,
59588f09-a16e-4b58-9ae2-71162a2a664d,2026-08-28 06:07:15,2026-08-27,2803a97f-8cc5-482a-9f99-3e594271b863,COLLECTIBLE_TYPE,959,Happy Happy Joy Joy,COMMON,6.00,0xc09e5ba70ec075a93b66348bcd956e218a4855c6,0x5e4962a560eaaeaa8b94d8bd1a5f97118da30c7b,,
77daf0b0-80fc-4220-85e5-0c89ff9fe5e9,2026-08-28 06:05:34,2026-08-27,86ad416a-57ac-491a-b31a-f587acdc0894,COLLECTIBLE_TYPE,129,Sweet Release,SECRET_RARE,55.00,0x2d2933beb21a100977804604194e2956983eb82c,0x5e4962a560eaaeaa8b94d8bd1a5f97118da30c7b,,
a2e318ac-dcba-4197-9aaf-449f769ddaf0,2026-08-28 06:05:26,2026-08-27,86ad416a-57ac-491a-b31a-f587acdc0894,COLLECTIBLE_TYPE,249,Sweet Release,SECRET_RARE,55.00,0x020115536fa60e8ab602d174a546c788ce355d92,0x5e4962a560eaaeaa8b94d8bd1a5f97118da30c7b,doublequill,
bccd0758-dfb5-4e52-93df-b810849d931f,2026-08-28 06:05:19,2026-08-27,86ad416a-57ac-491a-b31a-f587acdc0894,COLLECTIBLE_TYPE,114,Sweet Release,SECRET_RARE,55.00,0xe37e59bbf5b436a019501a5acb17b0f01081cd2c,0x5e4962a560eaaeaa8b94d8bd1a5f97118da30c7b,KcBmw,
b629aab6-c4e6-404f-887b-2bb76bceb0b0,2026-08-28 06:04:16,2026-08-27,d9142a24-fb93-439c-9c06-e09b52172052,COLLECTIBLE_TYPE,15,Going to War,SECRET_RARE,88.00,0x80f3bde052cdbb0170691b132f51acbc6efc84a9,0x46da3b0fa2a144c2cd8489ad988ee4027449468a,,
af854e04-5e23-4f7a-b97c-22917bbef976,2026-08-28 05:58:36,2026-08-27,c98fa22c-ad27-4f03-9547-ad347fb83b60,COMIC_COVER,911,The Amazing Spider-Man,ULTRA_RARE,10.00,0x48e73bbe8f7513eb842f2929daff61139f02b178,0xc1d0ab080a81e3478bb75ac5662a5419b4609cab,,
29f862f1-7856-4302-8373-f8b06eca41c8,2026-08-28 05:58:35,2026-08-27,3a867661-d468-4559-884f-777a86ec8eda,COLLECTIBLE_TYPE,4923,Pluto,ULTRA_RARE,18.00,0x960e30ae1a18e9ebe6ae1b1adf414a2e9d632900,0x38e56b58ce359c92d8a0674da7923974f4bf2f2f,,
2eb7b986-32ed-4ab0-b73f-07eb9e572730,2026-08-28 05:56:29,2026-08-27,dfd04ee9-970a-4c10-bf41-8acadede5d28,COLLECTIBLE_TYPE,555,Single 5d 'Otira Gorge' gummed stamp,RARE,4.59,0x47ad9f0d3b51d31135bdae1ef30d6709cf4c89b3,0xbd44ce5717bcbef7a4d4d1ecde7c87fe23e47325,BigOz,a1nstinct
50c8445e-25a8-439d-9db4-1756c0689d8c,2026-08-28 05:55:09,2026-08-27,a29c77e8-29c1-4d9c-a07a-cbcaec9eec29,COLLECTIBLE_TYPE,322,Blue and Beta Animated 2,SECRET_RARE,327.87,0xf54beaa6713784e2e92cc5fc3a72ea6f6f806cda,0x38e56b58ce359c92d8a0674da7923974f4bf2f2f,,
5412a717-57d6-45a8-8a55-57da5783352e,2026-08-28 05:45:23,2026-08-27,5f1c43f9-3f5f-42ae-b418-71f0c47cbdf2,COMIC_COVER,69436,The Amazing Spider-Man,RARE,7.00,0x93365222c1bbe3b5853c0ca6234f130899bc2760,0xd6a9dd1bdc984f75d897a95c3d00ca5607fc6262,,
dd6aab27-1e7b-460c-ac6b-fb259308f4fa,2026-08-28 05:33:19,2026-08-27,488697cf-fc29-478a-807b-99795f740790,COLLECTIBLE_TYPE,11340,Bucky Barnes,RARE,5.99,0x61a4c513fd8d180bb3663b79328c6f603ce52d5e,0x014fbc3abe4ee47a59fbc79b2637976f63773fb3,,
8c84949c-14d0-4867-8eff-9edda47d1389,2026-08-28 05:33:05,2026-08-27,8854d1aa-b535-4a8d-9a7f-1392b8581136,COLLECTIBLE_TYPE,12147,John F. Walker,UNCOMMON,1.90,0x61a4c513fd8d180bb3663b79328c6f603ce52d5e,0x014fbc3abe4ee47a59fbc79b2637976f63773fb3,,
10dbdd95-1819-47b8-a535-7ecdeb4eab52,2026-08-28 05:32:28,2026-08-27,def65f71-6b97-4cff-a72d-e346d091c582,COLLECTIBLE_TYPE,27394,Sam Wilson,COMMON,1.99,0x61a4c513fd8d180bb3663b79328c6f603ce52d5e,0x014fbc3abe4ee47a59fbc79b2637976f63773fb3,,
0b01c608-7e9c-4623-9f15-b18b0b6133c3,2026-08-28 05:32:08,2026-08-27,86a1c74b-4fff-4729-9cf9-57d92f29e053,COLLECTIBLE_TYPE,24721,Steve Rogers,COMMON,7.15,0x61a4c513fd8d180bb3663b79328c6f603ce52d5e,0x014fbc3abe4ee47a59fbc79b2637976f63773fb3,,
e7e15f21-9786-41e2-aaa5-4183947bc733,2026-08-28 05:32:08,2026-08-27,478d47ad-3be8-444e-ad77-6974c758e38b,COMIC_COVER,1788,Darth Maul,COMMON,1.09,0xfa303470afd5519957932d42a958dcb6ff63edc8,0xca3cc1cbd3d82ef73aa355d5661fb8176571ab9a,,
f5ba93ae-3ae9-412e-80b2-0c4f29614776,2026-08-28 05:26:44,2026-08-27,a8e88f46-106f-4792-a9be-b511c776084a,COLLECTIBLE_TYPE,4912,Atlas Ready,RARE,14.00,0x2d2933beb21a100977804604194e2956983eb82c,0xca3cc1cbd3d82ef73aa355d5661fb8176571ab9a,,
9f0d91a6-0f7d-48ad-90e7-fa126ec13ac1,2026-08-28 05:24:33,2026-08-27,fec6128b-b0f8-4f18-9077-1f63aad3bc3c,COLLECTIBLE_TYPE,23,Beach Prank - Gold,RARE,56.00,0xc2e0884a154f1b61e3ca35b7a2cf051882fa1bba,0x2ffb58c9e0dfd8fa2cd24659463fa82c3b94fe72,,
0b1cd6f8-39ce-4c39-8d6e-7a0b1500b8cf,2026-08-28 05:22:43,2026-08-27,66b46e57-90c5-4556-a65e-6dc44899cea6,COMIC_COVER,3080,Marvel Comics,COMMON,23.00,0x61a4c513fd8d180bb3663b79328c6f603ce52d5e,0x6eec7f98ea69232c75f460c07e0a640665d844f3,,
2d27de5a-df15-416c-b431-d646a4494e0c,2026-08-28 05:13:25,2026-08-27,ebf0810d-353d-49d2-9fd8-032aaae61f6a,COLLECTIBLE_TYPE,5062,Magic Lamp from Aladdin,UNCOMMON,15.95,0x1bad8c14218f994f5cad1f48cea191ed6f81a0c5,0x164703d2278977aedbccd267351c9634a8a82a79,,
c3c2c019-96be-4c3f-b365-da75e5d7a019,2026-08-28 05:12:08,2026-08-27,fe0f996e-9621-4a5d-939e-e79032a631db,COLLECTIBLE_TYPE,2836,Maestro,UNCOMMON,18.95,0xcd9ac1f5e889bd55e9afbf0341132200c87c7307,0x3c7e5c74efdbb92dbcddf159b8289f3fc801cb1a,,
ec5e677e-f533-4962-b2a4-5a27250e17d0,2026-08-28 05:09:04,2026-08-27,01bd4803-ce5d-45ed-9cfa-1d225aa8450a,COMIC_COVER,871,Saga of the Sub-Mariner,COMMON,1.70,0xe1db8c9c0f2723652b71861bf0ac86ebc5fb7090,0x46da3b0fa2a144c2cd8489ad988ee4027449468a,,
abdcaa0e-c846-43bd-aaed-00b99c8146a1,2026-08-28 05:07:01,2026-08-27,0b759885-8fa7-4cf6-bd33-65f76e70ae25,COMIC_COVER,690,The Amazing Spider-Man,COMMON,3.69,0x6ebc3302aea96d159cc826572486b6198c47d451,0xfffd1710ad95d42492d4f4348d90c8d366010ac5,,JTrevo
c0dc4a53-fdd7-441a-89ce-7990660d53e2,2026-08-28 05:05:18,2026-08-27,c51ded06-ecd3-43b9-b67a-3760750a8e85,COMIC_COVER,339,Avengers: Armageddon,RARE,8.00,0x88e8fe8c552a59be0a9c21b74a41fd5fbcbf2dee,0xd819e2d3861e73536c58dddaa1a03522df6b921d,Aroostic,
2070f340-0ad8-47b7-a65c-684fa19a37d0,2026-08-28 05:05:07,2026-08-27,7db9bfc2-0833-409e-996a-26f2d8d95687,COMIC_COVER,859,Saga of the Sub-Mariner,SECRET_RARE,75.00,0x0f57d5818c214e601a5e90dbf701e84037f3a519,0x2a48d161e580104b63b45797d665138bb80a6616,,
c94c82a8-86df-496a-8450-4573a8278fb5,2026-08-28 05:04:49,2026-08-27,76bde5a2-b2af-46cb-9259-e64af99359b5,COMIC_COVER,10592,The Incredible Hulk,COMMON,1.20,0xe1db8c9c0f2723652b71861bf0ac86ebc5fb7090,0x479f1e05fc168f9df4fec38dd9f0f43f5f79b201,,
cc9aeab6-4065-4c80-918d-47041c1e6180,2026-08-28 05:04:41,2026-08-27,01bd4803-ce5d-45ed-9cfa-1d225aa8450a,COMIC_COVER,668,Saga of the Sub-Mariner,COMMON,1.70,0xc9f3376c16946692a2ea98441f4f4c01117c533e,0xd819e2d3861e73536c58dddaa1a03522df6b921d,Mikeysab,
fcdb3727-87bb-4e36-b64f-cd3bd8650e83,2026-08-28 05:04:03,2026-08-27,7db9bfc2-0833-409e-996a-26f2d8d95687,COMIC_COVER,570,Saga of the Sub-Mariner,SECRET_RARE,75.00,0x5c351ffda198aa91df287ad320c592222a9dc67c,0x2a48d161e580104b63b45797d665138bb80a6616,,
9f1a3090-5440-4cbd-b82e-b1660b6fae45,2026-08-28 04:57:18,2026-08-27,391a48df-616d-4f3c-b183-d7f7a6414b01,COLLECTIBLE_TYPE,6,Nozzle Eye - VeVe Spectrum,COMMON,775.00,0xaa8d060555697549431218fb06b04037b7162343,0x2987ae6783663ee94489079427a9b57fa81a2eb8,,rafouz
eb4aafda-b794-4a0a-b50c-99939d460df0,2026-08-28 04:50:58,2026-08-27,2090a138-713d-4516-a8f8-625a4f24c3a6,COMIC_COVER,775,The X-Men,UNCOMMON,9.00,0xfe538e230e088ee1e83c3664d0f4d3a03c5f47da,0xb13047e157ba706979b053507a65431c969c4a27,,klimster85
ea6d999a-8863-40a6-9204-f08c28f0e3df,2026-08-28 04:46:16,2026-08-27,06137121-cc15-4b85-b69d-346b97d20337,COLLECTIBLE_TYPE,521,Maserati MC12 - Pantone Orange,RARE,29.90,0x8b849b6b0de1d98126d983d988d2731ca7e3e343,0xca5d879f9b68f443a962cb9d66a9718f82c002f6,,
f245f4de-358f-4bec-9f3b-afc968df4ff6,2026-08-28 04:42:24,2026-08-27,918ccd19-3685-4b90-b82c-e72d2bf9de4b,COMIC_COVER,882,Avengers vs X-Men,SECRET_RARE,888.00,0x61c9c27ba16cc392897cd6a8b3b813ca22d51ff7,0xb04f582df0cf05164b33d3bd1359d17ba964b7fa,,
63f14123-7789-4497-945a-330065b819a9,2026-08-28 04:33:47,2026-08-27,2e31455d-8c38-405d-b2f6-50b2e5d27ea0,COLLECTIBLE_TYPE,11010,Iron Man,COMMON,54.00,0xea8a2603e6e39ea4d75087b4e6037865d502b884,0xcc12279fb7ae465bff46a84ecf23bf934d6757e5,HarryVeve,
2419d2de-c990-42d6-b83a-1c67326173a2,2026-08-28 04:33:22,2026-08-27,2ccfc9ca-15ef-4369-b6fc-2ec960b5f1ee,COMIC_COVER,1459,The New Mutants,COMMON,5.49,0x4dad8c9bbc92851f617b34a0a7d7d1a487f10349,0xb13047e157ba706979b053507a65431c969c4a27,,klimster85
c2221abd-7c43-4c9e-a78b-7be27ea0812b,2026-08-28 04:31:29,2026-08-27,641f5b8a-c828-47c7-a83d-a3cba54451b1,COMIC_COVER,3731,Iron Man,COMMON,1.50,0x35ab6181d1ef0f8abb150bba3209f7e50c444b8c,0x1b7ea6b0eebc1e8b65bff1879463e69242ca4c31,,
63b69ab4-fc5f-4753-8e83-c6a746bbd48e,2026-08-28 04:31:03,2026-08-27,641f5b8a-c828-47c7-a83d-a3cba54451b1,COMIC_COVER,1089,Iron Man,COMMON,1.50,0xc6a816c6cc4dafd17448c67ad9d45b139ca0aba3,0x1b7ea6b0eebc1e8b65bff1879463e69242ca4c31,,
fa061dc2-90ab-4fcc-b00a-6463d88de7a8,2026-08-28 04:22:45,2026-08-27,498538cb-af6d-4f5c-9add-4e9043ef8d9e,COMIC_COVER,476,Secret Wars II,COMMON,4.00,0xe6d02e5a4f41f1b280f4c52b070e0886d81fe78c,0x7e042fe73b862452eab7cdf171ff41e68732e349,,
74035cca-6cb3-4210-933e-71a0cdf6f921,2026-08-28 04:21:08,2026-08-27,1d6e3ec6-a913-46ce-bdaf-73f93296ce43,COMIC_COVER,752,Dazzler,UNCOMMON,4.99,0xc38ba2d4f887c7b5bb84bf0ea297ad0b75398887,0xb13047e157ba706979b053507a65431c969c4a27,,klimster85
c77931f4-7de0-4faa-9ebd-52738d582187,2026-08-28 04:15:12,2026-08-27,66b8409b-48b6-4986-921a-f476ec29fee4,COMIC_COVER,833,Spider-Man Noir,RARE,7.98,0x88e8fe8c552a59be0a9c21b74a41fd5fbcbf2dee,0x7b1057359efbaaf464c3b1f8b0bd43787d63bb92,Aroostic,
0c090364-75ee-47cc-9895-b5969c801131,2026-08-28 04:14:11,2026-08-27,1cf11349-fe5b-4558-b801-9fcff5125f5f,COMIC_COVER,2584,The Amazing Spider-Man,COMMON,5.49,0x4dad8c9bbc92851f617b34a0a7d7d1a487f10349,0x35ab6181d1ef0f8abb150bba3209f7e50c444b8c,,
304dfeb1-cca7-468a-998c-0517d0c9c2d7,2026-08-28 04:08:03,2026-08-27,1bfa854f-aa36-4851-aea5-ae19b2fa1a85,COMIC_COVER,5719,Star Wars Special: C-3PO,COMMON,1.50,0x4187e4287acce37f6dc1446072146a9c9cb48989,0xb7a6069bccefd110041e7acb5dc2b43216076b20,,
c1eac49f-3b07-4131-9461-9716511e2706,2026-08-28 04:04:56,2026-08-27,cdce3d25-b015-4565-8097-81bbfc524e54,COLLECTIBLE_TYPE,3585,Daredevil,RARE,29.00,0xf766f95fa592646f068a1821e5b6496efaf1a3bf,0x03bb6abd9143981b5c81b3394c512f4f0a71bbe7,,
0207e752-595f-4598-be3f-4ac69b8992de,2026-08-28 04:04:41,2026-08-27,d8c0c3b9-14d0-44da-8f60-4693153e9efc,COMIC_COVER,1856,Avengers,ULTRA_RARE,14.00,0x4b72097e2ef8d4d5c2c8d316acdbfd2396c01a12,0x35ab6181d1ef0f8abb150bba3209f7e50c444b8c,,
87e8bacf-58f3-47ac-88dd-dbd556a370ea,2026-08-28 04:04:36,2026-08-27,f9806534-f799-4782-a060-48cede672f8a,COMIC_COVER,180,Spectacular Spider-Man: Brand New Day,COMMON,3.29,0xfa303470afd5519957932d42a958dcb6ff63edc8,0x2a023e90362787449c85607d785d0cefbe4d0386,,
030aa2ef-7906-4336-b2ff-760fc6843cf9,2026-08-28 04:01:48,2026-08-27,92ceb5b8-dccc-45ff-b7ca-a52f3e5a8b8b,COMIC_COVER,24934,Tales of Suspense,UNCOMMON,14.95,0x03bb6abd9143981b5c81b3394c512f4f0a71bbe7,0xc7ed902577b999c93d9425653997d9af84299085,,
23d6b43b-a968-485f-a774-8712c5c09a86,2026-08-28 04:01:38,2026-08-27,92ceb5b8-dccc-45ff-b7ca-a52f3e5a8b8b,COMIC_COVER,21753,Tales of Suspense,UNCOMMON,14.95,0xb043f19710d524202471756c04239f197f9c6d79,0xc7ed902577b999c93d9425653997d9af84299085,,
be757357-230c-4fd9-b2fa-612ac85970be,2026-08-28 04:00:06,2026-08-27,7f57a6cc-5cfe-4a79-8671-8ace2a4f75fd,COMIC_COVER,13721,The X-Men,UNCOMMON,19.95,0x4dad8c9bbc92851f617b34a0a7d7d1a487f10349,0xc7ed902577b999c93d9425653997d9af84299085,,
efb883e9-344d-4761-92bd-52e4703622b1,2026-08-28 03:58:57,2026-08-27,7f57a6cc-5cfe-4a79-8671-8ace2a4f75fd,COMIC_COVER,20988,The X-Men,UNCOMMON,19.95,0xb13047e157ba706979b053507a65431c969c4a27,0xc7ed902577b999c93d9425653997d9af84299085,klimster85,
07862ef4-dfa7-44ff-bfe0-621b05a73fc6,2026-08-28 03:58:45,2026-08-27,18696bc7-65c0-43b1-8896-97266642cd96,COLLECTIBLE_TYPE,567,Attack Ready,COMMON,2.90,0x21188c1d9afb6cc5a0243f6f8dcd5d149e7672e9,0xcc12279fb7ae465bff46a84ecf23bf934d6757e5,Sfriedl6969,
428f06fd-df39-4869-b827-9cabf66780b5,2026-08-28 03:51:59,2026-08-27,f03984f1-f566-45e7-9ff4-aeedc23523bc,COLLECTIBLE_TYPE,303,David Yu,UNCOMMON,14.50,0x229d5a5db58654d41dc8276bcac2975aaa45e1ea,0xa12be857785ff0d4f046f83b3abab90edbb32aff,,
3d719e4f-7c8c-435c-9623-f43a3212ac6e,2026-08-28 03:49:04,2026-08-27,c46bd4ae-5d67-475d-b93e-98e334cd29c8,COMIC_COVER,1644,Uncle Scrooge: My First Million,COMMON,3.99,0xdccc588cf79463ec379252ce43acb4030a640809,0xa12be857785ff0d4f046f83b3abab90edbb32aff,,
69ecb6d3-6d78-439e-ab16-ddffb3f26d83,2026-08-28 03:46:32,2026-08-27,96efdc03-c20e-4816-9644-248821fcbb9a,COMIC_COVER,996,Marvel & Disney: What If…? Goofy Became Spider-Man,COMMON,9.99,0x7e042fe73b862452eab7cdf171ff41e68732e349,0xa12be857785ff0d4f046f83b3abab90edbb32aff,,
2214e7ad-1300-4c4f-9128-df084b975f7d,2026-08-28 03:41:54,2026-08-27,a494f556-ebcd-4252-b4ec-ccd52c331c5c,COLLECTIBLE_TYPE,915,Mickey,UNCOMMON,14.70,0x9f4caaec6a2e9f8409b704f3ef16f0d51e827cdf,0xbff68537190234fc7c7cfa1e3e728240febf4b44,,Murphskillet17
2ded6815-36ed-49a1-ba97-5aefd3494730,2026-08-28 03:35:31,2026-08-27,7b76ceee-2678-4957-af06-8cd97e37833a,COMIC_COVER,13566,Uncanny X-Men,COMMON,3.28,0xdafbc5ea5117b7c00d209b0a8783c56f5a3abe49,0xef0b3bc019d850671717d65377ec9a4f44156788,thesnackman,Detectivekunkun
6293f0e6-bf55-4978-8e94-fd0ef20e7ff1,2026-08-28 03:35:26,2026-08-27,7b76ceee-2678-4957-af06-8cd97e37833a,COMIC_COVER,6078,Uncanny X-Men,COMMON,3.28,0xc6a816c6cc4dafd17448c67ad9d45b139ca0aba3,0xef0b3bc019d850671717d65377ec9a4f44156788,,Detectivekunkun
b101b09f-06b3-41f4-b63d-8f4a5855ced9,2026-08-28 03:33:03,2026-08-27,ad731c31-1c3b-4a27-a9ec-3b12bc69269a,COMIC_COVER,454,Space Pirate Captain Harlock,COMMON,5.97,0x737e0c654d5e060039385bc349a7b4cbb0c6a62a,0xef0b3bc019d850671717d65377ec9a4f44156788,,Detectivekunkun
c18ba9cd-f835-4061-b196-eb1b0c72bd03,2026-08-28 03:27:50,2026-08-27,9d9643bc-a33f-4a4b-a397-7162e4cff142,COLLECTIBLE_TYPE,662,Nijiko,RARE,3.50,0x46df8b5589e6193a42c2c09cf8fa0f08283300a6,0x88fd9cc5423750953264207e42cdb56f54cf662b,,
4177fb43-0e9c-43c4-afdb-5ea8e5dc5799,2026-08-28 03:25:31,2026-08-27,1d6e3ec6-a913-46ce-bdaf-73f93296ce43,COMIC_COVER,435,Dazzler,UNCOMMON,4.99,0xc338fe1210cafb6b5019e1e532ae295e6da9e9c7,0xb7a6069bccefd110041e7acb5dc2b43216076b20,,
73e3d840-2fdc-4859-a1a7-9070d75d9f3c,2026-08-28 03:20:12,2026-08-27,4da97803-e2dd-459d-ba70-a44b51aaa9a7,COLLECTIBLE_TYPE,1374,Exitar the Exterminator,UNCOMMON,5.00,0x7831ac4c9b585cbf93a6e2ec9c71513aafef21c4,0x6ce16df2dda6e082b02d2dc390b3b3eb60c3b83b,,
5f9ca37f-01f2-4cd5-9322-8619bc5dd141,2026-08-28 03:18:26,2026-08-27,36870fc2-0fa9-47f8-937c-b56eb1288ad2,COLLECTIBLE_TYPE,848,Single 5s 'Mount Cook' gummed stamp,UNCOMMON,4.99,0x47ad9f0d3b51d31135bdae1ef30d6709cf4c89b3,0xc338fe1210cafb6b5019e1e532ae295e6da9e9c7,BigOz,
57142a56-a137-42e0-8b9e-a9b01dc2ff02,2026-08-28 03:16:20,2026-08-27,63784d1e-edc7-47d0-990c-cc9bfd334287,COLLECTIBLE_TYPE,1160,Doc Ock - Marvel Metallic Red,ULTRA_RARE,30.00,0xc91d5ac7220df8b6165510797a9de03dc03b4c5a,0xd715bef565b604260f26e509124e237005b8f9f1,,
c2196435-e0ae-457d-a5f2-f910d715d205,2026-08-28 03:13:04,2026-08-27,03275e70-560f-4e30-bd01-6c0f1232ea87,COMIC_COVER,2975,Fantastic Four,UNCOMMON,2.80,0xf7d3308dc81688e4d81e37be137127d9b3b32fc0,0xb7a6069bccefd110041e7acb5dc2b43216076b20,,
49166b25-e7b4-4f3d-9d15-32802cb14935,2026-08-28 03:12:02,2026-08-27,cd7e1761-e21f-4356-8c43-2de19a293220,COLLECTIBLE_TYPE,3377,Sam Wilson - On Guard,COMMON,35.00,0xc1902b4a930c8d409af78ee6fae3b98cb98ab65a,0x6ce16df2dda6e082b02d2dc390b3b3eb60c3b83b,,
e687b67d-0a04-4b91-a385-96f5e6a8c89b,2026-08-28 03:11:15,2026-08-27,7d5c1fd1-45df-4d5c-ba52-ddb1db470e8f,COMIC_COVER,4994,The New Avengers,COMMON,1.00,0x8a8cb9d2e312529bde00f0b04e4725c9f9185db4,0xb7a6069bccefd110041e7acb5dc2b43216076b20,,
72ffd0bf-8e49-42fb-8498-f3a43070ae68,2026-08-28 03:08:50,2026-08-27,3ed6aaae-a299-49c8-80b8-7bfc4bc0d8d4,COMIC_COVER,5756,The Amazing Spider-Man,COMMON,6.60,0x7e83c3cb90d4e7cde15a168206907306eeed77ad,0xd715bef565b604260f26e509124e237005b8f9f1,,
b167228b-3468-40a0-87e5-362e6e1c4674,2026-08-28 03:01:06,2026-08-27,ca046652-f132-431b-ab71-f76f7a09fa1d,COMIC_COVER,2886,The Avengers,UNCOMMON,2.99,0x94d0f797f01b63ceecf6ad98166d92049bbbec47,0xb7a6069bccefd110041e7acb5dc2b43216076b20,,
a80ef860-cb20-463c-b837-1acce4a174f8,2026-08-28 03:00:34,2026-08-27,2b73c05e-beab-46a8-a409-453b82e3df0e,COMIC_COVER,952,Miles Morales: Spider-Man,RARE,3.50,0xae16400e6107df7171cf8767487ffebef0e59954,0xb7a6069bccefd110041e7acb5dc2b43216076b20,,
dbc8cea7-7d1e-4b1e-94f3-be02238cb247,2026-08-28 02:58:05,2026-08-27,444f60ea-3bfd-472b-b774-24916aba489f,COLLECTIBLE_TYPE,603,Lamborghini Countach LP 400 - Bianco  Siderale,RARE,19.99,0xb870e292daf508a6bbb8e5434cf99c7da252a681,0xca5d879f9b68f443a962cb9d66a9718f82c002f6,TheCharismaticShredder,
c9a74c3f-0ada-450d-9f28-27101cb19ec8,2026-08-28 02:57:48,2026-08-27,69aa8eb1-0cd0-4a6f-8ee5-d06bd3eac21f,COLLECTIBLE_TYPE,481,Miura - Bianco Polo Park,RARE,29.00,0x22fa22db7f4cac2c802ae5f263c644f2eaea945c,0xca5d879f9b68f443a962cb9d66a9718f82c002f6,,
5a3c549e-5b42-4e66-8d2d-e6b70560dfd6,2026-08-28 02:53:31,2026-08-27,8e553d98-d05f-4856-acec-8696b33e11f9,COMIC_COVER,180,Captain America,UNCOMMON,11.50,0xaa8d060555697549431218fb06b04037b7162343,0xade53fc03f5da8122cafd666233b5ae3a688a224,,
dd1e8f77-c3d4-4be1-9ba6-28522e87221a,2026-08-28 02:51:34,2026-08-27,31e89ed2-c694-41cb-944d-e0636dece312,COLLECTIBLE_TYPE,1220,Belle,UNCOMMON,24.95,0x7831ac4c9b585cbf93a6e2ec9c71513aafef21c4,0x94b96a371a23ad9df013177b909a395e2ded1f0a,,
160a13a9-26bd-4ab8-b3ac-b1177866ef0b,2026-08-28 02:50:11,2026-08-27,4cbc534c-3332-4f0c-a3f1-05f7b030224c,COLLECTIBLE_TYPE,851,POW!,COMMON,1.00,0x2b2fc761916fdf1305366e216a5517e2835a146b,0xade53fc03f5da8122cafd666233b5ae3a688a224,,
49d92472-a61f-487a-9834-a6ae50313563,2026-08-28 02:49:40,2026-08-27,a30604ac-4ac1-4f27-93b3-33620eb250f4,COMIC_COVER,9517,The Amazing Spider-Man,COMMON,8.50,0xd7b836470fe510048ed7c698f46ff3f0f5fd87c2,0xb89b6abaebcebdddf343010b58bf4ae6cb16f199,,
6ec1bb87-c9da-4216-a388-ce2d171d9763,2026-08-28 02:49:38,2026-08-27,32cf9730-e895-4be0-9feb-a88cc4002463,COLLECTIBLE_TYPE,943,BAM!,COMMON,1.00,0x5c351ffda198aa91df287ad320c592222a9dc67c,0xade53fc03f5da8122cafd666233b5ae3a688a224,,
3baf31c5-cc62-48b0-bcb4-01f97e42dad2,2026-08-28 02:49:03,2026-08-27,a8ab32d1-0a13-4981-864c-03a547da3948,COMIC_COVER,199,Wolverine: Revenge,UNCOMMON,7.98,0x88e8fe8c552a59be0a9c21b74a41fd5fbcbf2dee,0x45e61afcce0ed538c531073fc39e02bc6c277545,Aroostic,Beerman2003
668b231b-2807-4029-96e6-863922b19f90,2026-08-28 02:47:45,2026-08-27,98ccff78-6042-42d7-849b-dbb09f3ad944,COLLECTIBLE_TYPE,418,Ken,COMMON,90.00,0x7aad8aec93d777f2f9314cac77b9dad5221bef89,0xc94a5cbfdf370666d765c4a1a76416fe941ce331,,
0f18fa4a-e747-4f05-b0d5-16cf19c1f9ad,2026-08-28 02:45:42,2026-08-27,d350feb0-a464-4ac5-a763-2e13ce688219,COMIC_COVER,6278,Captain America,RARE,41.22,0x4b72097e2ef8d4d5c2c8d316acdbfd2396c01a12,0xc1902b4a930c8d409af78ee6fae3b98cb98ab65a,,
dfb0cf63-35aa-486a-9793-198c1d30ede5,2026-08-28 02:42:29,2026-08-27,0c63b58e-a6cd-4f26-83bf-9a7544fe6688,COMIC_COVER,277,What If…? Captain America,COMMON,7.00,0xc6730f46c02113ceb47ebd590544b9f7eba39f00,0xa0b5b03aa2ea581f612a39496161970f7cfcc09e,,
df70a241-ae0b-4555-bb28-c74cea4a1f0a,2026-08-28 02:37:54,2026-08-27,388e5613-b6a4-420a-8e47-73f444092a7c,COMIC_COVER,11914,Jungle Action,COMMON,1.29,0x57c2ed16929a1e09f2863a5326e369082cb5ed06,0xc09e5ba70ec075a93b66348bcd956e218a4855c6,,
f238ef6e-dcdf-4b79-b357-596523934418,2026-08-28 02:37:19,2026-08-27,4b3b200b-8469-43a2-aa68-114a4d9e0306,COLLECTIBLE_TYPE,5385,Spider-Man – Jump into Action,RARE,64.00,0x722ce84d6d0527e0ee433a461a1209e624308e19,0x7b58c0da53728fa61c5acd46565ceae5c1681252,jici,
5f9e5124-561b-4712-8f45-2fd79dfdd974,2026-08-28 02:36:54,2026-08-27,bc33f029-30b6-4125-b74e-a779917de72a,COMIC_COVER,9106,Amazing Spider-Man Annual,COMMON,1.11,0xafb6bded4ee173fdb3c07d0d129323deec542623,0xc09e5ba70ec075a93b66348bcd956e218a4855c6,,
b8daea86-ff60-4fd7-b790-4bfa2ac848b0,2026-08-28 02:36:30,2026-08-27,6dfe3789-1ad9-4232-a6cd-b657eb90efdd,COLLECTIBLE_TYPE,534,Pizza Boxes,COMMON,1.80,0xda791c3f2f64d1722aab292f45a2f857b88b0b64,0x5bd8f708acf114b8cb3b98b41e27447c034dfad9,,
30627914-b586-41da-bae3-daf02064c668,2026-08-28 02:35:18,2026-08-27,39377fff-b09c-408f-95ff-2c39e166e78b,COMIC_COVER,2524,Fantastic Four,ULTRA_RARE,22.99,0x722ce84d6d0527e0ee433a461a1209e624308e19,0xa0b5b03aa2ea581f612a39496161970f7cfcc09e,jici,
b22fc03d-8d41-46b6-985e-719a46968e01,2026-08-28 02:31:36,2026-08-27,58acd794-e8bf-483a-8c13-d58adacdc1cd,COMIC_COVER,182,Fantastic Four: 65 Years Of The World's Greatest Comic Covers!,COMMON,2.50,0x5c351ffda198aa91df287ad320c592222a9dc67c,0xb7a6069bccefd110041e7acb5dc2b43216076b20,,
f1ed8236-9a62-4dbf-bb3e-030e770aeedc,2026-08-28 02:30:23,2026-08-27,ffabb2e2-810d-4f83-91e7-3d6b80c0f194,COLLECTIBLE_TYPE,1300,Thor - Ultimate Animated,SECRET_RARE,111.11,0x2d2933beb21a100977804604194e2956983eb82c,0xc09e5ba70ec075a93b66348bcd956e218a4855c6,,
3cb1c7a4-c3cf-44f6-b5a5-8351a6c5a4e5,2026-08-28 02:30:23,2026-08-27,885c0f8a-2c4f-4ad0-ba25-a45c6eefd48b,COMIC_COVER,16804,Venom,COMMON,2.40,0x6eec7f98ea69232c75f460c07e0a640665d844f3,0xb7a6069bccefd110041e7acb5dc2b43216076b20,,
7ff6f5ae-e69b-4a2c-93fc-1bd24a74de02,2026-08-28 02:29:33,2026-08-27,879d01e4-b240-4934-b854-fb66afe2c927,COMIC_COVER,686,The New Avengers,UNCOMMON,2.00,0xc1902b4a930c8d409af78ee6fae3b98cb98ab65a,0xb7a6069bccefd110041e7acb5dc2b43216076b20,,
c4d1c2d6-61e8-489f-a9bc-62469d990e07,2026-08-28 02:28:04,2026-08-27,b007a235-a980-46dc-a12e-8d0fafde406d,COMIC_COVER,849,Avengers,RARE,5.50,0xaa8d060555697549431218fb06b04037b7162343,0xbf414303e44475ac380590c506e79c9ab7abe95a,,
0c523dac-1fe5-4a90-899e-a23136a9ea98,2026-08-28 02:27:15,2026-08-27,c6d82ab3-4b71-4125-808b-852d25aea658,COMIC_COVER,868,Star Wars,COMMON,3.50,0x88e8fe8c552a59be0a9c21b74a41fd5fbcbf2dee,0xb7a6069bccefd110041e7acb5dc2b43216076b20,Aroostic,
b2eddf47-627e-4ed9-80bf-553fa85d97f6,2026-08-28 02:27:05,2026-08-27,da4f0ab8-00be-498e-8784-bde7d0d105e2,COLLECTIBLE_TYPE,224,#56 Bruce Timm Harley Quinn,COMMON,30.00,0x03bb6abd9143981b5c81b3394c512f4f0a71bbe7,0x46df8b5589e6193a42c2c09cf8fa0f08283300a6,,
24b3b8f7-bc05-46c4-998c-67de4a6cd24f,2026-08-28 02:26:56,2026-08-27,7dc87d27-227d-46f8-a117-098731b0a41a,COMIC_COVER,12702,Ultimate Fantastic Four,RARE,3.79,0x596fa2eec3933ebcf33d1b957ef981714362f736,0xa875a4e13b93aa3c466e9e850af6c85540f40911,,
b42df0d9-ded5-4ef4-9526-6311a47aa1ed,2026-08-28 02:25:29,2026-08-27,e1f85509-adba-4417-a9eb-4241b270ad3a,COMIC_COVER,22641,The Eternals,RARE,4.99,0x93365222c1bbe3b5853c0ca6234f130899bc2760,0xa875a4e13b93aa3c466e9e850af6c85540f40911,,
2a54f367-3188-42d2-a0c3-750ca482b9d1,2026-08-28 02:23:46,2026-08-27,507b7409-2ba4-4801-9e5d-9b6fbdc29314,COMIC_COVER,6444,West Coast Avengers,UNCOMMON,2.49,0x23df42edcf3c37e8156ad7fcd3e089cb48cda2cb,0xb7a6069bccefd110041e7acb5dc2b43216076b20,,
f924f62f-ca9c-4ade-8d21-0911d38cda90,2026-08-28 02:23:00,2026-08-27,22f384cc-9f0a-42c8-8f22-89b860dcebc9,COMIC_COVER,9921,Guardians of the Galaxy,COMMON,2.99,0x737e0c654d5e060039385bc349a7b4cbb0c6a62a,0xb7a6069bccefd110041e7acb5dc2b43216076b20,,
2a3cd81a-46d8-4eb2-b339-4d298d2fab73,2026-08-28 02:22:46,2026-08-27,1f2a2ce0-6840-4b10-9e55-67cd7974f761,COMIC_COVER,375,The Amazing Spider-Man,COMMON,7.00,0x633c7d08a1d14098874418af5bb5b656af302610,0xb7a6069bccefd110041e7acb5dc2b43216076b20,,
eb3d105b-f01a-4f9c-9e60-82d526061422,2026-08-28 02:21:58,2026-08-27,f9fdfaed-7e52-47ec-bad6-ba9e54f988d0,COMIC_COVER,381,The Amazing Spider-Man,UNCOMMON,2.45,0xc17413a468119daf012bc7a534716a8d5002120f,0xb7a6069bccefd110041e7acb5dc2b43216076b20,,
7662984b-0add-410f-bd22-44b42e7eeb91,2026-08-28 02:21:35,2026-08-27,d7d1736f-9dd6-441b-ba5d-0c54c3fee842,COMIC_COVER,861,Zero Ghost,COMMON,2.25,0xa1b780a6c8f7b48df2e072fe27fbbf2563b5468c,0xb7a6069bccefd110041e7acb5dc2b43216076b20,,
1114c383-30a0-468a-a97e-8fffcc4cd3aa,2026-08-28 02:21:03,2026-08-27,d6f429e9-d2f9-4eb7-91da-7b75078155f4,COMIC_COVER,522,Avengers,UNCOMMON,2.19,0xaa8d060555697549431218fb06b04037b7162343,0xb7a6069bccefd110041e7acb5dc2b43216076b20,,
3c2702e6-6c56-4a01-8bde-5cb79c110e56,2026-08-28 02:20:01,2026-08-27,7f7b555d-330c-450d-8331-de8e558c56ee,COMIC_COVER,760,Web of Spider-Man,ULTRA_RARE,9.95,0x87cd7b4e8ad06ab2c0fed1c9a47a9d81f20622cf,0xf0ff3df07df8e4212e0b53ae48a4d834c492fedf,,
f354028c-4a52-4f1a-ad11-aac9746fcb4b,2026-08-28 02:19:52,2026-08-27,7f7b555d-330c-450d-8331-de8e558c56ee,COMIC_COVER,305,Web of Spider-Man,ULTRA_RARE,9.95,0xba385725c9600e6771b11b379cac5bbc1aef831b,0xf0ff3df07df8e4212e0b53ae48a4d834c492fedf,,
9ac34ee0-058d-411f-a991-4864db0d7e99,2026-08-28 02:19:44,2026-08-27,7f7b555d-330c-450d-8331-de8e558c56ee,COMIC_COVER,552,Web of Spider-Man,ULTRA_RARE,9.95,0xd7b836470fe510048ed7c698f46ff3f0f5fd87c2,0xf0ff3df07df8e4212e0b53ae48a4d834c492fedf,,
e778986d-2f2f-4a08-bfa4-ad01396d5d38,2026-08-28 02:19:35,2026-08-27,7f7b555d-330c-450d-8331-de8e558c56ee,COMIC_COVER,948,Web of Spider-Man,ULTRA_RARE,9.95,0x7622fc2b1024f0d1f033371898485121402ca99f,0xf0ff3df07df8e4212e0b53ae48a4d834c492fedf,,
596996c4-321c-41c2-94cf-7808321e8241,2026-08-28 02:11:05,2026-08-27,e437b83f-d30d-4254-8152-404d7b0202ee,COMIC_COVER,7774,The Amazing Spider-Man,ULTRA_RARE,70.00,0x87cd7b4e8ad06ab2c0fed1c9a47a9d81f20622cf,0xf0ff3df07df8e4212e0b53ae48a4d834c492fedf,,
07c24af5-95bf-43e7-b3ec-0a20a0e5ade1,2026-08-28 02:10:54,2026-08-27,e437b83f-d30d-4254-8152-404d7b0202ee,COMIC_COVER,4144,The Amazing Spider-Man,ULTRA_RARE,70.00,0xc91d5ac7220df8b6165510797a9de03dc03b4c5a,0xf0ff3df07df8e4212e0b53ae48a4d834c492fedf,,
b4c12263-d8b5-40ff-bc31-9e9d4dc8c1c8,2026-08-28 02:09:16,2026-08-27,e437b83f-d30d-4254-8152-404d7b0202ee,COMIC_COVER,2880,The Amazing Spider-Man,ULTRA_RARE,70.00,0xf2a078a23bace15f35212f1a50303b7168950f2f,0xf0ff3df07df8e4212e0b53ae48a4d834c492fedf,,
6b6f23b7-1006-435a-8e16-706a3d445b81,2026-08-28 02:08:55,2026-08-27,4b3b200b-8469-43a2-aa68-114a4d9e0306,COLLECTIBLE_TYPE,4716,Spider-Man – Jump into Action,RARE,64.00,0x16628b0532e887d7226d6bbe0ea489b3fcc29e11,0x2424b08390020737ac0007cc02dd98a44329c4bb,,
a4af7ef7-fd0a-4e8e-8c4b-568c7f34f314,2026-08-28 02:08:01,2026-08-27,4b3b200b-8469-43a2-aa68-114a4d9e0306,COLLECTIBLE_TYPE,958,Spider-Man – Jump into Action,RARE,64.00,0x3bc803084b7e6d66f38e904c6c08cff5871147a6,0x2424b08390020737ac0007cc02dd98a44329c4bb,,
c9d6a1dd-badf-46d1-a59e-8fe8c5f7f55a,2026-08-28 02:07:05,2026-08-27,77857a70-edf2-4401-9798-93f63b941d60,COLLECTIBLE_TYPE,892,Vulture,UNCOMMON,5.00,0xdf31c38c9d63d25f84c477491821732023d62863,0x3298eba1145d24dbbb5de9c56e2c8ad91f6daa55,,
f81814e8-2500-4bd6-94ce-c4ce75ef3359,2026-08-28 02:05:44,2026-08-27,77857a70-edf2-4401-9798-93f63b941d60,COLLECTIBLE_TYPE,699,Vulture,UNCOMMON,5.00,0x32aa90337734c0445e2191d20e061ca3d6bde80f,0x2424b08390020737ac0007cc02dd98a44329c4bb,,
9ab9cadb-62b9-4dad-b6fc-94b7ebc01287,2026-08-28 02:05:43,2026-08-27,295ead7b-e20b-45e6-88e1-f280e55faf07,COLLECTIBLE_TYPE,197,FDP Tower,SECRET_RARE,22.00,0x2c6a5c54e3dfd72ba88f983102117ce22573063e,0xe141506efc7445961fbfedbc7bf0a074964d3fa5,,
7b192d6c-ebc0-4cfb-9535-cf27e1c70e79,2026-08-28 01:58:14,2026-08-27,3510f366-2964-49ae-b856-a29064e9c253,COLLECTIBLE_TYPE,331,She-Hulk - Prosecutor Punch,SECRET_RARE,50.00,0x6ce16df2dda6e082b02d2dc390b3b3eb60c3b83b,0x03bb6abd9143981b5c81b3394c512f4f0a71bbe7,,
fb254c6d-9dc4-4c67-8ab6-7e5f673e26ac,2026-08-28 01:44:05,2026-08-27,02af3a32-5603-476e-9247-ff315d724aaf,COMIC_COVER,8693,Marvel Zombies,RARE,9.99,0x66e3d5ffa80294c8822aad57f6a73e715ef8a169,0x11e4731a41f20e328d69d714b7d2a5fc5ebdef8a,,
274738bc-99ae-4bf6-be34-08dbe1488570,2026-08-28 01:31:11,2026-08-27,768e3b9d-2b74-420e-be62-2a375fbd911f,COLLECTIBLE_TYPE,1954,Crowd Favorite,COMMON,6.99,0x3e03d27a1bdea71002280b8677cb3bc7b3618413,0xe37e59bbf5b436a019501a5acb17b0f01081cd2c,,KcBmw
9453fe60-f959-4ae8-809c-3478f0b6c840,2026-08-28 01:30:15,2026-08-27,2dc769f6-356f-4001-b568-8e7dcdbf624b,COLLECTIBLE_TYPE,24781,Mister Fantastic,COMMON,1.80,0xdea94d2b7fa61af1f25d56cdb1cdff18037268dd,0x4e1336d9466bb4277a6cc3d2cf7e220cb7cf58b6,,DC614
8e4a76d2-867c-4ed8-9982-9b7ec1848530,2026-08-28 01:29:54,2026-08-27,09081c27-09ed-4245-9521-5d864831e0bc,COLLECTIBLE_TYPE,3095,Winking Santa,UNCOMMON,1.35,0x51266f8af0b734b8fa5861f7871fd9924c49b6ae,0x4e1336d9466bb4277a6cc3d2cf7e220cb7cf58b6,,DC614
55098507-3c2d-48c2-adf9-c309649c2c00,2026-08-28 01:27:50,2026-08-27,e789f2c2-a62b-46a0-88aa-62ee4b71b49d,COMIC_COVER,289,"Venom: Black, White & Blood",ULTRA_RARE,8.98,0x88e8fe8c552a59be0a9c21b74a41fd5fbcbf2dee,0xb1a527bf8c4a9814b173ecf8ac93236d5821de5b,Aroostic,VeveWes
ddaa51a2-e1e2-49d6-9753-1b603aa5fafd,2026-08-28 01:23:53,2026-08-27,f675174d-d5da-42a1-9db1-7fb59a20fb91,COLLECTIBLE_TYPE,116,Doctor Octopus,ULTRA_RARE,19.00,0x11e4731a41f20e328d69d714b7d2a5fc5ebdef8a,0xd6b723c30ce5ef91c7215771850bff707b6b3c65,,
8462d5c9-80c1-4f2b-9043-171cfb4f4645,2026-08-28 01:23:14,2026-08-27,2201e5cc-a012-4b93-8a30-3b606e5167ef,COLLECTIBLE_TYPE,123,Winter Soldier – Tactical Vigil,RARE,19.99,0xdf31c38c9d63d25f84c477491821732023d62863,0x17ba734287b90f451e51200a47ba60fede86f6e9,,
0c45a1de-1446-409d-a03a-c2db4f09646d,2026-08-28 01:19:13,2026-08-27,05df9412-ca87-4492-8454-81f73a88c171,COLLECTIBLE_TYPE,107,MOTOMICHI - Eyes,SECRET_RARE,13.00,0x142c7a357788d9078a61afff8e4bbfe1ec700fd0,0xc118e10fe28653a3c027480aba69c4f3e64f61d7,,
61f80248-90dc-4f18-b658-b5b282f15627,2026-08-28 01:09:02,2026-08-27,388e5613-b6a4-420a-8e47-73f444092a7c,COMIC_COVER,6620,Jungle Action,COMMON,1.29,0x93365222c1bbe3b5853c0ca6234f130899bc2760,0x8c5fdfdaf90bbd258f84975788a2102259e1afc5,,
4cb6dddb-2073-42b6-9f2e-a04cbeaa43f5,2026-08-28 01:01:28,2026-08-27,92635283-99b4-4597-ba69-01e39ccba334,COLLECTIBLE_TYPE,754,Master Splinter - Father Figure,COMMON,4.50,0xbb5903b0082830c3e78e912a908efbc21d02d2d0,0x4cf9d3bea65956581dcd3e1929c85cf2798c35d2,Dekri,fadrfreak
f5a5d078-eebd-473d-9794-c4c75c014a13,2026-08-28 00:59:26,2026-08-27,3c2149c7-0415-47f9-b5e8-c6f6d473951a,COLLECTIBLE_TYPE,906,The Rise of Ultraman #1 - Skottie Young ,UNCOMMON,29.99,0xb870e292daf508a6bbb8e5434cf99c7da252a681,0x070e5bf365e1383a0ddd022229a5e1470c483e90,TheCharismaticShredder,
74ca7375-fd35-4a82-967c-6d5bec467fda,2026-08-28 00:56:13,2026-08-27,ec04c6de-1ef4-436b-bb1a-8a9109a95bb6,COLLECTIBLE_TYPE,1113,Colossus - Phoenix,COMMON,9.99,0xc17413a468119daf012bc7a534716a8d5002120f,0xa3c737f682a6746b7a84ed7b59d8e2fd7f74d4f0,,
f03374ab-2008-4237-81d5-2d22c485b81a,2026-08-28 00:50:24,2026-08-27,4778b852-a29a-4663-b286-1271037703ae,COMIC_COVER,316,Avengers,COMMON,3.50,0x34afcaf8e05a759be614e952632b111f129a70eb,0x17ba734287b90f451e51200a47ba60fede86f6e9,,
4b3e888d-e2b9-4e6b-8658-50252ce16323,2026-08-28 00:40:12,2026-08-27,c98fa22c-ad27-4f03-9547-ad347fb83b60,COMIC_COVER,905,The Amazing Spider-Man,ULTRA_RARE,10.00,0x0cea3b049375a3b5c96f73504d8cefc56a6c8888,0x9f4caaec6a2e9f8409b704f3ef16f0d51e827cdf,,
e25ddef8-6396-432f-9918-fef6f496f66a,2026-08-28 00:40:07,2026-08-27,964277c8-8369-4dc3-ba6f-c86de218466b,COMIC_COVER,2592,Hulk,UNCOMMON,5.45,0x69b7efb8bcd9b29a46f668eace744f60cd440f01,0x7aeeeaa9b2dd1cc47a8e75e85c5923680e580bdd,,
558e3a43-1faa-4a6d-b044-c7c40859177f,2026-08-28 00:39:48,2026-08-27,08db05ed-0392-4222-a4c7-83d59281e214,COMIC_COVER,6911,Hulk,RARE,49.99,0x9f4caaec6a2e9f8409b704f3ef16f0d51e827cdf,0x7aeeeaa9b2dd1cc47a8e75e85c5923680e580bdd,,
2c553c19-f9aa-42c2-80b4-878adccf9952,2026-08-28 00:39:32,2026-08-27,b04ab768-fb12-4bde-8586-fa3aa76d645b,COMIC_COVER,3065,Hulk,COMMON,3.89,0x69b7efb8bcd9b29a46f668eace744f60cd440f01,0x7aeeeaa9b2dd1cc47a8e75e85c5923680e580bdd,,
e3824b14-e7f1-4f60-a6bd-a76ced2eaa3d,2026-08-28 00:39:13,2026-08-27,b04ab768-fb12-4bde-8586-fa3aa76d645b,COMIC_COVER,4449,Hulk,COMMON,3.89,0x40ee1a2354242e5706ab98908175078baf2ba108,0x7aeeeaa9b2dd1cc47a8e75e85c5923680e580bdd,,
b75ca467-5abc-497e-9f6b-89743cb17046,2026-08-28 00:39:06,2026-08-27,b04ab768-fb12-4bde-8586-fa3aa76d645b,COMIC_COVER,6571,Hulk,COMMON,3.89,0x665be26dbbaa52157a3974f661eb1032dba90c62,0x7aeeeaa9b2dd1cc47a8e75e85c5923680e580bdd,,
3c102a2c-11fd-44b4-a529-697fa93f9c8b,2026-08-28 00:39:02,2026-08-27,b04ab768-fb12-4bde-8586-fa3aa76d645b,COMIC_COVER,3818,Hulk,COMMON,3.89,0xb13047e157ba706979b053507a65431c969c4a27,0x7aeeeaa9b2dd1cc47a8e75e85c5923680e580bdd,klimster85,
00e59b56-67cf-46b6-9ead-064fb5723ac6,2026-08-28 00:38:39,2026-08-27,b04ab768-fb12-4bde-8586-fa3aa76d645b,COMIC_COVER,2039,Hulk,COMMON,3.89,0xfca6789b6bc8086df9e6eb14e37fbff18e6bcf65,0x7aeeeaa9b2dd1cc47a8e75e85c5923680e580bdd,,
7a46b43b-9259-4367-bb69-d96ec3dfbe06,2026-08-28 00:38:35,2026-08-27,b04ab768-fb12-4bde-8586-fa3aa76d645b,COMIC_COVER,3292,Hulk,COMMON,3.89,0xa1b780a6c8f7b48df2e072fe27fbbf2563b5468c,0x7aeeeaa9b2dd1cc47a8e75e85c5923680e580bdd,,
fa863ab3-3158-479d-8bfc-c2eb78999682,2026-08-28 00:38:28,2026-08-27,b04ab768-fb12-4bde-8586-fa3aa76d645b,COMIC_COVER,4381,Hulk,COMMON,3.89,0x03f3bc857b9b47b300b4dacad62d1df5b9f93261,0x7aeeeaa9b2dd1cc47a8e75e85c5923680e580bdd,,
bfbe7c3f-9cc5-44a0-8526-7f385b88d543,2026-08-28 00:38:11,2026-08-27,b04ab768-fb12-4bde-8586-fa3aa76d645b,COMIC_COVER,6676,Hulk,COMMON,3.89,0xa1b780a6c8f7b48df2e072fe27fbbf2563b5468c,0x7aeeeaa9b2dd1cc47a8e75e85c5923680e580bdd,,
848f18f2-ff90-4872-8109-7d8d52955c99,2026-08-28 00:38:08,2026-08-27,b04ab768-fb12-4bde-8586-fa3aa76d645b,COMIC_COVER,2036,Hulk,COMMON,3.89,0x46df8b5589e6193a42c2c09cf8fa0f08283300a6,0x7aeeeaa9b2dd1cc47a8e75e85c5923680e580bdd,,
52597011-0805-4ecd-bc45-f32d5164134f,2026-08-28 00:37:54,2026-08-27,964277c8-8369-4dc3-ba6f-c86de218466b,COMIC_COVER,6837,Hulk,UNCOMMON,5.45,0xb13047e157ba706979b053507a65431c969c4a27,0x7aeeeaa9b2dd1cc47a8e75e85c5923680e580bdd,klimster85,
d5084aea-6266-4fb1-81fc-85a2167c99e4,2026-08-28 00:37:51,2026-08-27,964277c8-8369-4dc3-ba6f-c86de218466b,COMIC_COVER,7469,Hulk,UNCOMMON,5.45,0x9f4caaec6a2e9f8409b704f3ef16f0d51e827cdf,0x7aeeeaa9b2dd1cc47a8e75e85c5923680e580bdd,,
f454d4fe-d11b-41d9-8343-1cf0e5467329,2026-08-28 00:37:42,2026-08-27,08db05ed-0392-4222-a4c7-83d59281e214,COMIC_COVER,449,Hulk,RARE,49.99,0x124254368dc3d25d7c5f8d4623a94f34669132e2,0x7aeeeaa9b2dd1cc47a8e75e85c5923680e580bdd,,
0cbb2622-f25d-4e7e-afd5-88d7b6bbbcdd,2026-08-28 00:37:39,2026-08-27,08db05ed-0392-4222-a4c7-83d59281e214,COMIC_COVER,2119,Hulk,RARE,49.99,0xa1b780a6c8f7b48df2e072fe27fbbf2563b5468c,0x7aeeeaa9b2dd1cc47a8e75e85c5923680e580bdd,,
25be26e2-dbd6-4a4c-88bf-77d3b22312b6,2026-08-28 00:37:36,2026-08-27,08db05ed-0392-4222-a4c7-83d59281e214,COMIC_COVER,3761,Hulk,RARE,49.99,0x124254368dc3d25d7c5f8d4623a94f34669132e2,0x7aeeeaa9b2dd1cc47a8e75e85c5923680e580bdd,,
e0347ac7-da0c-4ea6-bdd7-b402210fb242,2026-08-28 00:37:31,2026-08-27,08db05ed-0392-4222-a4c7-83d59281e214,COMIC_COVER,4964,Hulk,RARE,49.99,0x032976e2ce4eb44c6e1a452089c897f068879537,0x7aeeeaa9b2dd1cc47a8e75e85c5923680e580bdd,masterroni,
4768bdf5-6dfd-4ffe-8f9b-04c969952965,2026-08-28 00:36:47,2026-08-27,4ceba0e1-b6d4-48a0-a9ad-da51cb24f16c,COLLECTIBLE_TYPE,8462,"Focus, Please!",UNCOMMON,4.25,0xb870e292daf508a6bbb8e5434cf99c7da252a681,0xc17413a468119daf012bc7a534716a8d5002120f,TheCharismaticShredder,
b4e26887-07e3-4837-b911-6db116dc0a7a,2026-08-28 00:24:19,2026-08-27,37a67fd7-bc6f-4902-b73e-9d175399bd03,COLLECTIBLE_TYPE,1436,Wolverine - Battle Ready,UNCOMMON,15.00,0x2466799cb68f62399b0f08a791c53f57e8723723,0xde2b194cd5dae3f3f553b1759dda5d37d2dcbd32,,
f4558617-7f19-4971-b349-b1f4c80ce799,2026-08-28 00:21:21,2026-08-27,0b759885-8fa7-4cf6-bd33-65f76e70ae25,COMIC_COVER,581,The Amazing Spider-Man,COMMON,3.69,0x633c7d08a1d14098874418af5bb5b656af302610,0x9f4caaec6a2e9f8409b704f3ef16f0d51e827cdf,,
308cbdac-b008-42a4-b3b2-14013fc63193,2026-08-28 00:16:22,2026-08-27,aca3eac8-fea3-4f1f-af6e-38b1854f2c65,COLLECTIBLE_TYPE,777,Single 2d 'Pembroke Peak' gummed stamp,UNCOMMON,2.52,0x47ad9f0d3b51d31135bdae1ef30d6709cf4c89b3,0xa0f7ae43fbc608663daf329cf10b9f24bee70493,BigOz,
c171e6e4-91e1-4f59-905a-8fdf52863e96,2026-08-28 00:03:27,2026-08-27,2cf09235-f140-422e-a800-d0b049fbaff0,COLLECTIBLE_TYPE,5251,C-3PO,COMMON,79.00,0x2bf96b226bb98dbed4646e703155d6b62a3c5d1d,0x183a0cb753da5ec55f7ff6e61d8f162b0deb686c,,
a785da48-c6b3-4a3e-b7d9-38d907223e8a,2026-08-28 00:03:12,2026-08-27,acc96b30-b800-4537-b5ca-56586fc091ef,COLLECTIBLE_TYPE,555,Single 9d 'Pink Terraces' gummed stamp,ULTRA_RARE,9.88,0x47ad9f0d3b51d31135bdae1ef30d6709cf4c89b3,0xa0f7ae43fbc608663daf329cf10b9f24bee70493,BigOz,
069fb7c0-8b45-47e2-8a18-c178ef3c4233,2026-08-28 00:02:30,2026-08-27,79f49f24-d6f3-4ba0-9253-599d05699a35,COLLECTIBLE_TYPE,666,Single 1s 'Kea and Kaka' gummed stamp,ULTRA_RARE,8.00,0x47ad9f0d3b51d31135bdae1ef30d6709cf4c89b3,0xa0f7ae43fbc608663daf329cf10b9f24bee70493,BigOz,
fd7bb18c-9e58-4183-a754-5769221b8336,2026-08-28 00:01:43,2026-08-27,53057d99-ac36-4dd2-b28a-8aa22d9f0b51,COLLECTIBLE_TYPE,4147,Ben Reilly - Acrobatic Arachnid,UNCOMMON,19.95,0xa1c0ddea3679575be3ce526ed4dae1e44260fe52,0x986c71b7bc4f548c2a92aa5d780e2e1a3603fd83,,
984916bb-4c13-40f7-b9f0-f438bd3d17d2,2026-08-27 23:58:19,2026-08-27,802a7639-0f8b-45f7-a828-64ae49727d38,COLLECTIBLE_TYPE,604,Harley Quinn (John Timms),RARE,9.99,0xab5066b45f3b731f4b0069e67ea886d1dad865b1,0x9b41c4d888ed3ae3f3a4583c06c3b5640e79cc39,,
b7b15416-6109-4ba5-b152-29324b08d0b6,2026-08-27 23:57:27,2026-08-27,36870fc2-0fa9-47f8-937c-b56eb1288ad2,COLLECTIBLE_TYPE,535,Single 5s 'Mount Cook' gummed stamp,UNCOMMON,5.99,0x47ad9f0d3b51d31135bdae1ef30d6709cf4c89b3,0x183a0cb753da5ec55f7ff6e61d8f162b0deb686c,BigOz,
206115d0-0447-4c25-ad9a-fa6647779813,2026-08-27 23:56:46,2026-08-27,36870fc2-0fa9-47f8-937c-b56eb1288ad2,COLLECTIBLE_TYPE,333,Single 5s 'Mount Cook' gummed stamp,UNCOMMON,5.99,0x47ad9f0d3b51d31135bdae1ef30d6709cf4c89b3,0xa0f7ae43fbc608663daf329cf10b9f24bee70493,BigOz,
66f9cd05-9d43-42e7-a81e-a9ccab1d4e57,2026-08-27 23:55:05,2026-08-27,aca3eac8-fea3-4f1f-af6e-38b1854f2c65,COLLECTIBLE_TYPE,555,Single 2d 'Pembroke Peak' gummed stamp,UNCOMMON,2.52,0x47ad9f0d3b51d31135bdae1ef30d6709cf4c89b3,0xa0f7ae43fbc608663daf329cf10b9f24bee70493,BigOz,
5ada7fb7-bd8d-447a-8b8d-28141886a900,2026-08-27 23:53:36,2026-08-27,ebb6a9d6-fdce-4bba-bcb2-ba30d20fd890,COLLECTIBLE_TYPE,1082,Alert,COMMON,3.80,0x47fa62766e235709be9fc3270f9bfeb3de436989,0xeb9f734530684bf092959ce44171d8b3ff9dd114,,
97187ac0-1155-430b-8b55-8e661c090dbf,2026-08-27 23:52:38,2026-08-27,38df9c4a-4da8-4271-a861-9f9dcfde2e1a,COLLECTIBLE_TYPE,606,Single 1d 'Lake Taupo' gummed stamp,COMMON,1.69,0x47ad9f0d3b51d31135bdae1ef30d6709cf4c89b3,0xa0f7ae43fbc608663daf329cf10b9f24bee70493,BigOz,
8fae294c-d587-4125-95b4-986f4707f030,2026-08-27 23:52:10,2026-08-27,acc96b30-b800-4537-b5ca-56586fc091ef,COLLECTIBLE_TYPE,777,Single 9d 'Pink Terraces' gummed stamp,ULTRA_RARE,9.00,0x47ad9f0d3b51d31135bdae1ef30d6709cf4c89b3,0xa0f7ae43fbc608663daf329cf10b9f24bee70493,BigOz,
77d9041a-55c2-44a9-a9de-7406d1316f81,2026-08-27 23:51:09,2026-08-27,f216c114-f12c-4c32-a2af-0c8632206274,COLLECTIBLE_TYPE,666,Single 2s 'Milford Sound' gummed stamp,UNCOMMON,3.25,0x47ad9f0d3b51d31135bdae1ef30d6709cf4c89b3,0xa0f7ae43fbc608663daf329cf10b9f24bee70493,BigOz,
d041654b-44fb-43d3-9541-4d8e8515bc88,2026-08-27 23:50:54,2026-08-27,6f27009e-224f-4807-bd89-340fee9ac6bf,COMIC_COVER,644,Daredevil,RARE,8.00,0xbca6b15f8ccf1a06c5a8a83259de4be0f926bc81,0x9f1b0abf4d14be507ced92754add0d7799dad0c9,,
f3fd6a4c-f46e-4566-a543-96f53152fd98,2026-08-27 23:50:02,2026-08-27,6974b69e-b502-4bd8-820e-9b876cb02c9f,COLLECTIBLE_TYPE,1666,Single 6d 'Kiwi' gummed stamp,UNCOMMON,2.16,0x47ad9f0d3b51d31135bdae1ef30d6709cf4c89b3,0xa0f7ae43fbc608663daf329cf10b9f24bee70493,BigOz,
eaeb411d-6859-4985-aa3f-635a51e3d78f,2026-08-27 23:49:46,2026-08-27,511147ad-2ed3-4d8c-b811-828355f61f35,COLLECTIBLE_TYPE,666,Single 3d 'Huia' gummed stamp,ULTRA_RARE,13.18,0x47ad9f0d3b51d31135bdae1ef30d6709cf4c89b3,0xa0f7ae43fbc608663daf329cf10b9f24bee70493,BigOz,
1bc4431f-085f-4ec7-b65a-052e66683095,2026-08-27 23:48:02,2026-08-27,92871a71-62d8-4cb7-a6a8-adf184636056,COLLECTIBLE_TYPE,2146,Battle Mode,ULTRA_RARE,29.00,0xe3998a13338f6f3c817a5d69517d1690479fff61,0x986c71b7bc4f548c2a92aa5d780e2e1a3603fd83,,
824a9d4a-693a-4f52-b0ef-039abea35348,2026-08-27 23:47:45,2026-08-27,92871a71-62d8-4cb7-a6a8-adf184636056,COLLECTIBLE_TYPE,1418,Battle Mode,ULTRA_RARE,29.00,0x0cb6baa8f6f6e8e8cea91e6e2b17eb2b758d3a8f,0x986c71b7bc4f548c2a92aa5d780e2e1a3603fd83,,
70f078c0-9810-4a35-9f87-ceecd9cc62c2,2026-08-27 23:45:19,2026-08-27,cfc37182-7f88-4f8a-8e48-708cbd40a4bf,COMIC_COVER,3171,The Avengers,COMMON,19.99,0x38d42150c74fb6a4301e08cf4036fac936ff35c1,0x23894e9606d25aafee326b49bfb99818620ded83,,
97aae619-a8be-4d1a-9d13-914c23a798cd,2026-08-27 23:38:34,2026-08-27,ffabb2e2-810d-4f83-91e7-3d6b80c0f194,COLLECTIBLE_TYPE,972,Thor - Ultimate Animated,SECRET_RARE,88.00,0xa593b64deb5f672639b7b8d33d115f7bc55cbdd9,0x80f3bde052cdbb0170691b132f51acbc6efc84a9,sc0tchy,
421802a1-47b5-4811-811d-7314a860a26d,2026-08-27 23:31:18,2026-08-27,2e9596d2-25eb-4b99-9d33-2a543cb77f92,COMIC_COVER,204,Scarlet Witch,COMMON,6.98,0xa12be857785ff0d4f046f83b3abab90edbb32aff,0xb7a6069bccefd110041e7acb5dc2b43216076b20,,
5ce61574-3047-4bf8-a3d5-0f9316b1b395,2026-08-27 23:17:11,2026-08-27,5d02ecc6-572a-4285-bd79-f3c4cadee3b6,COMIC_COVER,19662,Iron Man,COMMON,1.59,0xec32b9d287b073e9c48ae8ba768718ba42286bec,0x0c84cafe42e61656845ce5cb01cdd7e6e7f1b342,,
d3160c81-620e-4221-823e-20cd0b613709,2026-08-27 23:09:53,2026-08-27,e31fc143-da6c-4b99-b756-5622e543258b,COMIC_COVER,809,Saga of the Sub-Mariner,RARE,5.00,0x5b0964671548943cc923ff2788fd73422aaa7aa9,0xfce2e61af4187c992739066301545b395b2c3e8e,,
7b4b2f2f-7231-4402-a3e8-445ea4912559,2026-08-27 23:09:39,2026-08-27,d9142a24-fb93-439c-9c06-e09b52172052,COLLECTIBLE_TYPE,15,Going to War,SECRET_RARE,88.00,0x6d2c5e56930b7a57a8cbffa4945b8cd5da07c168,0x80f3bde052cdbb0170691b132f51acbc6efc84a9,UncleIromi,
767f06fb-45cd-4b42-87d6-6126b5766f4d,2026-08-27 23:09:23,2026-08-27,38f06c3c-c98c-4ad7-a513-847096fc8581,COMIC_COVER,20101,Vengeance,COMMON,1.29,0xe67cb3200d6dda6c354e833c04f1bdc97c3a22d8,0x0c84cafe42e61656845ce5cb01cdd7e6e7f1b342,,
58b9d9e7-6726-4fc3-8eb9-b32375c53f3e,2026-08-27 23:08:48,2026-08-27,a2121141-2b4c-458e-b1de-5d515d7d5f50,COMIC_COVER,700,Project Superpowers,COMMON,3.00,0xfe23edcd0fdc07de56d745c605774285f6a8a2ae,0x23894e9606d25aafee326b49bfb99818620ded83,Hitsthefloor,
432ef62e-5b51-49b8-b8c5-a67ddd7cec68,2026-08-27 23:07:58,2026-08-27,4778b852-a29a-4663-b286-1271037703ae,COMIC_COVER,524,Avengers,COMMON,4.00,0x5b0964671548943cc923ff2788fd73422aaa7aa9,0x4fee54f42b8afb4ace7e446289df884a7d10c15c,,
65b3b7c0-6d0c-4d6e-abe7-2942f6751675,2026-08-27 23:06:01,2026-08-27,66b46e57-90c5-4556-a65e-6dc44899cea6,COMIC_COVER,44032,Marvel Comics,COMMON,23.00,0xa419d8bf15b4d89634f78595d45ce0e1b144998d,0xd24af3acc90bd2922d3c8197da34f238edc8fe95,,
1da58f88-8c0f-4b84-aea7-3622e923b620,2026-08-27 23:03:19,2026-08-27,da4f0ab8-00be-498e-8784-bde7d0d105e2,COLLECTIBLE_TYPE,2643,#56 Bruce Timm Harley Quinn,COMMON,30.00,0x03bb6abd9143981b5c81b3394c512f4f0a71bbe7,0x9f71463bc37edd472463f4e74a4b6b510bfbb51d,,
e162bd36-04dc-4c21-b0b0-83df49f86f25,2026-08-27 23:01:25,2026-08-27,68649d9c-b610-4ac0-a07a-f14a1fca6585,COLLECTIBLE_TYPE,471,Raphael - Classic,COMMON,7.90,0x75ca90067216698f41c95a8301a78205a9652377,0x9b41c4d888ed3ae3f3a4583c06c3b5640e79cc39,,
a802fcea-0bc7-4fa5-b934-d7ecb04673b5,2026-08-27 22:52:20,2026-08-27,5a83120d-b4c0-4982-85d7-3046dd7d5f4f,COLLECTIBLE_TYPE,590,Rain,UNCOMMON,1.00,0x70bbcd7406020a3041e4b7abe33a5c5c45b0783e,0xaa8d060555697549431218fb06b04037b7162343,,
ab4098c2-e0ed-4021-b484-78e06c4bf397,2026-08-27 22:49:42,2026-08-27,900388bb-8847-4334-8d1a-508de81c4a4d,COLLECTIBLE_TYPE,1226,Superman,UNCOMMON,225.00,0x46da3b0fa2a144c2cd8489ad988ee4027449468a,0x9caf3bb8ac903271371d3c20a6f5578563a4dd9e,,
62c16e24-d03f-45b9-8eb9-017c01ea63d7,2026-08-27 22:36:59,2026-08-27,900388bb-8847-4334-8d1a-508de81c4a4d,COLLECTIBLE_TYPE,2434,Superman,UNCOMMON,225.00,0x46da3b0fa2a144c2cd8489ad988ee4027449468a,0x2430ae627b35bd5968bc47810e5ad923091e7cfa,,
15b07fe2-6227-4252-8daa-d5c0ba45d251,2026-08-27 22:27:32,2026-08-27,e3f45c09-9bc7-43b0-ab69-47d0359de44d,COLLECTIBLE_TYPE,469,Frozone,SECRET_RARE,46.00,0xe37e59bbf5b436a019501a5acb17b0f01081cd2c,0x8ce7f2cc65e3eb737e3286b5ed91cc5f0527c9bf,KcBmw,Guaka
04ebc6c3-1b34-4acc-8cb0-04fc441b6784,2026-08-27 22:27:03,2026-08-27,d9c5973b-12f4-4a82-ac23-2f18a027ef08,COMIC_COVER,1041,Powers of X,COMMON,1.00,0x1b7ea6b0eebc1e8b65bff1879463e69242ca4c31,0xd19b8b0bb9dcc1fa6c8d732c0882070855a7bed6,,
204e008a-bba7-4d44-872e-1e4cba1a9845,2026-08-27 22:26:50,2026-08-27,f8b0814e-80ca-4758-99c2-5b19784fa308,COLLECTIBLE_TYPE,283,Jack-Jack,RARE,21.95,0x229d5a5db58654d41dc8276bcac2975aaa45e1ea,0x8ce7f2cc65e3eb737e3286b5ed91cc5f0527c9bf,,Guaka
be906416-83f6-4ca6-bf33-97abc8576ec2,2026-08-27 22:18:25,2026-08-27,8c2d7b33-5ab3-4704-a915-ebd34f024485,COMIC_COVER,666,The Amazing Spider-Man,COMMON,4.00,0xa9becc825baba5ed63b034adeff539e76ec96f5a,0xa2fcb13f913edb0a86fda6f5030affa904a91884,,CaliforniaComics
cae10bc5-e1ba-450f-a57e-18ef5c71a927,2026-08-27 22:15:35,2026-08-27,45b19b53-65fd-45a3-aca6-dadae852983f,COLLECTIBLE_TYPE,1883,Shadow Trooper Helmet,UNCOMMON,10.99,0x0504643e8c346ac9063fa5074e6a8ff3879e5312,0x65f4737da7df5e0246dbf7323698d834b4760315,,
880bc28b-43e5-4b51-b900-b911db325169,2026-08-27 22:14:42,2026-08-27,01bd4803-ce5d-45ed-9cfa-1d225aa8450a,COMIC_COVER,655,Saga of the Sub-Mariner,COMMON,1.69,0x95ed0f03c155424bbdf72f684058559b8788a8a8,0xa2fcb13f913edb0a86fda6f5030affa904a91884,,CaliforniaComics
b0f5743a-9bad-4c37-895f-19921821c2df,2026-08-27 21:57:59,2026-08-27,ca649d00-5d67-405d-829c-afa85411c1fc,COLLECTIBLE_TYPE,3329,#12 Harley Quinn,UNCOMMON,9.99,0xfee09863021bb3a5bd617d6633b3b26a60766999,0xe0e305da7b6da64d8d237e37f081ce60da7e31e8,,
4cba1ca5-e72f-424d-8715-d9e6ce219cc3,2026-08-27 21:46:35,2026-08-27,7f57a6cc-5cfe-4a79-8671-8ace2a4f75fd,COMIC_COVER,21582,The X-Men,UNCOMMON,5.65,0x9c52e9e4e2c0f507fde1acd85e486f25223c1298,0xc7ed902577b999c93d9425653997d9af84299085,,
36a86a98-30c7-46fd-8099-a67663ba1c48,2026-08-27 21:44:08,2026-08-27,700dfed6-446a-434b-8043-2b2059944819,COMIC_COVER,184,Nova,SECRET_RARE,6.99,0x9617ab310a5bb465e5bdc9787ac05099f781f93a,0x4b72097e2ef8d4d5c2c8d316acdbfd2396c01a12,,
e90a8d21-2534-41b0-bf4c-cc6b69a57815,2026-08-27 21:42:55,2026-08-27,92ceb5b8-dccc-45ff-b7ca-a52f3e5a8b8b,COMIC_COVER,3197,Tales of Suspense,UNCOMMON,4.00,0x492504984b6f4e7fc3d442f06476003d0babc4c6,0xc7ed902577b999c93d9425653997d9af84299085,,
82513510-94e7-4f81-b167-8e5592fcc9c9,2026-08-27 21:38:34,2026-08-27,5a407cb0-e0fb-44a4-aa2c-e37133e01823,COLLECTIBLE_TYPE,155,Coca-Cola Neon Sign - Ice Cold Refreshment,RARE,10.50,0x0cea3b049375a3b5c96f73504d8cefc56a6c8888,0xd19b8b0bb9dcc1fa6c8d732c0882070855a7bed6,,
f820848d-177c-43f2-b390-d486a5dddb26,2026-08-27 21:38:23,2026-08-27,f176461f-ca3b-4e02-8a94-e13f2cb9d893,COMIC_COVER,2144,Fallen Son: The Death of Captain America,COMMON,1.00,0xbd3b9e16cd3371f7c6b2d739a57363ba65e3c3f9,0x1b7ea6b0eebc1e8b65bff1879463e69242ca4c31,,
dd9572cf-a314-423a-aa37-f83dc013dabe,2026-08-27 21:36:02,2026-08-27,be9084ff-a627-46db-b304-7433deb67e54,COMIC_COVER,547,Devil Dinosaur,COMMON,1.99,0xf65e1461fc786f22ecb5815ab9bb985a7f9148bb,0xade53fc03f5da8122cafd666233b5ae3a688a224,,
8093f07e-bfa8-4cb0-ad1b-7dc6e6247ba5,2026-08-27 21:33:03,2026-08-27,9200fc5a-9913-45cd-addf-5c17bdd006b3,COLLECTIBLE_TYPE,10339,Starlight Orb,UNCOMMON,3.90,0x7e31f01726bd421be3ec9e9aba3ab4683be409bc,0xc1650718db156d35125adaf268c80dcd54def086,,
ff4b43b8-9a71-492c-8ff5-063efe8158c2,2026-08-27 21:25:28,2026-08-27,8661cbe7-e20f-4da4-83f2-2e232718f73c,COLLECTIBLE_TYPE,627,The King of Cameos,RARE,9.33,0x89b6d497142e168621cb121d4f86f02311332035,0x07d6d19db5dcfb24b8ad55cf05d8a7a1cff85737,,
ab665457-ff6c-418a-b4da-4b51f64a975e,2026-08-27 21:24:13,2026-08-27,114ca406-6315-47fe-a15b-63b278f26274,COMIC_COVER,228,Captain America,COMMON,28.95,0x4b72097e2ef8d4d5c2c8d316acdbfd2396c01a12,0x11e4731a41f20e328d69d714b7d2a5fc5ebdef8a,,
9374f52b-3d64-4f3f-9d2d-146144074039,2026-08-27 21:23:37,2026-08-27,8585acff-638f-436e-98a4-581f6382596d,COMIC_COVER,6404,Spider-Man 2099,COMMON,1.85,0x492504984b6f4e7fc3d442f06476003d0babc4c6,0xa7e72a20d2e00c3d7929cde944caae727a3cdfe6,,
42362824-119b-443e-a8be-6d2c18a3f461,2026-08-27 21:15:57,2026-08-27,7a50712b-8a87-4d4c-9e0b-90e23cfd7441,COLLECTIBLE_TYPE,1962,Night Trooper Exposed,COMMON,5.50,0x4b72097e2ef8d4d5c2c8d316acdbfd2396c01a12,0x1ee9920e6efdcbc57d48e669b87a6e822fc7d828,,Lamouche
d8b182a9-f2ec-4aa7-9a2e-f66b8b551f34,2026-08-27 21:13:38,2026-08-27,ab430454-99cf-4b4a-bcc6-5c4ed737512d,COMIC_COVER,2208,Captain America,UNCOMMON,27.99,0x4051a46f3adf1f0c72dd4c6f5fa4964c58209596,0x082e57217afa9127c188f9fcefc171b62a6729e2,,
919d650c-01c3-4eae-a9f6-1c31148569e2,2026-08-27 21:10:17,2026-08-27,46359177-0a0a-4148-aac9-7875a76aaa91,COLLECTIBLE_TYPE,328,Toph,COMMON,7.99,0xa27826d1da4fdf2e36acf424bc0d833dfad84256,0x46df8b5589e6193a42c2c09cf8fa0f08283300a6,,
caa13d12-1803-46e8-a4c3-1550c24df86c,2026-08-27 21:08:45,2026-08-27,0bc0d4a4-2727-4886-bd25-423df94a818a,COLLECTIBLE_TYPE,3988,Su Huan Jen,COMMON,7.50,0x3e10c3fbb7266b9cd7a732fefc932e572cc45bf7,0xf68451156df183871937e46eab3994724d449324,,
398f2d12-9fb2-4c45-a85b-b7bac4d8bc3f,2026-08-27 21:08:31,2026-08-27,0bc0d4a4-2727-4886-bd25-423df94a818a,COLLECTIBLE_TYPE,366,Su Huan Jen,COMMON,7.50,0x3dede022173b635f09c6c60f727ccf5f78024da3,0xf68451156df183871937e46eab3994724d449324,,
f60e7810-3ac9-4df7-bbde-27751a9274a8,2026-08-27 21:07:34,2026-08-27,ec04c6de-1ef4-436b-bb1a-8a9109a95bb6,COLLECTIBLE_TYPE,530,Colossus - Phoenix,COMMON,5.50,0xa27826d1da4fdf2e36acf424bc0d833dfad84256,0xaf7d91d6e428a9875a6e6e823165c7eccee20b9e,,
a51c0a7f-fb6f-4064-adfc-897c0fb2ce13,2026-08-27 21:04:01,2026-08-27,32cf9730-e895-4be0-9feb-a88cc4002463,COLLECTIBLE_TYPE,227,BAM!,COMMON,1.00,0xf766f95fa592646f068a1821e5b6496efaf1a3bf,0xd6b723c30ce5ef91c7215771850bff707b6b3c65,,
772334bc-a87e-4bfe-b69e-ae43919eb43a,2026-08-27 21:02:59,2026-08-27,5da277e1-31b3-4d38-8ae4-6a1edc188a12,COLLECTIBLE_TYPE,2107,Lady Deadpool,COMMON,1.99,0x7d434397ab38e99b6ab6d267e2ac2486c7ec49d7,0x925013228d59b0136dd5ad49d4e6e953bfb17f3e,,
d2afa448-13b7-43f2-bd1d-7fa0cc8d9275,2026-08-27 21:00:10,2026-08-27,f55ff23d-9c3e-48b3-85ec-fef9f0040627,COMIC_COVER,536,The Amazing Spider-Man,COMMON,12.90,0x373253b343196dd302bba3ba836cfa74ccadcaa3,0xf8f9505c9e8affbdd5e505ae4f38b99cfa3aebe5,,Gwarcoin
f62176a1-3165-4931-b122-1e8090ceb71c,2026-08-27 20:58:54,2026-08-27,d6f429e9-d2f9-4eb7-91da-7b75078155f4,COMIC_COVER,535,Avengers,UNCOMMON,2.90,0xd08d460344eb63186ab05be87c156b441a5e0f5d,0x61baee0891437723b0f85395fd4f17992e77c77b,,
7f97731f-10c2-4498-9820-3a9b4e2124f0,2026-08-27 20:58:28,2026-08-27,1915a00c-506e-4cd7-a346-948898bb22c4,COLLECTIBLE_TYPE,196,Sun,SECRET_RARE,19.95,0x70bbcd7406020a3041e4b7abe33a5c5c45b0783e,0x11e4731a41f20e328d69d714b7d2a5fc5ebdef8a,,
793b36e0-79aa-40e8-b6f0-f9f4fe7e6c47,2026-08-27 20:40:20,2026-08-27,f675174d-d5da-42a1-9db1-7fb59a20fb91,COLLECTIBLE_TYPE,140,Doctor Octopus,ULTRA_RARE,19.99,0xda791c3f2f64d1722aab292f45a2f857b88b0b64,0xafd1ec9a225d91ce607ae184e08892d2f7dca387,,
a3ae1d9d-6abf-4b8c-acc5-67e197a9bdec,2026-08-27 20:38:24,2026-08-27,513411f4-35d5-478a-845d-4d7ab2628a16,COMIC_COVER,2736,Howard The Duck,COMMON,2.94,0x7e83c3cb90d4e7cde15a168206907306eeed77ad,0xb7a6069bccefd110041e7acb5dc2b43216076b20,,
b9e2c574-9d19-47c9-8050-957a27eed339,2026-08-27 20:35:08,2026-08-27,e31fc143-da6c-4b99-b756-5622e543258b,COMIC_COVER,989,Saga of the Sub-Mariner,RARE,5.00,0x95ed0f03c155424bbdf72f684058559b8788a8a8,0xc126543713eacae05138a10a925a660c3f9c82d5,,NFTLATINO
91c200ce-9a02-4919-9e54-0d4298cd4375,2026-08-27 20:31:21,2026-08-27,01bd4803-ce5d-45ed-9cfa-1d225aa8450a,COMIC_COVER,348,Saga of the Sub-Mariner,COMMON,1.69,0x2c6a5c54e3dfd72ba88f983102117ce22573063e,0x901d5cf32677238a41e59215f3b77f8ccc6b8a6e,,
cb249e08-f376-4ad9-bf63-9353221dec01,2026-08-27 20:31:07,2026-08-27,d6f429e9-d2f9-4eb7-91da-7b75078155f4,COMIC_COVER,297,Avengers,UNCOMMON,2.90,0x2c6a5c54e3dfd72ba88f983102117ce22573063e,0x901d5cf32677238a41e59215f3b77f8ccc6b8a6e,,
00519976-5364-4991-8514-e277030c542a,2026-08-27 20:30:50,2026-08-27,b5fbafef-f911-4a70-95d4-471fba080ecd,COMIC_COVER,517,Saga of the Sub-Mariner,UNCOMMON,1.70,0x5b0964671548943cc923ff2788fd73422aaa7aa9,0x901d5cf32677238a41e59215f3b77f8ccc6b8a6e,,
d06e8ad2-ddd1-4de1-b2ee-54ec5e74c867,2026-08-27 20:29:27,2026-08-27,378f6fcd-b6fb-455a-b038-787cebe7a365,COLLECTIBLE_TYPE,158,Mamimon,RARE,3.88,0x229d5a5db58654d41dc8276bcac2975aaa45e1ea,0x901d5cf32677238a41e59215f3b77f8ccc6b8a6e,,
23b922c3-2c83-4b42-92aa-e7eb21992b10,2026-08-27 20:28:14,2026-08-27,305c5cde-ab8e-4d48-9d20-151a84e48725,COLLECTIBLE_TYPE,149,Sagunja - The Four Gracious Plants,RARE,6.66,0xa86b4b84b858b39ff4b6ed3f55bf71fd667b4a29,0xa12be857785ff0d4f046f83b3abab90edbb32aff,,
5ba676c3-613f-4fdf-86f9-8f2d6e17099f,2026-08-27 20:26:53,2026-08-27,05df9412-ca87-4492-8454-81f73a88c171,COLLECTIBLE_TYPE,3562,MOTOMICHI - Eyes,SECRET_RARE,11.99,0x014482246994a97e4b681943a125a7320b891588,0xf3bae0462673d2b1fbdee8f9cba080fe37c3cd5c,,
21c074d9-6000-46b3-9f90-4b16c23d9065,2026-08-27 20:24:41,2026-08-27,b007a235-a980-46dc-a12e-8d0fafde406d,COMIC_COVER,236,Avengers,RARE,8.00,0x5b0964671548943cc923ff2788fd73422aaa7aa9,0x0efbd11f7745ad1f175ca77ac9a729c873eeea38,,
c5a3741f-fcc8-4ac8-b963-52a668668785,2026-08-27 20:24:36,2026-08-27,42910818-f5f7-4e55-8b42-78a98ef4f471,COLLECTIBLE_TYPE,911,"""Batter Up!""",SECRET_RARE,17.99,0x19e821b49a199e1a209d5bd4c153153ca131f27d,0x3b44ebc2f886f28a6de1ad7713b9ca9be7bb8324,,SunChardBV
d51e542b-d15c-4f73-a321-5ec10803495b,2026-08-27 20:21:36,2026-08-27,d350feb0-a464-4ac5-a763-2e13ce688219,COMIC_COVER,3742,Captain America,RARE,35.00,0xf1f555d6470af14113b68e8d56818705cc2f38f7,0x5d4d3d90a2af3dfa745a30a0fb3209319f94472e,,
e6475c84-ab79-4f44-9fd3-78fd08d801ea,2026-08-27 20:18:12,2026-08-27,6b90e742-74c7-4bc7-ae98-d6c7552993b0,COMIC_COVER,409,The Incredible Hulk,COMMON,9.00,0x290f31fcffd92421cb6922e9e5376149f03a1210,0xade53fc03f5da8122cafd666233b5ae3a688a224,,
9305241b-0233-47ae-9629-6033a2de2e6a,2026-08-27 20:12:47,2026-08-27,606b52d3-4562-4e3f-b217-e1b60efd6f7d,COLLECTIBLE_TYPE,3370,Chip n’ Dale,ULTRA_RARE,59.00,0xea8a2603e6e39ea4d75087b4e6037865d502b884,0x206a8bebfb58b145edba32c1cfd7f734e348b231,HarryVeve,
0682dab2-5360-413d-87df-862c7cd40c7c,2026-08-27 20:12:42,2026-08-27,606b52d3-4562-4e3f-b217-e1b60efd6f7d,COLLECTIBLE_TYPE,4870,Chip n’ Dale,ULTRA_RARE,59.00,0x2bf96b226bb98dbed4646e703155d6b62a3c5d1d,0x206a8bebfb58b145edba32c1cfd7f734e348b231,,
c667ae6e-91a2-4a7e-ba96-f6ba34e7c952,2026-08-27 19:52:53,2026-08-27,20246d74-4f8a-4b5d-a890-abfc432ae97f,COMIC_COVER,9139,Obi-Wan & Anakin,COMMON,2.34,0x64fc0eadb9425a30d8cacbe9fd942a6e7851e878,0xb7a6069bccefd110041e7acb5dc2b43216076b20,,
2e558a80-2bac-4a20-9803-08564ebce7e6,2026-08-27 19:51:15,2026-08-27,d684f60b-ac13-4bcd-bfac-f21bd793b9b6,COMIC_COVER,8623,Marvel Zombies,UNCOMMON,2.40,0x40ee1a2354242e5706ab98908175078baf2ba108,0xb7a6069bccefd110041e7acb5dc2b43216076b20,,
cf6f84d8-c526-4d5a-add0-ce7c1d69d2b0,2026-08-27 19:51:05,2026-08-27,4778b852-a29a-4663-b286-1271037703ae,COMIC_COVER,997,Avengers,COMMON,4.00,0xe3e1dcc46a1a51fbd0cb93bb88941020a14c2737,0xfffd1710ad95d42492d4f4348d90c8d366010ac5,,JTrevo
9dab82df-1b77-46e0-9b78-dd9d16bc1ac0,2026-08-27 19:50:25,2026-08-27,a07352f6-0e00-44b3-a6c5-35537a4c21c1,COMIC_COVER,693,One World Under Doom,ULTRA_RARE,500.00,0x88e8fe8c552a59be0a9c21b74a41fd5fbcbf2dee,0xda791c3f2f64d1722aab292f45a2f857b88b0b64,Aroostic,
1d36a4f0-355c-4319-a5b1-247297e34e29,2026-08-27 19:49:15,2026-08-27,61940655-193f-49ed-885d-3c58d4b81b3e,COMIC_COVER,6554,Tales of Suspense,COMMON,2.00,0xab7d8833a6f5e8aa0889ed0b55a12745e088242b,0xb7a6069bccefd110041e7acb5dc2b43216076b20,,
52d9a893-580c-4275-ab92-81103c6aa772,2026-08-27 19:48:46,2026-08-27,793ca3fa-ad4f-4370-9c87-df7fe9dfdfa0,COMIC_COVER,3727,Spider-Men II,COMMON,1.98,0xc6a21c6c56bc5348fe768231de0759ae27fddab6,0xb7a6069bccefd110041e7acb5dc2b43216076b20,,
a7b4fe4b-3522-4a70-8982-c381045e4c73,2026-08-27 19:48:23,2026-08-27,2889f9ce-276f-4b9a-83e7-8d72f3eada76,COMIC_COVER,1017,Captain America,UNCOMMON,2.45,0xf89617ce514894f8f3d73225c9c3da19d17bb04d,0xb7a6069bccefd110041e7acb5dc2b43216076b20,,
c618edf9-a41a-498e-b669-e09f60e9e354,2026-08-27 19:47:48,2026-08-27,1da86cf0-6da2-44dd-8ee7-be38f59ba2a0,COMIC_COVER,14014,Uncanny X-Men,COMMON,2.20,0xeb9f048266bb7a7a2ab2a98762e9b1920c2fc29c,0xb7a6069bccefd110041e7acb5dc2b43216076b20,,
706e6610-713d-4d55-9068-3753437f80c8,2026-08-27 19:46:50,2026-08-27,95327a7a-1c08-4245-9271-000582efe70e,COMIC_COVER,14946,The Amazing Spider-Man,COMMON,1.95,0x93365222c1bbe3b5853c0ca6234f130899bc2760,0xb7a6069bccefd110041e7acb5dc2b43216076b20,,
b1e5c082-73f1-47c5-83e9-f574ef286d44,2026-08-27 19:46:26,2026-08-27,c7b32d8c-67ec-4aa7-a323-39f2571bd71c,COMIC_COVER,1765,Thrawn,COMMON,1.39,0x4b4744d42e0e1d29f449a54096e4e616be94d521,0xb7a6069bccefd110041e7acb5dc2b43216076b20,,
41bdd92b-0e53-4a50-af65-c15debdd3c32,2026-08-27 19:46:03,2026-08-27,be9084ff-a627-46db-b304-7433deb67e54,COMIC_COVER,1570,Devil Dinosaur,COMMON,1.99,0xad6805f67bac2893d9a18ec10363bcfee5eb8003,0xb7a6069bccefd110041e7acb5dc2b43216076b20,,
c8707edd-1a26-4c75-8ea5-e8eecaeee08a,2026-08-27 19:45:44,2026-08-27,a26fab38-9512-4a95-aa91-4b1c6b34ecea,COMIC_COVER,292,Bladesmyth,COMMON,6.99,0x3057fc58416fe1ab97ed8ae4a6842ef0cd310778,0xb7a6069bccefd110041e7acb5dc2b43216076b20,,
f391235c-9d7c-48c0-891d-fbf2ab5b6b12,2026-08-27 19:45:27,2026-08-27,5d524251-6486-4e6b-89f0-d830b112ae38,COMIC_COVER,617,"HANK HOWARD, PIZZA DETECTIVE: THE TWO HOLLYWOODS",UNCOMMON,8.98,0xd7b836470fe510048ed7c698f46ff3f0f5fd87c2,0xb7a6069bccefd110041e7acb5dc2b43216076b20,,
d3a5b807-9d24-42cd-8c4f-ac9f1ebb6788,2026-08-27 19:45:05,2026-08-27,6aceb0d9-4aa6-4132-a85d-4602522f5ca2,COMIC_COVER,725,Wolverine: Blood Hunt,UNCOMMON,2.40,0x88e8fe8c552a59be0a9c21b74a41fd5fbcbf2dee,0xb7a6069bccefd110041e7acb5dc2b43216076b20,Aroostic,
50938b89-3636-4325-99e8-94c3e862da8d,2026-08-27 19:44:54,2026-08-27,3d54ee89-725b-47cd-a5af-39cc5055b558,COMIC_COVER,977,Fantastic Four,COMMON,2.10,0x88e8fe8c552a59be0a9c21b74a41fd5fbcbf2dee,0xb7a6069bccefd110041e7acb5dc2b43216076b20,Aroostic,
8da91b81-d344-4834-90cf-3fc3bea657d5,2026-08-27 19:44:37,2026-08-27,14ecd7a0-032e-46c1-b12e-9aff63f5a871,COMIC_COVER,12225,All-New Marvel NOW! Point One,COMMON,1.09,0x96f8a417f33fc0aacb75ffdc698ca3169e5391e3,0xb7a6069bccefd110041e7acb5dc2b43216076b20,,
d2ba4524-332d-4d21-aa68-7f42959f9f87,2026-08-27 19:44:19,2026-08-27,10f0be8f-6ba1-4edb-9d33-18c6e11fc952,COMIC_COVER,581,Marc Spector: Moon Knight,COMMON,3.00,0x1b7ea6b0eebc1e8b65bff1879463e69242ca4c31,0xb7a6069bccefd110041e7acb5dc2b43216076b20,,
bf4f31e5-c95b-4d68-b2dd-97d50bb84d53,2026-08-27 19:43:47,2026-08-27,3fa0da0b-724f-4263-8a34-e86fbb7604f4,COMIC_COVER,3848,Ultimate X-Men,COMMON,1.99,0x4fee54f42b8afb4ace7e446289df884a7d10c15c,0xb7a6069bccefd110041e7acb5dc2b43216076b20,,
b420846d-204f-4cdd-a5e6-3e5ddd4f24e8,2026-08-27 19:43:46,2026-08-27,9f858ce1-02c2-4c5d-821e-254138446521,COMIC_COVER,3741,Marvel Zombies,UNCOMMON,3.00,0x0cb6baa8f6f6e8e8cea91e6e2b17eb2b758d3a8f,0x9f4caaec6a2e9f8409b704f3ef16f0d51e827cdf,,
76c96b04-deb3-4afa-b861-98a676417fdc,2026-08-27 19:40:31,2026-08-27,9d407a00-544c-4245-95e9-8992c2f88727,COMIC_COVER,1259,Edge of Spider-Verse,COMMON,3.90,0xa419d8bf15b4d89634f78595d45ce0e1b144998d,0xf1f555d6470af14113b68e8d56818705cc2f38f7,,
00d750cb-dd6f-4f5a-9744-ddfef6f95882,2026-08-27 19:40:13,2026-08-27,9d407a00-544c-4245-95e9-8992c2f88727,COMIC_COVER,3628,Edge of Spider-Verse,COMMON,3.90,0x017e8f00b5ef9be094aa80e70252acfd74d2c6dc,0xf1f555d6470af14113b68e8d56818705cc2f38f7,,
6711f4e3-6955-4e64-9998-760ab3cfcbf9,2026-08-27 19:39:58,2026-08-27,8b5a00e6-4534-49c1-bf00-baa3e054ccac,COMIC_COVER,825,One World Under Doom,ULTRA_RARE,35.00,0x88e8fe8c552a59be0a9c21b74a41fd5fbcbf2dee,0x23894e9606d25aafee326b49bfb99818620ded83,Aroostic,
40cb9f32-dbfb-475c-a89a-4205b2a69a89,2026-08-27 19:37:39,2026-08-27,2641f79e-8ce8-4b3f-9806-de801d475c14,COMIC_COVER,1624,Captain America,COMMON,49.75,0x48e73bbe8f7513eb842f2929daff61139f02b178,0x4dad8c9bbc92851f617b34a0a7d7d1a487f10349,,
6b99fea7-82e9-4dfb-a1a7-3b8f34c849d2,2026-08-27 19:37:32,2026-08-27,3c2149c7-0415-47f9-b5e8-c6f6d473951a,COLLECTIBLE_TYPE,234,The Rise of Ultraman #1 - Skottie Young ,UNCOMMON,19.99,0xf89617ce514894f8f3d73225c9c3da19d17bb04d,0x070e5bf365e1383a0ddd022229a5e1470c483e90,,
cc2fe53e-1cf7-4a74-b4a5-4cf7483bd642,2026-08-27 19:36:34,2026-08-27,6034d020-5c76-46b5-aa1e-56011181936e,COLLECTIBLE_TYPE,1370,Graffi ver. Red,COMMON,1.23,0xdbf7a2f623736667cbcfe87dd3281764950fc863,0xa5cbf876c1e82b100cb1761de4f240f84eff1bf1,,
0c25591b-d7e1-4cc5-9f28-3df7e9055c62,2026-08-27 19:35:46,2026-08-27,c46da19a-6ea5-418f-bc65-5e745b6e8536,COMIC_COVER,6025,The Amazing Spider-Man,COMMON,2.00,0x7ab998badf1feda045b3b348fc88105552efa87e,0xb7a6069bccefd110041e7acb5dc2b43216076b20,,
388431bc-2858-4a41-82a7-ce1e3f7d39db,2026-08-27 19:34:56,2026-08-27,487804ca-b626-4b49-a283-36a575ee22aa,COMIC_COVER,241,Gambit: Wanted,RARE,7.98,0x6ce16df2dda6e082b02d2dc390b3b3eb60c3b83b,0xbf20944d5d90e97776f82d2c0cde3d5d23ed19ec,,
d1e9e44c-8b81-4d14-a75d-4786791e9052,2026-08-27 19:33:06,2026-08-27,c8f0ded7-7052-4e35-be76-cb7353ad924b,COLLECTIBLE_TYPE,130,Monovader - Chrome,UNCOMMON,3.70,0x71c72a3dd6e632d0aff4732832164acedc7edaa4,0xa12be857785ff0d4f046f83b3abab90edbb32aff,,
7adce133-641d-431c-bdea-90f4eaab78bd,2026-08-27 19:30:51,2026-08-27,e31fc143-da6c-4b99-b756-5622e543258b,COMIC_COVER,153,Saga of the Sub-Mariner,RARE,5.00,0x5b0964671548943cc923ff2788fd73422aaa7aa9,0x9f4caaec6a2e9f8409b704f3ef16f0d51e827cdf,,
18bc65bf-0863-4f6f-8c15-83880f67fcf1,2026-08-27 19:30:00,2026-08-27,080e2a2d-85a5-4027-acbc-e3e4e5ad10c2,COMIC_COVER,1005,House of M,COMMON,2.07,0xa12be857785ff0d4f046f83b3abab90edbb32aff,0xb7a6069bccefd110041e7acb5dc2b43216076b20,,
cfbfde4b-dba7-4d3b-a4a5-8d9e055b9874,2026-08-27 19:29:01,2026-08-27,1d71f5c0-ad88-4e70-82b8-cc6be0948f25,COLLECTIBLE_TYPE,515,VeVe Heart Logo - Black,COMMON,2.89,0xda611149b2ab3e4f33519f3d230fbc8f003e4e52,0xcd721d4498651692561c41eaa336c5af1c4dc1d1,,
98062e40-cc8e-4439-bad0-225a16b9cb36,2026-08-27 19:28:54,2026-08-27,0135a605-9c50-4ad4-bd2e-17a253fb028f,COLLECTIBLE_TYPE,1626,Hawkeye Venomized,RARE,14.00,0x2cdf2c43def9e431419cc4a01c00d50ad6349270,0x34337573802267d1ddf7a3105c380c42476f193c,,
1e3ab2af-96c9-4171-814c-3671cfa3dc2f,2026-08-27 19:28:48,2026-08-27,1e51bca4-6d32-4599-8290-c96852e20d68,COMIC_COVER,2127,Black Panther,COMMON,1.24,0xfb99df1477da04ae0ac658e4eeed1e4dcda92f33,0xb7a6069bccefd110041e7acb5dc2b43216076b20,,
259ffce9-a6b6-458c-b83a-61f5267e6618,2026-08-27 19:27:51,2026-08-27,9e79842b-ab20-4f0e-8bca-01b4877aa45f,COLLECTIBLE_TYPE,1708,Views of Our Planets - Mercury,COMMON,6.96,0xc9d7b04b26f6d54bfc5a59e1fcc5eee12c4e5a67,0xe88050d9d62dfe240b89b120cfa4bb41ea5136c9,,
54da1d05-c570-40db-a017-b23dc6de7dd1,2026-08-27 19:24:46,2026-08-27,c99e3fba-dfdd-4753-82f2-408f461e606c,COLLECTIBLE_TYPE,47,BAM! - Gold,COMMON,45.00,0x91fe0258fb41399ef1a429d09e1a990bbcbca448,0xe88050d9d62dfe240b89b120cfa4bb41ea5136c9,,
b5016c8e-9261-4e7b-a9b7-b9f276e3b2c8,2026-08-27 19:24:13,2026-08-27,71e624e1-3660-49d6-a6a8-707dd61803da,COLLECTIBLE_TYPE,58,POW! - Gold,COMMON,68.95,0xe930903e5c69231894ed06fa8e636cee0b505b2e,0xe88050d9d62dfe240b89b120cfa4bb41ea5136c9,,
601b0158-9295-4203-a915-bb1b84a0d5e2,2026-08-27 19:14:32,2026-08-27,a0c50208-f32c-4e7e-9664-c28555a9f523,COLLECTIBLE_TYPE,1853,Yoda,COMMON,49.75,0xa59434a8b5f5252000ab256c6b09f09dd0289b1e,0x58fa9ec1893e858e626fbb800412dae7ccb71bd2,,
ab5d6f8f-c62e-4528-a84c-405e6fe1922a,2026-08-27 19:04:52,2026-08-27,617c5c53-6ca9-4cc3-af32-a72837884013,COMIC_COVER,283,Spider-Gwen,UNCOMMON,3.99,0x54ccdd0616e028f64d0f8827b97ea626847b6482,0xf1f555d6470af14113b68e8d56818705cc2f38f7,,
b80d0ae1-d796-48bb-a091-e483bb19c2e7,2026-08-27 19:04:01,2026-08-27,090312a1-34ec-434e-8d0e-c511509f09d3,COMIC_COVER,342,Spider-Gwen,COMMON,2.20,0x80caa9d6ec74e2edc0052f0b479a4184adcde209,0xf1f555d6470af14113b68e8d56818705cc2f38f7,,
deac3cd2-fa9e-4284-aa1f-a6ee9541383c,2026-08-27 19:03:33,2026-08-27,d422c840-d577-4c24-a523-b2f494fb8a35,COMIC_COVER,533,Spider-Gwen,RARE,65.00,0x024ace589ea55d6bb46c33a17738bb0ed8a2e1d4,0xf1f555d6470af14113b68e8d56818705cc2f38f7,,
01dfae38-1388-4208-8a7d-93367880648b,2026-08-27 18:57:38,2026-08-27,a4231cb1-d8c4-4294-82ef-871855b4a8f3,COMIC_COVER,802,Doom 2099,COMMON,9.99,0x71c72a3dd6e632d0aff4732832164acedc7edaa4,0x35ab6181d1ef0f8abb150bba3209f7e50c444b8c,,
0b902ee1-3219-488f-8135-bcd7e86a9bb8,2026-08-27 18:56:06,2026-08-27,c00630d3-6aaa-412a-a9d3-ffe68fceba5a,COLLECTIBLE_TYPE,2826,Donatello - Classic,COMMON,5.90,0xc17413a468119daf012bc7a534716a8d5002120f,0x23894e9606d25aafee326b49bfb99818620ded83,,
0ce21fbe-b238-4a18-92d2-3d8bb37d957a,2026-08-27 18:52:43,2026-08-27,fa94a447-ff5e-43fd-bc9e-d099d6023e89,COMIC_COVER,10989,Tales of Suspense,COMMON,2.00,0x3a9b5e505ab2ccaec101ee6218b03ee221a34892,0xa99037c1e686c897b890cc5981c49eeb5b540287,,
3d440f39-f4f8-41e9-a35d-f6e32b27dd78,2026-08-27 18:50:55,2026-08-27,007d5b4e-51ac-4470-b7c5-3154ef6a96ee,COMIC_COVER,746,The Amazing Spider-Man,COMMON,7.00,0x6ce16df2dda6e082b02d2dc390b3b3eb60c3b83b,0x610ed6b305cdc6544f4b8c8729c8950f9b3d12fd,,
291ab1b9-6a0b-4a18-b03b-57dc1870fe2c,2026-08-27 18:50:26,2026-08-27,e31fc143-da6c-4b99-b756-5622e543258b,COMIC_COVER,634,Saga of the Sub-Mariner,RARE,5.00,0x5b0964671548943cc923ff2788fd73422aaa7aa9,0x11e4731a41f20e328d69d714b7d2a5fc5ebdef8a,,
d3cf9290-c8ba-4f10-84c0-8a75c4aa64dc,2026-08-27 18:50:01,2026-08-27,6b90e742-74c7-4bc7-ae98-d6c7552993b0,COMIC_COVER,4881,The Incredible Hulk,COMMON,9.00,0x93365222c1bbe3b5853c0ca6234f130899bc2760,0x11e4731a41f20e328d69d714b7d2a5fc5ebdef8a,,
a6982cc0-3de8-4817-af4f-6bb8d72efc12,2026-08-27 18:49:19,2026-08-27,a06f6db9-25ae-4ae8-a78a-9d441bb07d42,COMIC_COVER,409,X-Men,UNCOMMON,14.00,0x61baee0891437723b0f85395fd4f17992e77c77b,0xb13047e157ba706979b053507a65431c969c4a27,,klimster85
b806ea07-5ff0-4ab0-96ea-1cf1ff5a5155,2026-08-27 18:46:50,2026-08-27,f91fbba9-e5f3-4d7d-93b4-91efacbc0b27,COLLECTIBLE_TYPE,573,Spider-Man 2099 - Genetic Awakening,COMMON,8.95,0xf01476b8b2252bdd03707aeaeb9375983eb8d588,0xa99037c1e686c897b890cc5981c49eeb5b540287,Mekurabe,
0f15f0e1-6e51-4f27-981f-e18037ad5161,2026-08-27 18:46:34,2026-08-27,b304a127-6cf9-49cf-88d7-20511f822f2f,COMIC_COVER,2235,The New Mutants,RARE,6.99,0x11e4731a41f20e328d69d714b7d2a5fc5ebdef8a,0xb13047e157ba706979b053507a65431c969c4a27,,klimster85
e60890dd-686f-4c2b-8181-c956e6d9f5ad,2026-08-27 18:46:34,2026-08-27,d6f429e9-d2f9-4eb7-91da-7b75078155f4,COMIC_COVER,135,Avengers,UNCOMMON,2.90,0x5b0964671548943cc923ff2788fd73422aaa7aa9,0xbf414303e44475ac380590c506e79c9ab7abe95a,,
3191a9f2-b740-4d64-a151-a7fe973da406,2026-08-27 18:33:51,2026-08-27,7b76ceee-2678-4957-af06-8cd97e37833a,COMIC_COVER,12885,Uncanny X-Men,COMMON,1.10,0xdafbc5ea5117b7c00d209b0a8783c56f5a3abe49,0xb13047e157ba706979b053507a65431c969c4a27,thesnackman,klimster85
bd58ee28-dc34-4e29-8150-f6d9cfe82b3d,2026-08-27 18:32:54,2026-08-27,df101af2-42fe-4af4-bc51-f8826a6022aa,COLLECTIBLE_TYPE,69,I Have You In My Sights,ULTRA_RARE,36.00,0xd7efd2c2ffbd75872de8136e1584efc976c6adc0,0x2424b08390020737ac0007cc02dd98a44329c4bb,SupaRush,
7cb1d0eb-ef7d-45d6-9f1d-51f899ca954b,2026-08-27 18:32:23,2026-08-27,89da8e91-acd3-4e65-9a9c-47bcbb3529f2,COMIC_COVER,629,The Avengers Annual,COMMON,4.80,0xb870e292daf508a6bbb8e5434cf99c7da252a681,0x290f31fcffd92421cb6922e9e5376149f03a1210,TheCharismaticShredder,
191f9ee8-b17f-4db5-ab75-e25a43297a4f,2026-08-27 18:30:34,2026-08-27,db3b5d5a-cd40-4052-8bdf-48e54d015103,COMIC_COVER,3893,X-Men,COMMON,1.30,0xf89617ce514894f8f3d73225c9c3da19d17bb04d,0x7a796b2dab18b8e1ff77458cfe5f169fb422c1be,,
1f565536-c47f-4032-97d2-ff6666e234c0,2026-08-27 18:29:35,2026-08-27,4836f896-a3b1-4539-a79f-1b0a26bd5a25,COLLECTIBLE_TYPE,611,Rat,COMMON,1.88,0xc6730f46c02113ceb47ebd590544b9f7eba39f00,0x7a796b2dab18b8e1ff77458cfe5f169fb422c1be,,
7a707323-ee9c-4140-bdc6-f44064923048,2026-08-27 18:24:32,2026-08-27,2a1fe986-121b-48ab-bd64-1122192a0f31,COLLECTIBLE_TYPE,4522,Ahsoka Tano,SECRET_RARE,22.00,0x4f30bf6fd47cb7892876a123b400a54b6e438672,0xcbe5585e359a7bdc9d79949c4f22abed9c0b67b4,,
bc12d415-37bc-43fc-a0bf-491fa584f9b6,2026-08-27 18:21:20,2026-08-27,84bd510a-d0a1-4a25-8a65-f654358405cc,COLLECTIBLE_TYPE,98,Hua Xin Feng,ULTRA_RARE,24.99,0x3dede022173b635f09c6c60f727ccf5f78024da3,0x988edc69abadd96dc382a3d5bd7113cece628201,,
666188d0-9f50-4858-9afe-974497bb75ab,2026-08-27 18:20:14,2026-08-27,9f428e38-ab8d-446b-8037-f58c1a4af078,COLLECTIBLE_TYPE,5131,The London Police x SUYE Utility Coin,SECRET_RARE,30.00,0x988edc69abadd96dc382a3d5bd7113cece628201,0xaa8d060555697549431218fb06b04037b7162343,,
a06e49e1-2111-47ca-aafa-3e9accffabdf,2026-08-27 18:13:30,2026-08-27,6e450e21-4d52-4533-ba09-08ae348f6de0,COLLECTIBLE_TYPE,1282,Darkseid,ULTRA_RARE,17.95,0x2430ae627b35bd5968bc47810e5ad923091e7cfa,0x7a796b2dab18b8e1ff77458cfe5f169fb422c1be,,
b364df6e-e498-4c71-86f2-d5372e220513,2026-08-27 18:10:05,2026-08-27,a0527a60-b841-489d-9fc2-955883664956,COMIC_COVER,1380,Bloodstone,COMMON,3.53,0x4fee54f42b8afb4ace7e446289df884a7d10c15c,0x562670ee64186e0ad37436ebd22f0f9be3111ff1,,
7a0ec14c-fe3c-41a0-afa6-f11ffacdc56f,2026-08-27 18:09:56,2026-08-27,a0527a60-b841-489d-9fc2-955883664956,COMIC_COVER,4657,Bloodstone,COMMON,3.53,0xb3622fc8ba3f66832fcc3d31e60294e644312af8,0x562670ee64186e0ad37436ebd22f0f9be3111ff1,,
d820b477-1dd2-4a84-9d9a-22a5b11ef5cb,2026-08-27 18:09:26,2026-08-27,d6f429e9-d2f9-4eb7-91da-7b75078155f4,COMIC_COVER,296,Avengers,UNCOMMON,2.90,0x0f57d5818c214e601a5e90dbf701e84037f3a519,0x4fee54f42b8afb4ace7e446289df884a7d10c15c,,
b62c5027-ff82-44a2-833b-cbdbcb00da93,2026-08-27 18:08:42,2026-08-27,71e624e1-3660-49d6-a6a8-707dd61803da,COLLECTIBLE_TYPE,65,POW! - Gold,COMMON,68.95,0x95b6f607ad2b1215df2c92d9b1fc6ad2f277504f,0xe88050d9d62dfe240b89b120cfa4bb41ea5136c9,StandOffChart,
d117391f-dfe8-483a-b393-45dbeaf95a02,2026-08-27 18:08:26,2026-08-27,71e624e1-3660-49d6-a6a8-707dd61803da,COLLECTIBLE_TYPE,19,POW! - Gold,COMMON,68.95,0xe6e9d9c77c0bc351a53086a568cd9d9663fe1a9a,0xe88050d9d62dfe240b89b120cfa4bb41ea5136c9,,
6de1e891-4bfb-42c3-86c8-e55206ad6d22,2026-08-27 18:01:37,2026-08-27,3a24545f-3e4d-45d7-916f-817a50c7f1b2,COLLECTIBLE_TYPE,2018,No Time To Die  - Triumph Motorcycle,RARE,10.00,0xbd44ce5717bcbef7a4d4d1ecde7c87fe23e47325,0x66e3d5ffa80294c8822aad57f6a73e715ef8a169,a1nstinct,
d40b7295-2ad2-49d5-9be4-fba30e3d534f,2026-08-27 18:01:20,2026-08-27,c8a76df1-5979-4917-8189-5ecb4a2e4225,COLLECTIBLE_TYPE,313,KABOOM,SECRET_RARE,14.70,0x91fe0258fb41399ef1a429d09e1a990bbcbca448,0x0efbd11f7745ad1f175ca77ac9a729c873eeea38,,
c653f152-4789-4071-ae19-787436061370,2026-08-27 18:01:19,2026-08-27,2993c02c-2b94-474f-ae2f-35aca7a9ffec,COMIC_COVER,29254,Young Avengers,COMMON,1.00,0x74781f0518a453527e9edb96fa1fe6e08f40d55a,0xc38ba2d4f887c7b5bb84bf0ea297ad0b75398887,,
21bffcbf-7d15-440e-9ec9-3082231ffe92,2026-08-27 18:00:04,2026-08-27,5cd5b20e-02da-4be2-8060-b7d03b2383d5,COLLECTIBLE_TYPE,953,#01 Eduardo Risso Batman,ULTRA_RARE,1500.00,0xe4ecc0379b63b97fe0bed70e3a562cf8a97a3c8c,0x64db1f2d729f7afb57a98ccd1e018e6760d03db0,,
787f9942-19bf-417b-bb9f-b5da3d1f5b09,2026-08-27 17:59:13,2026-08-27,d350feb0-a464-4ac5-a763-2e13ce688219,COMIC_COVER,6693,Captain America,RARE,35.00,0x91fe0258fb41399ef1a429d09e1a990bbcbca448,0xd38c26b2665e3f5b9d793293b80d5c70a05452f9,,
21b19985-d75e-4736-b00e-1f13ed25c1e8,2026-08-27 17:57:23,2026-08-27,e12e243b-e88f-4622-b0da-599c54385255,COLLECTIBLE_TYPE,16,ZAP! - Gold,ULTRA_RARE,59.00,0x91fe0258fb41399ef1a429d09e1a990bbcbca448,0x0efbd11f7745ad1f175ca77ac9a729c873eeea38,,
dc8328f1-160f-46be-b91a-68d7d4c64ba2,2026-08-27 17:55:01,2026-08-27,7fb5e2b2-c018-4f5c-8a35-15c7f1331d05,COMIC_COVER,528,Tarzan of the Apes,COMMON,1.50,0xa12be857785ff0d4f046f83b3abab90edbb32aff,0xb7a6069bccefd110041e7acb5dc2b43216076b20,,
f97946bf-a81a-4801-af60-eeda08398f80,2026-08-27 17:54:26,2026-08-27,04d37d04-39e3-4fbb-aebf-93b5c5c4ceb5,COMIC_COVER,13925,Unbeatable Squirrel Girl,COMMON,1.99,0xf7fb1f9f8a99ad762d036b21b0c1c0f8283441bb,0xb7a6069bccefd110041e7acb5dc2b43216076b20,,
79a74933-4674-420c-9024-78dcdec562cb,2026-08-27 17:54:02,2026-08-27,7e54d23d-deb3-4d77-9a8e-46accfc1c832,COMIC_COVER,11950,The Avengers,COMMON,2.00,0xf89617ce514894f8f3d73225c9c3da19d17bb04d,0xb7a6069bccefd110041e7acb5dc2b43216076b20,,
e79c0cf1-4aa5-4438-ba28-19d2865c6b38,2026-08-27 17:53:16,2026-08-27,e5173e94-6fed-4aa6-8cf9-00ddd687dfff,COMIC_COVER,4537,Krrsantan: Star Wars Tales,COMMON,1.75,0x7a796b2dab18b8e1ff77458cfe5f169fb422c1be,0xb7a6069bccefd110041e7acb5dc2b43216076b20,,
ed56204b-5995-4944-964e-a0889854bfc6,2026-08-27 17:52:49,2026-08-27,dc96e8d3-e617-49a7-a0d0-015a9f55e51f,COMIC_COVER,2287,Tales of Suspense,COMMON,2.00,0xf7d3308dc81688e4d81e37be137127d9b3b32fc0,0xb7a6069bccefd110041e7acb5dc2b43216076b20,,
7477c0fb-96b8-4d21-80e2-f4fd6cf633df,2026-08-27 17:49:28,2026-08-27,37353ee5-47b8-4498-a220-7851c6dd0923,COLLECTIBLE_TYPE,2091,Michelangelo - Classic,COMMON,11.97,0x30723747e48975b421c0e2c01781b489a4d88795,0xf0ff3df07df8e4212e0b53ae48a4d834c492fedf,,
5d409a49-0ecd-4416-895e-936ef544f2f9,2026-08-27 17:49:05,2026-08-27,4b356aa3-e84f-4136-b904-801e0a2e9b03,COMIC_COVER,4725,Thru the Betaverse,COMMON,2.20,0x21188c1d9afb6cc5a0243f6f8dcd5d149e7672e9,0xb7a6069bccefd110041e7acb5dc2b43216076b20,Sfriedl6969,
38029bec-d145-4822-829d-4f36afcc9865,2026-08-27 17:48:07,2026-08-27,55bae9a6-c390-4147-bc51-7fcd094e4f17,COMIC_COVER,3166,X-Men,UNCOMMON,2.00,0xa1b780a6c8f7b48df2e072fe27fbbf2563b5468c,0xb7a6069bccefd110041e7acb5dc2b43216076b20,,
de887d38-41c7-4d39-a6d9-37c03488e74c,2026-08-27 17:47:48,2026-08-27,b181476c-57eb-45fc-8189-63fa29479906,COMIC_COVER,2444,Big Top Popaganda,COMMON,1.50,0xdf362c0ae03720bb11924c2ea13ceac44282d309,0xb7a6069bccefd110041e7acb5dc2b43216076b20,,
a5656801-8c93-43ba-8742-d0824391de43,2026-08-27 17:47:26,2026-08-27,d3aba070-95aa-4100-94f4-7b59706234b4,COMIC_COVER,2529,Wolverine,UNCOMMON,10.00,0xc9d7b04b26f6d54bfc5a59e1fcc5eee12c4e5a67,0xb7a6069bccefd110041e7acb5dc2b43216076b20,,
c81d8149-2f3f-492f-b3a5-97fde1931ced,2026-08-27 17:47:06,2026-08-27,7155b0b7-93bb-46b9-8f1d-37d85f1dfb1d,COMIC_COVER,1771,Secret Invasion,COMMON,2.00,0xa12be857785ff0d4f046f83b3abab90edbb32aff,0xb7a6069bccefd110041e7acb5dc2b43216076b20,,
45802690-ff40-4477-98e9-ea8ac5a1f2fc,2026-08-27 17:46:19,2026-08-27,366c3299-cedd-4e3a-bf06-0b62f36a017a,COMIC_COVER,12736,Sgt. Fury And His Howling Commandos,COMMON,1.99,0x4187e4287acce37f6dc1446072146a9c9cb48989,0xb7a6069bccefd110041e7acb5dc2b43216076b20,,
01ed8122-3a8d-46f8-bd02-bcc5c057b6f1,2026-08-27 17:46:03,2026-08-27,bbd0632d-ccc2-412a-974a-ee05f54e022d,COMIC_COVER,2941,Fantastic Four,COMMON,2.00,0x30986d883dc2f5bb12dbf2ae5f995cbe4bd93993,0xb7a6069bccefd110041e7acb5dc2b43216076b20,,
aba2ec05-91c2-49a0-ae12-8677d3bcbe87,2026-08-27 17:45:55,2026-08-27,158cf956-dbe3-48f4-9d41-68fa97acf97e,COLLECTIBLE_TYPE,1941,Kaiju Tokimon,COMMON,4.88,0x8f679ab5202e4f863fec300c0ec412d89d6cfa86,0x76dd0009fe9998f42e0cb6f00338c2e2264d670a,,ScarySeaMonster
b5c833db-abf9-4db3-932f-3712c3d5e670,2026-08-27 17:45:35,2026-08-27,d48fe092-b4cc-4400-9fbc-3936e6d74e6a,COMIC_COVER,712,Black Panther,COMMON,3.00,0xe6d02e5a4f41f1b280f4c52b070e0886d81fe78c,0xb7a6069bccefd110041e7acb5dc2b43216076b20,,
0fcc384a-79d4-4c69-a995-a285a0335306,2026-08-27 17:45:15,2026-08-27,2b0a1a66-ff1d-4f62-bb84-08ceb056af32,COMIC_COVER,842,Tarzan Of The Apes,COMMON,1.88,0xf7cca5b007b8ee5d514425c180f3c4f63b62ba03,0xb7a6069bccefd110041e7acb5dc2b43216076b20,,
064c71c8-d1a1-4202-b3e0-c5f22add5634,2026-08-27 17:44:50,2026-08-27,a578eb79-8d98-4c00-949f-59a8cab61ede,COMIC_COVER,832,Venom,COMMON,2.20,0xae16400e6107df7171cf8767487ffebef0e59954,0xb7a6069bccefd110041e7acb5dc2b43216076b20,,
bddebd82-9761-40af-b165-c2af650d2275,2026-08-27 17:44:35,2026-08-27,58068af3-6cc3-4f84-8120-698728297e26,COMIC_COVER,1249,X-Men,COMMON,2.00,0x6ebc3302aea96d159cc826572486b6198c47d451,0xb7a6069bccefd110041e7acb5dc2b43216076b20,,
88b98e72-fb36-4203-951d-c4a6a1cb21f4,2026-08-27 17:44:19,2026-08-27,d4ec084d-812b-4a3c-958f-d691f0060ff9,COLLECTIBLE_TYPE,122,Master Splinter - Battle Ready,SECRET_RARE,47.00,0xa27826d1da4fdf2e36acf424bc0d833dfad84256,0xd38c26b2665e3f5b9d793293b80d5c70a05452f9,,
605c9d30-37fe-45a8-b4d9-b66fff2bbd0c,2026-08-27 17:44:12,2026-08-27,1ea9d96d-2f3b-4bd3-ad03-5d6f094e04f4,COMIC_COVER,814,The Amazing Spider-Man,UNCOMMON,3.85,0x633c7d08a1d14098874418af5bb5b656af302610,0xb7a6069bccefd110041e7acb5dc2b43216076b20,,
5a4b1cc9-d835-40dc-8f34-f75c8892b3f7,2026-08-27 17:43:48,2026-08-27,a709645b-62df-490d-b74a-16a90c358d50,COLLECTIBLE_TYPE,193,Master Splinter - Combat Training,ULTRA_RARE,20.00,0xdc5334963cb0811c26c15e76d34fe192f3082712,0xd38c26b2665e3f5b9d793293b80d5c70a05452f9,,
9860addc-d7a2-4f32-af1d-93917c6497da,2026-08-27 17:43:42,2026-08-27,c8e57278-a9b0-4c29-a91a-6d5884af1b62,COMIC_COVER,2277,Marvel Preview,COMMON,1.99,0x343e3b991fce567c82b908463522332b9cc0f91a,0xb7a6069bccefd110041e7acb5dc2b43216076b20,,
f318ab75-c41c-4880-9970-8fad39e3339b,2026-08-27 17:43:28,2026-08-27,0bfb1239-b03a-4084-bafe-770796eece82,COLLECTIBLE_TYPE,2932,Wolverine - Blue and Yellow suit,RARE,68.00,0x89b6d497142e168621cb121d4f86f02311332035,0x2e81c49a05e0cd7f6379b058e1134f838f204194,,
8db43065-e199-4569-898a-3ec09eb1b4d4,2026-08-27 17:43:18,2026-08-27,c5306415-52d9-4faf-b1e9-58904a894fce,COMIC_COVER,4909,The X-men,UNCOMMON,2.00,0xafb6bded4ee173fdb3c07d0d129323deec542623,0xb7a6069bccefd110041e7acb5dc2b43216076b20,,
8b9c6b0f-4e66-4001-9bf8-ca5a8ca01932,2026-08-27 17:42:59,2026-08-27,5d73c124-d7c7-4f9f-b6b2-1611f0233157,COMIC_COVER,986,Fantastic Four,COMMON,2.50,0x7e83c3cb90d4e7cde15a168206907306eeed77ad,0xb7a6069bccefd110041e7acb5dc2b43216076b20,,
6601d042-32e6-4f75-bfb1-c0bc04831702,2026-08-27 17:42:40,2026-08-27,b2fe911c-bc6e-4f0b-b072-773adb5c4e96,COMIC_COVER,4219,The Invincible Ironman,COMMON,2.23,0x7e83c3cb90d4e7cde15a168206907306eeed77ad,0xb7a6069bccefd110041e7acb5dc2b43216076b20,,
0959874f-0622-41f3-8c8e-2dc4fc87d344,2026-08-27 17:42:30,2026-08-27,c46bd4ae-5d67-475d-b93e-98e334cd29c8,COMIC_COVER,4682,Uncle Scrooge: My First Million,COMMON,3.00,0x7e83c3cb90d4e7cde15a168206907306eeed77ad,0xb7a6069bccefd110041e7acb5dc2b43216076b20,,
e3d528b9-a337-4091-b00c-46d6fe031397,2026-08-27 17:42:13,2026-08-27,0835a0a7-4283-4f92-be23-32716e5e58dc,COMIC_COVER,10350,Tales to Astonish,COMMON,2.00,0xec32b9d287b073e9c48ae8ba768718ba42286bec,0xb7a6069bccefd110041e7acb5dc2b43216076b20,,
1363aae6-274c-4991-ac1f-7e683a2d5e0a,2026-08-27 17:41:32,2026-08-27,dad5d145-68b9-4e75-9e48-11aad0caa494,COMIC_COVER,3318,Tarzan,COMMON,2.10,0x9f4caaec6a2e9f8409b704f3ef16f0d51e827cdf,0xb7a6069bccefd110041e7acb5dc2b43216076b20,,
42cccfd4-8104-4c9b-bcb2-39fc711ccbf6,2026-08-27 17:41:05,2026-08-27,9186d23b-2eaf-4b64-a190-536ee8cf3381,COMIC_COVER,8942,Lonesome Ghosts in the Machine,UNCOMMON,2.40,0xc1902b4a930c8d409af78ee6fae3b98cb98ab65a,0xb7a6069bccefd110041e7acb5dc2b43216076b20,,
cdadc2ea-a6d2-4f9d-90ad-f683d35eb847,2026-08-27 17:40:50,2026-08-27,54e14510-757d-4cc8-abc2-00cbc79c7f07,COMIC_COVER,923,The New Avengers,COMMON,2.13,0x56d4a4f9253064dde9ca146c79796cd217b17231,0xb7a6069bccefd110041e7acb5dc2b43216076b20,,
c30bd9e3-b1e7-41be-a4b4-b597b19ed3a6,2026-08-27 17:39:13,2026-08-27,f1bb37cc-7350-403f-9e06-5942bc3765ec,COLLECTIBLE_TYPE,185,Master Splinter - Weapon Training,RARE,7.00,0x88e8fe8c552a59be0a9c21b74a41fd5fbcbf2dee,0xd38c26b2665e3f5b9d793293b80d5c70a05452f9,Aroostic,
ffe7f9a6-e1ef-4acc-af35-9ea79e734519,2026-08-27 17:38:29,2026-08-27,8b61e2cb-0382-49ca-956b-8c82fb3f875c,COMIC_COVER,5290,Marvel Super-Heroes,COMMON,1.99,0x1b7ea6b0eebc1e8b65bff1879463e69242ca4c31,0xb7a6069bccefd110041e7acb5dc2b43216076b20,,
7e70aeaa-50f6-4246-98bc-83813b0f96c1,2026-08-27 17:38:08,2026-08-27,a5e8ee47-f113-4922-93d0-515db1e53608,COMIC_COVER,6902,Strange Tales,COMMON,3.30,0xafb6bded4ee173fdb3c07d0d129323deec542623,0xb7a6069bccefd110041e7acb5dc2b43216076b20,,
ab8dae0b-5fbc-4cf8-9b5d-02cd074e0e1a,2026-08-27 17:37:53,2026-08-27,a9bd25e9-7deb-403f-9710-15314e0bc689,COLLECTIBLE_TYPE,194,Acrobatic Surfing,UNCOMMON,1.10,0xc02fed75e8f6616bc1a4bfb181a3f768c79d3825,0x21188c1d9afb6cc5a0243f6f8dcd5d149e7672e9,,Sfriedl6969
849a1d0e-6e0c-4113-829d-377565f3119f,2026-08-27 17:37:49,2026-08-27,8904d792-84db-42b3-a317-55ab046e00e8,COMIC_COVER,2540,The X-Men,COMMON,1.49,0xc037b48d264a75d75cd6943b0d2a237bfd645fed,0xb7a6069bccefd110041e7acb5dc2b43216076b20,,
126be430-7e40-4e5d-8149-1ce38961ba54,2026-08-27 17:37:26,2026-08-27,c49e75e5-b127-420e-af43-db1caec641d7,COMIC_COVER,3761,The Amazing Spider-Man,UNCOMMON,1.99,0x2e0ba6849242af60a024f6a5d6e45068ed3084da,0xb7a6069bccefd110041e7acb5dc2b43216076b20,,
9e6aa162-b63e-486d-becc-6abc3695f3e5,2026-08-27 17:36:51,2026-08-27,a0527a60-b841-489d-9fc2-955883664956,COMIC_COVER,2183,Bloodstone,COMMON,3.53,0x904bf3b41999405bcc01d5950b3e16d8d306e1a0,0xb7a6069bccefd110041e7acb5dc2b43216076b20,GypsyDawg,
9605e910-549e-42d5-8167-d6f49140207e,2026-08-27 17:36:22,2026-08-27,34ab099e-3be6-473f-8bf7-51a96e46873d,COMIC_COVER,2147,Iron Man,COMMON,1.99,0x1b7ea6b0eebc1e8b65bff1879463e69242ca4c31,0xb7a6069bccefd110041e7acb5dc2b43216076b20,,
a03ac028-e887-44c4-9884-435186d20ac9,2026-08-27 17:36:09,2026-08-27,ed651ef1-e253-4eb7-91d6-d7eb7813d6d5,COMIC_COVER,3718,Fantastic Four,COMMON,1.50,0xafb6bded4ee173fdb3c07d0d129323deec542623,0xb7a6069bccefd110041e7acb5dc2b43216076b20,,
d4bd87f8-669d-4fa8-b36e-414b29d13327,2026-08-27 17:35:51,2026-08-27,2ac51c33-bbae-4ca8-acac-ef1b923a3985,COMIC_COVER,7954,Wolverine,COMMON,1.30,0xb4f72f973f98ff6c4cbfd2ce16f16b2451b12382,0xb7a6069bccefd110041e7acb5dc2b43216076b20,,
90216ff3-6737-4b11-b1ca-43db5314fb05,2026-08-27 17:35:29,2026-08-27,862514c8-8ff0-4683-be1e-37d85d19f9c4,COMIC_COVER,6702,The Avengers,COMMON,2.00,0x4187e4287acce37f6dc1446072146a9c9cb48989,0xb7a6069bccefd110041e7acb5dc2b43216076b20,,
3d994106-02dc-4866-be27-b0519b2ac149,2026-08-27 17:33:35,2026-08-27,38240a36-10d1-4653-ba38-61bd524e3ef3,COLLECTIBLE_TYPE,358,Jean Grey - Phoenix,COMMON,22.00,0x7831ac4c9b585cbf93a6e2ec9c71513aafef21c4,0x2bf96b226bb98dbed4646e703155d6b62a3c5d1d,,
5770cdd8-19f4-4e5d-a9dd-1775aaa511c0,2026-08-27 17:32:08,2026-08-27,ce1f60ef-20a7-48f2-b5eb-2acc4d0d8cf6,COMIC_COVER,2604,Spider-Woman,COMMON,1.98,0xf7d3308dc81688e4d81e37be137127d9b3b32fc0,0xb7a6069bccefd110041e7acb5dc2b43216076b20,,
56b715f6-e735-4978-8af7-5644084597a5,2026-08-27 17:31:45,2026-08-27,52ba30bf-11d9-43b9-85e3-5dc6a7a53e51,COLLECTIBLE_TYPE,255,Werewolf By Night,UNCOMMON,6.49,0x7831ac4c9b585cbf93a6e2ec9c71513aafef21c4,0xc338fe1210cafb6b5019e1e532ae295e6da9e9c7,,
80802476-4728-4f8d-8020-5a6f6098a90b,2026-08-27 17:30:33,2026-08-27,4778b852-a29a-4663-b286-1271037703ae,COMIC_COVER,238,Avengers,COMMON,4.00,0x4ad576362ad4e76d491d0d59af5bb11e85650156,0x015cf5e6ca1b47df9833941a93c220cb4f279f09,,
02598e25-d9ab-4fa2-b29c-eac2ae32ee91,2026-08-27 17:29:55,2026-08-27,7865e918-bd8f-4ef9-b529-3ac0d3f85f02,COLLECTIBLE_TYPE,375,Buzz Lightyear – Laser Lock,RARE,15.00,0x7831ac4c9b585cbf93a6e2ec9c71513aafef21c4,0x21188c1d9afb6cc5a0243f6f8dcd5d149e7672e9,,Sfriedl6969
e0339ec4-4d77-419e-a7ad-c4b59ee17426,2026-08-27 17:29:17,2026-08-27,3cade375-7ae9-45be-84b8-38b8b9e39a88,COMIC_COVER,1454,Captain America,COMMON,1.99,0xa12be857785ff0d4f046f83b3abab90edbb32aff,0xb7a6069bccefd110041e7acb5dc2b43216076b20,,
b8999634-51d1-4c7b-9349-b753e90c88a5,2026-08-27 17:29:11,2026-08-27,c3cf7f7b-4d3b-4372-aeb3-309f5d7d91db,COLLECTIBLE_TYPE,1487,Donatello - Laboratory Lounge,UNCOMMON,15.03,0xbd4b0524e036cd0e99ecbedd3ee390815533e106,0xa121db4ef7228b63154ccc561a7d46e37341c112,,
b535dee6-efe0-4980-a512-9b7ef65f6fee,2026-08-27 17:28:57,2026-08-27,8585acff-638f-436e-98a4-581f6382596d,COMIC_COVER,4053,Spider-Man 2099,COMMON,1.85,0xcbd13edb4fe005e4c3bf67108909a1402a0eb269,0xb7a6069bccefd110041e7acb5dc2b43216076b20,,
06fed266-be4f-497b-b419-9fe40fdc6009,2026-08-27 17:28:28,2026-08-27,01bd4803-ce5d-45ed-9cfa-1d225aa8450a,COMIC_COVER,183,Saga of the Sub-Mariner,COMMON,1.69,0xc6730f46c02113ceb47ebd590544b9f7eba39f00,0x9f4caaec6a2e9f8409b704f3ef16f0d51e827cdf,,
17370f06-4bf8-4019-9eb4-929fb36a1c58,2026-08-27 17:24:19,2026-08-27,ebb7de05-9267-43e8-a01d-0ab08ed05e29,COLLECTIBLE_TYPE,676,Maserati Alfieri - Silver,COMMON,11.00,0x7831ac4c9b585cbf93a6e2ec9c71513aafef21c4,0x21188c1d9afb6cc5a0243f6f8dcd5d149e7672e9,,Sfriedl6969
ef39b640-fbcb-4371-8638-e53f15459bef,2026-08-27 17:21:01,2026-08-27,e7304969-5528-4518-bcc2-ed85cbc33290,COMIC_COVER,16220,Spider-Man,COMMON,2.00,0x96f8a417f33fc0aacb75ffdc698ca3169e5391e3,0xb7a6069bccefd110041e7acb5dc2b43216076b20,,
de22cadd-df0e-486d-8bf2-191937b97534,2026-08-27 17:20:28,2026-08-27,26047d32-6fbd-46dc-a022-4ce443350193,COMIC_COVER,2081,Black Panther (1998),COMMON,1.70,0xa419d8bf15b4d89634f78595d45ce0e1b144998d,0xb7a6069bccefd110041e7acb5dc2b43216076b20,,
e980d5f0-4818-46fe-8fc6-f88b333f5609,2026-08-27 17:19:45,2026-08-27,8d03ddec-8168-4453-9956-419312b9ec01,COMIC_COVER,3410,The Amazing Spider-Man,COMMON,1.99,0x7e83c3cb90d4e7cde15a168206907306eeed77ad,0xb7a6069bccefd110041e7acb5dc2b43216076b20,,
48c2c853-02ff-4550-8a05-bd6eb2fbaa7f,2026-08-27 17:19:21,2026-08-27,591b37ec-a0e1-4153-8f34-bb1410a7c002,COMIC_COVER,3396,Journey Into Mystery,COMMON,1.99,0x7e83c3cb90d4e7cde15a168206907306eeed77ad,0xb7a6069bccefd110041e7acb5dc2b43216076b20,,
04a1e6cb-d8ee-4f5b-a2d7-646bd1715483,2026-08-27 17:18:56,2026-08-27,f09af487-4dda-4b57-b58a-119e6ecc636b,COMIC_COVER,4466,Daredevil,COMMON,2.00,0x7e83c3cb90d4e7cde15a168206907306eeed77ad,0xb7a6069bccefd110041e7acb5dc2b43216076b20,,
d97dd521-8ac4-40a6-a2c9-07952eb63bae,2026-08-27 17:18:11,2026-08-27,8658d491-41b8-463a-a7e0-3b2e8ec81db7,COMIC_COVER,3825,The Amazing Spider-Man,COMMON,1.75,0xaa8d060555697549431218fb06b04037b7162343,0xb7a6069bccefd110041e7acb5dc2b43216076b20,,
2925224d-9125-49d0-880b-02edaa89a85a,2026-08-27 17:16:58,2026-08-27,f753ae05-75a2-4008-8c1e-15ac6b206596,COMIC_COVER,1670,"Peter Parker, the Spectacular Spider-Man",COMMON,1.85,0x492504984b6f4e7fc3d442f06476003d0babc4c6,0xb7a6069bccefd110041e7acb5dc2b43216076b20,,
1ba57469-67d8-4003-ba24-1b13a9b27435,2026-08-27 17:16:09,2026-08-27,8283c167-a79d-4308-853a-bdb08368eb5a,COLLECTIBLE_TYPE,361,Fastball Special,SECRET_RARE,54.95,0x722ce84d6d0527e0ee433a461a1209e624308e19,0x259f8a275a3b973af618bd2f8c4ae897cf190660,jici,
bb672e09-66bf-42cb-be8c-72c196564882,2026-08-27 17:15:46,2026-08-27,9d9643bc-a33f-4a4b-a397-7162e4cff142,COLLECTIBLE_TYPE,715,Nijiko,RARE,2.82,0x7831ac4c9b585cbf93a6e2ec9c71513aafef21c4,0xf8107b6d55548130cfa7fa740b0a1b1bfb20389a,,
f9970165-8006-41d5-8862-8b6f7e0794d9,2026-08-27 17:15:46,2026-08-27,448ea470-4329-4c9b-ad29-234261af5de5,COMIC_COVER,760,The Amazing Spider-Man,COMMON,3.45,0xaa8d060555697549431218fb06b04037b7162343,0xb7a6069bccefd110041e7acb5dc2b43216076b20,,
c52d7cd1-cad1-4a6c-8b26-e4a12cc9be47,2026-08-27 17:15:03,2026-08-27,72aa0a48-e9f7-482f-8aad-889b9a5d6034,COMIC_COVER,2108,Vision and the Scarlet Witch,COMMON,1.99,0xc1a21a167b9ed820def3a5d4652c591a45277ac6,0xb7a6069bccefd110041e7acb5dc2b43216076b20,,
e7b322ae-b4fe-4ff3-8147-e11fccb6d528,2026-08-27 17:09:50,2026-08-27,d6f429e9-d2f9-4eb7-91da-7b75078155f4,COMIC_COVER,520,Avengers,UNCOMMON,2.90,0xaa8d060555697549431218fb06b04037b7162343,0x444e7257de38e9b2447f2ee668e0363bcdd38d0b,,
5e7a762c-0de7-492e-9813-ab34b0dfee28,2026-08-27 16:58:52,2026-08-27,4778b852-a29a-4663-b286-1271037703ae,COMIC_COVER,538,Avengers,COMMON,4.00,0x4ad576362ad4e76d491d0d59af5bb11e85650156,0xbb03d0efe30dbf9bf28994d96908f8d206c27c3f,,
2e9e8b4e-78b4-43f5-abf0-18c3e9dbd90e,2026-08-27 16:57:45,2026-08-27,86a1c74b-4fff-4729-9cf9-57d92f29e053,COLLECTIBLE_TYPE,933,Steve Rogers,COMMON,7.15,0xaa8d060555697549431218fb06b04037b7162343,0x7cf04ae916d1a2ab09da34f69d91d0465c0306e1,,
b6ff6b2c-526e-45dd-8806-ad4c45a368f4,2026-08-27 16:53:20,2026-08-27,cccc8176-f806-490d-be7a-5fe3e7ea0e4b,COLLECTIBLE_TYPE,1159,Green Goblin,ULTRA_RARE,39.90,0xecd0e83959f6bcb6e40e3fd582b20b8f3977b3ac,0xe299183630d605329cfdafdd8d35aa37fafdd593,,
eaf53a9c-ce2e-4295-b64c-2b027ac26f74,2026-08-27 16:52:01,2026-08-27,4a8e584e-4cd0-47e8-8954-af74c52d90fe,COLLECTIBLE_TYPE,16736,Invisible Woman,UNCOMMON,2.00,0x45b9117db34bd2119053486d5cff666a3731b33c,0xe299183630d605329cfdafdd8d35aa37fafdd593,,
eea69edd-d783-4f5e-9b4f-1f04a40a8213,2026-08-27 16:51:49,2026-08-27,a494f556-ebcd-4252-b4ec-ccd52c331c5c,COLLECTIBLE_TYPE,655,Mickey,UNCOMMON,13.99,0xbf0e7fe9a88a9cbfdb99d0a633a5404314053a68,0xc17413a468119daf012bc7a534716a8d5002120f,,
2cf1ec66-b627-4dbc-9da2-430aeb80b13a,2026-08-27 16:51:29,2026-08-27,a494f556-ebcd-4252-b4ec-ccd52c331c5c,COLLECTIBLE_TYPE,1379,Mickey,UNCOMMON,13.99,0xabbe43800959e0922408cdc1c9fa3d7afee762ab,0xc17413a468119daf012bc7a534716a8d5002120f,,
62907dfa-fe05-4532-9de9-b2029b5b90ef,2026-08-27 16:45:42,2026-08-27,6974b69e-b502-4bd8-820e-9b876cb02c9f,COLLECTIBLE_TYPE,66,Single 6d 'Kiwi' gummed stamp,UNCOMMON,2.16,0x47ad9f0d3b51d31135bdae1ef30d6709cf4c89b3,0xbd44ce5717bcbef7a4d4d1ecde7c87fe23e47325,BigOz,a1nstinct
196ad96f-24fb-469d-8622-192d36e1ef37,2026-08-27 16:44:34,2026-08-27,783eb95f-bfb3-478a-889e-49f3c78b7929,COMIC_COVER,4234,The Amazing Spider-Man,COMMON,8.49,0x93365222c1bbe3b5853c0ca6234f130899bc2760,0x3a112a0d8144cf63c635aa8f1f3161e9626a4f1e,,
04c0c1a8-a092-4517-9160-845221f9f2e7,2026-08-27 16:43:41,2026-08-27,4de77349-9d1f-44c8-a0a4-59341e52f52a,COLLECTIBLE_TYPE,319,America Chavez - Miss America,SECRET_RARE,69.00,0x5c351ffda198aa91df287ad320c592222a9dc67c,0xfa6d26be297af9fb4765c2bb447dea4a5ff9a7f7,,
fbef20a8-accb-4b97-86be-aa42c082a44a,2026-08-27 16:38:52,2026-08-27,b72f0788-948e-4e0a-8c22-3e067e35634f,COLLECTIBLE_TYPE,3180,The Rabbbits Jukebox,COMMON,2.75,0xc83572685f41ccadc481d8665e779b18f83c2b81,0xc895c74d51cafda1d74f644dc2442ca2a74db8fe,,
19b69bd0-987f-46b8-b8db-12ddcc5638ca,2026-08-27 16:37:40,2026-08-27,3d86e011-1ed9-4ea5-bedd-a6cb1f33cc16,COLLECTIBLE_TYPE,1071,1938 William McKinley,UNCOMMON,2.99,0x9f4caaec6a2e9f8409b704f3ef16f0d51e827cdf,0x4262fc8a4b82082b0b73aac9f68e7ada55f101a5,,
a66f84a8-7745-42bb-b3b1-301af303066d,2026-08-27 16:35:55,2026-08-27,182d55b2-23c7-4270-8f44-16682cc07eec,COLLECTIBLE_TYPE,484,Record #2 - Fame Finds The Village Idiot - Original,COMMON,1.60,0xc17413a468119daf012bc7a534716a8d5002120f,0xc895c74d51cafda1d74f644dc2442ca2a74db8fe,,
f22031b3-13cc-44a3-923f-c9e4d6a6b1bb,2026-08-27 16:33:44,2026-08-27,23450fdd-9bf9-41c6-8e35-0cca5c5794c0,COMIC_COVER,800,Avengers vs X-Men,UNCOMMON,7.00,0x70381944dd356305d3c810edcb6f510bfb417c5e,0xbf414303e44475ac380590c506e79c9ab7abe95a,,
e283e9d3-3603-4671-ae74-4da733be8e5b,2026-08-27 16:33:27,2026-08-27,a67a94d7-5e87-4db5-9889-a4fa8ba0f515,COMIC_COVER,717,Avengers vs X-Men,COMMON,4.37,0x5a6e39697e46949a9155f39a47d83a30edb3d301,0xbf414303e44475ac380590c506e79c9ab7abe95a,,
a6256239-d80f-4186-bade-e4616e7e9667,2026-08-27 16:32:24,2026-08-27,a33b2a0b-d11e-402b-ae0d-b4d5603b416a,COLLECTIBLE_TYPE,942,1938 Grover Cleveland,COMMON,1.60,0x51266f8af0b734b8fa5861f7871fd9924c49b6ae,0x4262fc8a4b82082b0b73aac9f68e7ada55f101a5,,
7f1fbbc5-c632-4ada-b2fc-964773f17fbb,2026-08-27 16:31:41,2026-08-27,715c88cc-7b93-4bb7-94ed-addfb58c74b4,COMIC_COVER,173,Saga of the Sub-Mariner,ULTRA_RARE,8.50,0x2c6a5c54e3dfd72ba88f983102117ce22573063e,0xb04f582df0cf05164b33d3bd1359d17ba964b7fa,,
872eb5ad-1158-4716-a56a-f71e1c5c352f,2026-08-27 16:30:27,2026-08-27,8e44819a-8fb7-418b-ab94-a8e231137962,COLLECTIBLE_TYPE,1245,1938 Abraham Lincoln,UNCOMMON,8.99,0xc338fe1210cafb6b5019e1e532ae295e6da9e9c7,0x4262fc8a4b82082b0b73aac9f68e7ada55f101a5,,
58f803b7-4f64-4896-8263-4df7c1241871,2026-08-27 16:29:46,2026-08-27,a5fcf837-0263-44f1-bf85-69453bba219f,COLLECTIBLE_TYPE,206,Super Armor Hiro,ULTRA_RARE,39.99,0x5af9a3481f58a9928525cf5d90e6504a87c0cde2,0xde7a3cffc1c19d28ce19351a3d34a57e8a3f5f43,,
80a1deee-025d-47ae-b5fb-ab630d55d572,2026-08-27 16:28:18,2026-08-27,1a19bf3c-7efc-49a3-a4ff-4d4b709f853f,COLLECTIBLE_TYPE,806,1938 Ulysses S. Grant,RARE,15.00,0xb04f582df0cf05164b33d3bd1359d17ba964b7fa,0x4262fc8a4b82082b0b73aac9f68e7ada55f101a5,,
8b10300f-f269-41a5-a7d5-6edeeae976d0,2026-08-27 16:27:27,2026-08-27,a832db2f-413b-4337-9538-8d7ccc590779,COLLECTIBLE_TYPE,712,Neytiri's Banshee,ULTRA_RARE,22.00,0x9be319d3725baa165bb449992d3362a19e7ff1df,0x3990cea6474e573dc49bd37133739eee034ea76d,,
1979386f-4b5f-4506-b715-337c30c15a50,2026-08-27 16:21:49,2026-08-27,72f4f672-c6a5-40f6-b3a5-9a369dd25dee,COLLECTIBLE_TYPE,563,1938 Andrew Johnson,UNCOMMON,5.20,0x1f183b55f30abb998eb957350c267d9c4a28c955,0x4262fc8a4b82082b0b73aac9f68e7ada55f101a5,,
77dd4d1c-6842-4474-867c-b25f75f5c169,2026-08-27 16:19:46,2026-08-27,30c99f6d-b603-47d4-a30b-626c9baa0ae2,COLLECTIBLE_TYPE,567,1938 James Buchanan,COMMON,2.94,0x722ce84d6d0527e0ee433a461a1209e624308e19,0x4262fc8a4b82082b0b73aac9f68e7ada55f101a5,jici,
8ea6dd3c-7b2b-4fea-9b65-d4aac2710f11,2026-08-27 16:04:07,2026-08-27,6034d020-5c76-46b5-aa1e-56011181936e,COLLECTIBLE_TYPE,1284,Graffi ver. Red,COMMON,1.23,0x71c72a3dd6e632d0aff4732832164acedc7edaa4,0xf6ca21ccc4d688ad626654d053acc1f37fdc0546,,
29d88558-ce53-470c-9276-4374442c993c,2026-08-27 15:51:15,2026-08-27,38df9c4a-4da8-4271-a861-9f9dcfde2e1a,COLLECTIBLE_TYPE,333,Single 1d 'Lake Taupo' gummed stamp,COMMON,1.69,0x47ad9f0d3b51d31135bdae1ef30d6709cf4c89b3,0xc570d6e22f97d00355d0d616dc7985fc578f6b62,BigOz,Mint_Junkie
7a4446a6-fa1d-412f-851f-52b39ae664df,2026-08-27 15:48:02,2026-08-27,f6717b76-db8d-48af-bffd-d7016ac4a83d,COLLECTIBLE_TYPE,613,C-Rank Essence Stone,UNCOMMON,1.08,0xc17413a468119daf012bc7a534716a8d5002120f,0x1b7ea6b0eebc1e8b65bff1879463e69242ca4c31,,
acf0ae2d-c033-474c-a672-95a72e3b884d,2026-08-27 15:46:35,2026-08-27,ff142570-e43a-4f7e-8a15-4668b0e4d332,COLLECTIBLE_TYPE,117,ZAP!,ULTRA_RARE,4.19,0x91fe0258fb41399ef1a429d09e1a990bbcbca448,0xda611149b2ab3e4f33519f3d230fbc8f003e4e52,,
b4e6703f-b199-47d2-95a9-2d97895aff27,2026-08-27 15:42:54,2026-08-27,59b460ed-a0ea-4674-a9b4-7efa47fcc120,COLLECTIBLE_TYPE,173,1938 Franklin Pierce,COMMON,3.19,0xc4f5202bfcee3226c1629076b36bbe7a190dc108,0x4262fc8a4b82082b0b73aac9f68e7ada55f101a5,,
078f348f-35e7-48f5-a5be-33a4b0ea805e,2026-08-27 15:42:23,2026-08-27,38240a36-10d1-4653-ba38-61bd524e3ef3,COLLECTIBLE_TYPE,477,Jean Grey - Phoenix,COMMON,22.00,0xc17413a468119daf012bc7a534716a8d5002120f,0x40ee1a2354242e5706ab98908175078baf2ba108,,
0e3364da-4075-4435-a0f2-04d11889d45f,2026-08-27 15:40:14,2026-08-27,d41d510c-972a-4079-bb85-3319906f9cc4,COLLECTIBLE_TYPE,562,1938 Woodrow Wilson,RARE,4.84,0x1414dc57ef8d6073f4d1bb61ff8e59fc7a2ab09a,0x4262fc8a4b82082b0b73aac9f68e7ada55f101a5,,
e220da8c-79fa-4568-9c13-29a62cc540e7,2026-08-27 15:40:02,2026-08-27,2641f79e-8ce8-4b3f-9806-de801d475c14,COMIC_COVER,6431,Captain America,COMMON,49.75,0x80f3bde052cdbb0170691b132f51acbc6efc84a9,0xc1902b4a930c8d409af78ee6fae3b98cb98ab65a,,
93dac553-64cb-4a43-b8c1-23049be3deb5,2026-08-27 15:39:26,2026-08-27,61d09bde-7c93-4d3b-8816-33266d761153,COLLECTIBLE_TYPE,364,1938 William Howard Taft,RARE,5.00,0x51266f8af0b734b8fa5861f7871fd9924c49b6ae,0x4262fc8a4b82082b0b73aac9f68e7ada55f101a5,,
340350af-f219-4ad1-afdb-fe48d955e3f1,2026-08-27 15:35:17,2026-08-27,fccfc777-cc16-4a36-b063-8258d6e69ffe,COLLECTIBLE_TYPE,394,Boy,SECRET_RARE,30.00,0x617e4b6c2378d0c34b182c666cbd13e738eef135,0x511aa5081aae3b056f1bc94734f0a4f0bf1708b3,,
735fa4f9-adb2-4783-af17-e8b997766237,2026-08-27 15:34:48,2026-08-27,983c4be0-5acb-468d-b834-3e2869618011,COLLECTIBLE_TYPE,34,Super,SECRET_RARE,15.00,0xdc0dea1d9d366ae8113a105f92cd39b25b87cb90,0x511aa5081aae3b056f1bc94734f0a4f0bf1708b3,,
6e0cfe15-e11f-4e28-8473-2e3ebaeb3ed7,2026-08-27 15:34:21,2026-08-27,af36d0b7-21fc-404d-a6ea-6b5676c9ba30,COLLECTIBLE_TYPE,62,Hoodie,SECRET_RARE,22.00,0x93e19fb8a39f5c2d34f7565f192c3f21eeb3f799,0x511aa5081aae3b056f1bc94734f0a4f0bf1708b3,,
6f799904-4af7-4796-8895-cbae47a07bbd,2026-08-27 15:27:56,2026-08-27,36870fc2-0fa9-47f8-937c-b56eb1288ad2,COLLECTIBLE_TYPE,1681,Single 5s 'Mount Cook' gummed stamp,UNCOMMON,5.99,0x47ad9f0d3b51d31135bdae1ef30d6709cf4c89b3,0xea8a2603e6e39ea4d75087b4e6037865d502b884,BigOz,HarryVeve
637aec17-23b1-4170-a55c-2b5ea02ff2ca,2026-08-27 15:26:55,2026-08-27,dfd04ee9-970a-4c10-bf41-8acadede5d28,COLLECTIBLE_TYPE,1168,Single 5d 'Otira Gorge' gummed stamp,RARE,4.50,0x47ad9f0d3b51d31135bdae1ef30d6709cf4c89b3,0xea8a2603e6e39ea4d75087b4e6037865d502b884,BigOz,HarryVeve
a2e4df31-b21d-40eb-bbd6-18123dbe0fde,2026-08-27 15:26:46,2026-08-27,538d7c66-16e6-46ac-9678-f2a60c0772f0,COLLECTIBLE_TYPE,1100,Record #4 - I Am Nothing - Original,COMMON,1.75,0xc17413a468119daf012bc7a534716a8d5002120f,0xea8a2603e6e39ea4d75087b4e6037865d502b884,,HarryVeve
7abb95ef-a5b9-4cdb-83b1-f701d35a55d7,2026-08-27 15:25:36,2026-08-27,6974b69e-b502-4bd8-820e-9b876cb02c9f,COLLECTIBLE_TYPE,116,Single 6d 'Kiwi' gummed stamp,UNCOMMON,2.16,0x47ad9f0d3b51d31135bdae1ef30d6709cf4c89b3,0xea8a2603e6e39ea4d75087b4e6037865d502b884,BigOz,HarryVeve
f7183ff1-40e3-4b75-9897-eb50d66da83e,2026-08-27 15:25:09,2026-08-27,79f49f24-d6f3-4ba0-9253-599d05699a35,COLLECTIBLE_TYPE,888,Single 1s 'Kea and Kaka' gummed stamp,ULTRA_RARE,7.99,0x47ad9f0d3b51d31135bdae1ef30d6709cf4c89b3,0xea8a2603e6e39ea4d75087b4e6037865d502b884,BigOz,HarryVeve
36426827-f777-4013-8108-8f625325759c,2026-08-27 15:24:11,2026-08-27,75677539-6781-4d04-9361-54a43fd8ad17,COLLECTIBLE_TYPE,13035,The Skywalker Lightsaber,COMMON,7.00,0x904bf3b41999405bcc01d5950b3e16d8d306e1a0,0xd77f31bfc26cc3fb77c8af921eb1347a30a0f7ed,GypsyDawg,
66d5cd4d-3847-4c03-a60c-e47037fdd42d,2026-08-27 15:23:18,2026-08-27,11f2b172-e206-4644-8256-e51fd7298af2,COLLECTIBLE_TYPE,6549,Winnie the Pooh and Piglet,COMMON,34.70,0xea8a2603e6e39ea4d75087b4e6037865d502b884,0xdda70a5c25d72be0ea7b8f2b45b21c44feceedc7,HarryVeve,
64170e57-928d-41d8-94a5-4288399823fe,2026-08-27 15:23:06,2026-08-27,11f2b172-e206-4644-8256-e51fd7298af2,COLLECTIBLE_TYPE,1196,Winnie the Pooh and Piglet,COMMON,34.70,0x229d5a5db58654d41dc8276bcac2975aaa45e1ea,0xdda70a5c25d72be0ea7b8f2b45b21c44feceedc7,,
337ffea8-0e4c-4526-b2a1-e160bd3d360e,2026-08-27 15:22:25,2026-08-27,11f2b172-e206-4644-8256-e51fd7298af2,COLLECTIBLE_TYPE,12549,Winnie the Pooh and Piglet,COMMON,34.70,0xea8a2603e6e39ea4d75087b4e6037865d502b884,0xdda70a5c25d72be0ea7b8f2b45b21c44feceedc7,HarryVeve,
cc161663-c68f-4e9c-819b-6f23e6747461,2026-08-27 15:21:58,2026-08-27,cd77af1d-5388-4cf3-addf-a6b15ae51439,COMIC_COVER,1221,The X-Men,COMMON,10.00,0xbead77e53f4ff6701cfd56ce96a60b89a2d5179a,0x0fdd5ab0dc6f5c9c05f395f3dfb85c273110e704,,
b3e47071-68ec-47eb-afa6-a3f8d2940b13,2026-08-27 15:21:24,2026-08-27,2a1fe986-121b-48ab-bd64-1122192a0f31,COLLECTIBLE_TYPE,5349,Ahsoka Tano,SECRET_RARE,22.00,0x904bf3b41999405bcc01d5950b3e16d8d306e1a0,0xd77f31bfc26cc3fb77c8af921eb1347a30a0f7ed,GypsyDawg,
f070a4e7-a3b9-4633-8379-2f99a5ad9869,2026-08-27 15:20:55,2026-08-27,4e65766e-d432-40a3-8465-f8a0a0270a2f,COLLECTIBLE_TYPE,554,Ultraman Rising Poster,SECRET_RARE,57.00,0x47ad9f0d3b51d31135bdae1ef30d6709cf4c89b3,0x302746f315498b1575ce009d6fd2a3604ba09790,BigOz,
2aec8758-87a7-49ef-aa18-47a9ae0ca2e4,2026-08-27 15:20:45,2026-08-27,5de77082-bc76-411a-bdaf-20287f7f0867,COLLECTIBLE_TYPE,903,R5-D4,ULTRA_RARE,50.00,0x21dbfdddf14da377d5fbebb5e8fa9a0974bf64d3,0xd77f31bfc26cc3fb77c8af921eb1347a30a0f7ed,,
e66211eb-804a-43ff-86aa-69c201e64ed6,2026-08-27 15:20:18,2026-08-27,e9bdf1b9-7b80-4683-a94f-32db83f3bd39,COLLECTIBLE_TYPE,4809,Yoda,COMMON,7.89,0xa419d8bf15b4d89634f78595d45ce0e1b144998d,0xd77f31bfc26cc3fb77c8af921eb1347a30a0f7ed,,
42dc0005-e9c0-4488-8982-e852ec5b051b,2026-08-27 15:18:45,2026-08-27,c00630d3-6aaa-412a-a9d3-ffe68fceba5a,COLLECTIBLE_TYPE,1730,Donatello - Classic,COMMON,5.90,0xbb5903b0082830c3e78e912a908efbc21d02d2d0,0xdda70a5c25d72be0ea7b8f2b45b21c44feceedc7,Dekri,
e8c6a4a6-e286-446b-a9b1-aed9ec8504cb,2026-08-27 15:18:04,2026-08-27,d40158c7-c456-4377-980a-9c5cc6f99bc1,COLLECTIBLE_TYPE,1268,Ryu,COMMON,29.95,0x4cf499365ff1031a9c21c532c33235435c5046dc,0xf766f95fa592646f068a1821e5b6496efaf1a3bf,,
25aef7c9-92ef-4e4a-b229-f0c453a79ebd,2026-08-27 15:17:52,2026-08-27,38df9c4a-4da8-4271-a861-9f9dcfde2e1a,COLLECTIBLE_TYPE,1333,Single 1d 'Lake Taupo' gummed stamp,COMMON,1.69,0x47ad9f0d3b51d31135bdae1ef30d6709cf4c89b3,0xea8a2603e6e39ea4d75087b4e6037865d502b884,BigOz,HarryVeve
1756c583-2969-478a-80a7-48ca2db54805,2026-08-27 15:17:37,2026-08-27,c889a878-bc2b-4afe-a9c1-a02ffbe80231,COLLECTIBLE_TYPE,550,Single 4d 'White Terraces' gummed stamp,RARE,2.50,0x47ad9f0d3b51d31135bdae1ef30d6709cf4c89b3,0xea8a2603e6e39ea4d75087b4e6037865d502b884,BigOz,HarryVeve
dcef7350-37ba-42ef-80d7-829359f9a4cc,2026-08-27 15:17:29,2026-08-27,dfd04ee9-970a-4c10-bf41-8acadede5d28,COLLECTIBLE_TYPE,1333,Single 5d 'Otira Gorge' gummed stamp,RARE,4.50,0x47ad9f0d3b51d31135bdae1ef30d6709cf4c89b3,0xea8a2603e6e39ea4d75087b4e6037865d502b884,BigOz,HarryVeve
b78d053f-4d15-40f0-b75c-901310d65ae8,2026-08-27 15:17:18,2026-08-27,6974b69e-b502-4bd8-820e-9b876cb02c9f,COLLECTIBLE_TYPE,888,Single 6d 'Kiwi' gummed stamp,UNCOMMON,2.16,0x47ad9f0d3b51d31135bdae1ef30d6709cf4c89b3,0xea8a2603e6e39ea4d75087b4e6037865d502b884,BigOz,HarryVeve
d069e7ab-59bf-4a42-a5d1-e570888c01f0,2026-08-27 15:17:02,2026-08-27,79f49f24-d6f3-4ba0-9253-599d05699a35,COLLECTIBLE_TYPE,878,Single 1s 'Kea and Kaka' gummed stamp,ULTRA_RARE,7.99,0x47ad9f0d3b51d31135bdae1ef30d6709cf4c89b3,0xea8a2603e6e39ea4d75087b4e6037865d502b884,BigOz,HarryVeve
0295fcfa-e80e-4d1c-9fb2-2bfab05dba89,2026-08-27 15:16:20,2026-08-27,01bd4803-ce5d-45ed-9cfa-1d225aa8450a,COMIC_COVER,729,Saga of the Sub-Mariner,COMMON,1.69,0x2c6a5c54e3dfd72ba88f983102117ce22573063e,0x562ef997df647902c985c9d210881af104342177,,
30f48631-c29d-44b5-bc5b-0859fbca5777,2026-08-27 15:15:43,2026-08-27,2794ef40-2f15-422b-b71f-9f17becccf5c,COMIC_COVER,699,The Incredible Hulk,COMMON,35.00,0x196c3725ebf81a80953c004785afb9cefc1d60d1,0xf17f2fca6cce84003e1b589e0af517c18a4e4cb1,Totalban,
453afe75-ccaa-402f-9095-ff3c622e24a6,2026-08-27 15:12:24,2026-08-27,b5fbafef-f911-4a70-95d4-471fba080ecd,COMIC_COVER,511,Saga of the Sub-Mariner,UNCOMMON,1.70,0xd08d460344eb63186ab05be87c156b441a5e0f5d,0xa101221670703e67d1269074be3a1ee009d98910,,
0c81b3e2-a2b1-4695-8202-33ef8dc49560,2026-08-27 15:11:40,2026-08-27,f64f5581-0640-4c33-873d-1d798c086e24,COLLECTIBLE_TYPE,5129,Stormtrooper,COMMON,8.99,0x4cf499365ff1031a9c21c532c33235435c5046dc,0xaa8d060555697549431218fb06b04037b7162343,,
642b15b6-31e2-4fb0-bfad-2448bef96f7f,2026-08-27 15:07:05,2026-08-27,c98cf717-1aab-454d-b46a-2684a741cfc6,COMIC_COVER,5098,Thor: God of Thunder,UNCOMMON,1.75,0xa1b780a6c8f7b48df2e072fe27fbbf2563b5468c,0x6d020b98c2cfaec746edf2e7ef4ebe3e89765f50,,BigPhatM
b43ef792-c069-432c-aee0-9d1dbd0c3d73,2026-08-27 15:03:43,2026-08-27,90b09859-6fa5-4fbf-beb9-cd8b19187dad,COLLECTIBLE_TYPE,1162,E-Rank Essence Stone,COMMON,1.00,0xc6730f46c02113ceb47ebd590544b9f7eba39f00,0x6d020b98c2cfaec746edf2e7ef4ebe3e89765f50,,BigPhatM
1f8999b5-9350-4755-86a8-62569c868faf,2026-08-27 14:58:45,2026-08-27,01bd4803-ce5d-45ed-9cfa-1d225aa8450a,COMIC_COVER,436,Saga of the Sub-Mariner,COMMON,1.69,0xc9f3376c16946692a2ea98441f4f4c01117c533e,0xb245d3fd702c81f06d1adedac81ceb57177a4094,Mikeysab,
cb238e82-fd01-407e-b628-c9a2249b1a50,2026-08-27 14:57:52,2026-08-27,b5fbafef-f911-4a70-95d4-471fba080ecd,COMIC_COVER,259,Saga of the Sub-Mariner,UNCOMMON,1.70,0x054dc47a500ea8986e73c98b189a94cbb8376bbb,0xb245d3fd702c81f06d1adedac81ceb57177a4094,Pooski,
5f3809c9-85ac-44c3-8eb6-da8740e693cf,2026-08-27 14:57:36,2026-08-27,b5fbafef-f911-4a70-95d4-471fba080ecd,COMIC_COVER,247,Saga of the Sub-Mariner,UNCOMMON,1.70,0x0f57d5818c214e601a5e90dbf701e84037f3a519,0xb245d3fd702c81f06d1adedac81ceb57177a4094,,
b5a120be-7ba6-45da-979e-818628ef6673,2026-08-27 14:57:18,2026-08-27,e7304969-5528-4518-bcc2-ed85cbc33290,COMIC_COVER,26287,Spider-Man,COMMON,2.00,0xe67cb3200d6dda6c354e833c04f1bdc97c3a22d8,0x66c90d2fe6f69d78c3bd0ba726b7503412a516e3,,
94702cd1-c003-403b-8e00-1c65ac94850e,2026-08-27 14:53:17,2026-08-27,2eccc3b9-a35b-4c06-b9a4-e50c9b01b92c,COMIC_COVER,509,The X-Men,UNCOMMON,3.75,0xf65e1461fc786f22ecb5815ab9bb985a7f9148bb,0xf17f2fca6cce84003e1b589e0af517c18a4e4cb1,,
ed210b0e-fa06-4980-8c12-d61df258c16b,2026-08-27 14:53:07,2026-08-27,025a320d-8bce-4fad-9cb2-4b41d6a2f727,COLLECTIBLE_TYPE,1438,Sung Jinwoo - Weakest Hunter,COMMON,13.99,0xc6730f46c02113ceb47ebd590544b9f7eba39f00,0x2d2933beb21a100977804604194e2956983eb82c,,
21421baa-f755-4aef-8a20-e5d269fa544a,2026-08-27 14:51:50,2026-08-27,3cd38803-98a6-4b5c-85fa-a8a3353c0b7f,COLLECTIBLE_TYPE,1168,Single 1/2d 'Mount Cook' gummed stamp,COMMON,1.25,0x47ad9f0d3b51d31135bdae1ef30d6709cf4c89b3,0x0f684424f8d34f8add7963c6934df0966e6da244,BigOz,
a2563ed4-05e7-4e98-8f98-1bb956965a6d,2026-08-27 14:51:10,2026-08-27,4b3b200b-8469-43a2-aa68-114a4d9e0306,COLLECTIBLE_TYPE,3710,Spider-Man – Jump into Action,RARE,55.00,0xd7b836470fe510048ed7c698f46ff3f0f5fd87c2,0x322a03e7be30582dc20fcba476d580cfdc854b07,,
dedcaac4-27e3-4a1b-94df-a627f01b89f4,2026-08-27 14:50:38,2026-08-27,3facefe2-427f-48ec-a954-e5892b8c3b20,COLLECTIBLE_TYPE,612,Yoda - Focus,RARE,69.00,0x91fe0258fb41399ef1a429d09e1a990bbcbca448,0x322a03e7be30582dc20fcba476d580cfdc854b07,,
6e629181-dbb0-4a07-ad4a-5bd117522574,2026-08-27 14:48:46,2026-08-27,b5fbafef-f911-4a70-95d4-471fba080ecd,COMIC_COVER,440,Saga of the Sub-Mariner,UNCOMMON,1.70,0x5ceb957d7cfab7bd1a87dd3e1f300455826631dd,0x4c96b7bad7a6942a23e3ca85c9a43f5b5e224e48,,
24b78fe5-3c11-433c-932c-ec6c0e67bc90,2026-08-27 14:48:38,2026-08-27,01bd4803-ce5d-45ed-9cfa-1d225aa8450a,COMIC_COVER,658,Saga of the Sub-Mariner,COMMON,1.69,0x5b703bcda67a36d08805721c095670fb16418b5e,0x4c96b7bad7a6942a23e3ca85c9a43f5b5e224e48,,
30046a96-0047-42e6-a5d5-56eb1a9bb814,2026-08-27 14:42:06,2026-08-27,d59b2f56-129d-415b-a7bc-d79000f45c3b,COMIC_COVER,5190,A-Force,COMMON,6.99,0x6ce16df2dda6e082b02d2dc390b3b3eb60c3b83b,0xbead77e53f4ff6701cfd56ce96a60b89a2d5179a,,
7f3133d2-9820-46a0-8ffe-96c9a6f7eb1f,2026-08-27 14:41:43,2026-08-27,762815de-57e0-4353-973b-928ae2d0a562,COMIC_COVER,172,Ultraman,COMMON,14.99,0xf7cca5b007b8ee5d514425c180f3c4f63b62ba03,0xbead77e53f4ff6701cfd56ce96a60b89a2d5179a,,
715b6bbf-9eba-43c6-a403-ea6598d8a5a1,2026-08-27 14:40:38,2026-08-27,cd77af1d-5388-4cf3-addf-a6b15ae51439,COMIC_COVER,1266,The X-Men,COMMON,10.00,0xb245d3fd702c81f06d1adedac81ceb57177a4094,0xbead77e53f4ff6701cfd56ce96a60b89a2d5179a,,
6910cd86-bf8d-414a-bb6a-911a451d36be,2026-08-27 14:40:29,2026-08-27,cd77af1d-5388-4cf3-addf-a6b15ae51439,COMIC_COVER,1819,The X-Men,COMMON,10.00,0xb3622fc8ba3f66832fcc3d31e60294e644312af8,0xbead77e53f4ff6701cfd56ce96a60b89a2d5179a,,
9a247028-43fd-4611-ad50-0534400e8c3e,2026-08-27 14:40:21,2026-08-27,cd77af1d-5388-4cf3-addf-a6b15ae51439,COMIC_COVER,4384,The X-Men,COMMON,10.00,0xfb99df1477da04ae0ac658e4eeed1e4dcda92f33,0xbead77e53f4ff6701cfd56ce96a60b89a2d5179a,,
eacfd5f7-0193-4acd-94cf-bc0017f29806,2026-08-27 14:40:12,2026-08-27,cd77af1d-5388-4cf3-addf-a6b15ae51439,COMIC_COVER,833,The X-Men,COMMON,10.00,0xae16400e6107df7171cf8767487ffebef0e59954,0xbead77e53f4ff6701cfd56ce96a60b89a2d5179a,,
fee3c114-ad4e-40ff-ab69-d50d94a2b4bd,2026-08-27 14:38:41,2026-08-27,2387c605-0f0b-4415-ad9d-0901814ee103,COLLECTIBLE_TYPE,235,Murciélago LP670-4 SV Blu Nova,RARE,95.00,0xf70a178651561bea9f2a2b648c0b76a5c00daa7d,0x43102ab88e24ddd3f33d15e76ae2e74bce1d0607,,janu
646fa5e4-22a5-4294-925f-f55cea303db4,2026-08-27 14:36:53,2026-08-27,2387c605-0f0b-4415-ad9d-0901814ee103,COLLECTIBLE_TYPE,388,Murciélago LP670-4 SV Blu Nova,RARE,95.00,0x0ae4a7d036103f91cab517d07fdd1e95f150a813,0x43102ab88e24ddd3f33d15e76ae2e74bce1d0607,,janu
e3962704-5d72-4b98-bc1f-1b972e561a45,2026-08-27 14:36:16,2026-08-27,6214d6f0-6612-4785-b439-618e9c923f8c,COMIC_COVER,4423,Princess Leia,COMMON,1.69,0xfca6789b6bc8086df9e6eb14e37fbff18e6bcf65,0xb7a6069bccefd110041e7acb5dc2b43216076b20,,
06cd62bf-356d-4065-8251-8e709e7bb4c8,2026-08-27 14:34:59,2026-08-27,92635283-99b4-4597-ba69-01e39ccba334,COLLECTIBLE_TYPE,970,Master Splinter - Father Figure,COMMON,4.20,0x343e3b991fce567c82b908463522332b9cc0f91a,0xdcf16a26460cbcf8a9058a36798854b031b56805,,
7d91165d-c938-4389-989d-bcd20310c423,2026-08-27 14:34:07,2026-08-27,715c88cc-7b93-4bb7-94ed-addfb58c74b4,COMIC_COVER,323,Saga of the Sub-Mariner,ULTRA_RARE,8.50,0xc6730f46c02113ceb47ebd590544b9f7eba39f00,0x4e984a16afb6182b373cffad2267550e81eaf543,,
87fe9add-15b4-4c53-aaa6-1c843c0cdd30,2026-08-27 14:19:30,2026-08-27,370fff46-9ed2-402c-a981-955b3b0202e1,COLLECTIBLE_TYPE,5985,Donald Duck and Daisy Duck,COMMON,35.00,0x4dad8c9bbc92851f617b34a0a7d7d1a487f10349,0x045ab1b962e5c37d8ade5920eba35d09c825bdea,,
ee74dee1-5938-4235-88f8-81ded2d1df7b,2026-08-27 14:19:22,2026-08-27,370fff46-9ed2-402c-a981-955b3b0202e1,COLLECTIBLE_TYPE,12396,Donald Duck and Daisy Duck,COMMON,35.00,0xea8a2603e6e39ea4d75087b4e6037865d502b884,0x045ab1b962e5c37d8ade5920eba35d09c825bdea,HarryVeve,
ab91df1f-cdb8-43b1-9eda-57b2c55838f2,2026-08-27 14:18:13,2026-08-27,72b78471-72e8-4539-9607-26d016552861,COLLECTIBLE_TYPE,693,Betty Boop - Classique,UNCOMMON,5.00,0xdc5334963cb0811c26c15e76d34fe192f3082712,0x6a43c295536d57129e9617690003232cf38ce5a1,,
2461581d-037c-4fd9-9215-23874f6a65fd,2026-08-27 14:16:29,2026-08-27,bbff0eb1-be5e-4ec8-9d83-2c0a4c3f1dbd,COLLECTIBLE_TYPE,4766,Makkari,UNCOMMON,2.75,0xa86b4b84b858b39ff4b6ed3f55bf71fd667b4a29,0x6a43c295536d57129e9617690003232cf38ce5a1,,
8a91480b-7627-4876-8072-20d835b7f240,2026-08-27 14:13:24,2026-08-27,62cf5e24-1fea-432c-aec0-a0c4a71bed9b,COLLECTIBLE_TYPE,9617,Phastos,COMMON,1.80,0xcc6c5e86e6436357efa5ac03d937ffa6219d49ef,0x6a43c295536d57129e9617690003232cf38ce5a1,,
a4020a7b-5a55-406d-8321-608663d0e9d8,2026-08-27 14:13:08,2026-08-27,d37184af-298d-4b47-ae13-819fb234b80d,COLLECTIBLE_TYPE,163,Episode 12 - Arise,COMMON,1.79,0x373253b343196dd302bba3ba836cfa74ccadcaa3,0x9cb2041ac5fa3d979da46dee4305276b1d2ec79a,,
4c2a7948-1aca-4c38-b99d-c74f5a37a0fd,2026-08-27 14:13:05,2026-08-27,180c9444-99fb-41ec-b15c-f6b1f9be8054,COLLECTIBLE_TYPE,1047,RUNNING MON ver. NATURE,COMMON,2.00,0xe6e9d9c77c0bc351a53086a568cd9d9663fe1a9a,0x6a43c295536d57129e9617690003232cf38ce5a1,,
b875b877-9f23-4da8-9870-2bd08995ce78,2026-08-27 14:12:37,2026-08-27,399cf35d-73a6-4156-b17c-6ca2adea7e04,COLLECTIBLE_TYPE,9520,Sersi,COMMON,1.75,0xdea94d2b7fa61af1f25d56cdb1cdff18037268dd,0x6a43c295536d57129e9617690003232cf38ce5a1,,
38ebc16d-5d14-4c5f-a6f6-81454e64b9d6,2026-08-27 14:12:22,2026-08-27,f5e0f729-c64c-4d77-bdf6-831cc180a9fa,COLLECTIBLE_TYPE,5300,Ikaris,COMMON,1.49,0xa86b4b84b858b39ff4b6ed3f55bf71fd667b4a29,0x6a43c295536d57129e9617690003232cf38ce5a1,,
4fef84ef-6c41-4735-8627-8cd66e889207,2026-08-27 14:11:39,2026-08-27,16e0d43f-4821-4e27-b2d6-09e48466ab3e,COLLECTIBLE_TYPE,1675,WHAM!,UNCOMMON,1.05,0xf6ca21ccc4d688ad626654d053acc1f37fdc0546,0x6a43c295536d57129e9617690003232cf38ce5a1,,
e2aa82be-e866-4694-b13c-a6f4854d3605,2026-08-27 14:11:23,2026-08-27,f7a05032-5443-4d37-af8f-6b24db3bcdb5,COMIC_COVER,3312,The Silver Surfer,COMMON,4.35,0x7e83c3cb90d4e7cde15a168206907306eeed77ad,0x61baee0891437723b0f85395fd4f17992e77c77b,,
8ae4dbda-48fe-4ddc-b8cc-1ab008e1c953,2026-08-27 14:09:31,2026-08-27,fbc6e8d2-feb1-46b9-9321-2cf8d34a47c2,COLLECTIBLE_TYPE,1143,Friend Owl,COMMON,3.55,0x9f4caaec6a2e9f8409b704f3ef16f0d51e827cdf,0x6a43c295536d57129e9617690003232cf38ce5a1,,
10c6d771-99ae-4bdb-8181-5000ebff6190,2026-08-27 14:08:49,2026-08-27,d48fe092-b4cc-4400-9fbc-3936e6d74e6a,COMIC_COVER,331,Black Panther,COMMON,3.00,0x72521246b37d3b6689b860bbf53faf2e5434c6d6,0x61baee0891437723b0f85395fd4f17992e77c77b,,
670fa448-b1a5-4886-871f-8a6b18268c31,2026-08-27 14:07:07,2026-08-27,5df2f9ab-f9d0-4aff-af42-f468a8e0c2bb,COLLECTIBLE_TYPE,434,Emma Frost - Marauders #21 (2021),ULTRA_RARE,17.95,0x0efbd11f7745ad1f175ca77ac9a729c873eeea38,0x774c76c74384bdcce4f37d592d74202216ad3cb1,,
fb998bb2-7172-45b1-b23a-68b3026e5511,2026-08-27 14:02:54,2026-08-27,cc99b980-61b5-41e2-8efe-5e1ac0be0e67,COMIC_COVER,3348,The Amazing Spider-Man,COMMON,2.00,0x7e83c3cb90d4e7cde15a168206907306eeed77ad,0xb7a6069bccefd110041e7acb5dc2b43216076b20,,
09377582-8f35-4c27-be31-f03a3e0d12c5,2026-08-27 13:58:01,2026-08-27,61ffae37-3178-4bec-966b-3d79da99beb8,COMIC_COVER,2960,Iron Man,COMMON,6.99,0x7e83c3cb90d4e7cde15a168206907306eeed77ad,0xb7a6069bccefd110041e7acb5dc2b43216076b20,,
6332b9d1-ae23-4709-b06f-7ea9b4e39c4b,2026-08-27 13:56:02,2026-08-27,ba9b0fb6-d8d5-4f4e-8370-cf160fa8fa27,COMIC_COVER,1543,Web of Spider-Man,COMMON,4.15,0xd7b836470fe510048ed7c698f46ff3f0f5fd87c2,0x201050c040025a0d58553ecf32b42dd61dcfd7f6,,
37cc7ca5-5cfe-45fe-a614-367b26210fcb,2026-08-27 13:55:57,2026-08-27,410033bd-23c3-48c2-9bfd-f1be545a8802,COMIC_COVER,1004,Fantastic Four,COMMON,1.69,0x492504984b6f4e7fc3d442f06476003d0babc4c6,0xb7a6069bccefd110041e7acb5dc2b43216076b20,,
33480e04-360e-4fd4-8346-c4540ec8d6f1,2026-08-27 13:48:26,2026-08-27,370fff46-9ed2-402c-a981-955b3b0202e1,COLLECTIBLE_TYPE,11831,Donald Duck and Daisy Duck,COMMON,35.00,0xea8a2603e6e39ea4d75087b4e6037865d502b884,0x045ab1b962e5c37d8ade5920eba35d09c825bdea,HarryVeve,
2e6a69c7-b2f9-48cc-aef7-2a54cadf71fb,2026-08-27 13:47:36,2026-08-27,2641f79e-8ce8-4b3f-9806-de801d475c14,COMIC_COVER,8766,Captain America,COMMON,49.75,0x0fdd5ab0dc6f5c9c05f395f3dfb85c273110e704,0xb0dd8e2e3140cec3489248ebfec747fb861f77c8,,jayroc7903
cf299fd5-daaa-4621-8b86-d591c1133cfa,2026-08-27 13:46:53,2026-08-27,01bd4803-ce5d-45ed-9cfa-1d225aa8450a,COMIC_COVER,513,Saga of the Sub-Mariner,COMMON,1.69,0x30723747e48975b421c0e2c01781b489a4d88795,0xaa8d060555697549431218fb06b04037b7162343,,
f76ad09f-d783-451b-9bb6-1b31a53a7c77,2026-08-27 13:43:52,2026-08-27,01bd4803-ce5d-45ed-9cfa-1d225aa8450a,COMIC_COVER,656,Saga of the Sub-Mariner,COMMON,1.69,0x30723747e48975b421c0e2c01781b489a4d88795,0xaa8d060555697549431218fb06b04037b7162343,,
5bb1fd69-a134-4953-a7af-a9d648bfef01,2026-08-27 13:39:49,2026-08-27,ec04c6de-1ef4-436b-bb1a-8a9109a95bb6,COLLECTIBLE_TYPE,1738,Colossus - Phoenix,COMMON,5.50,0xd08c0a8af0876c05c02289c142fa508426f76d5f,0x71dd6efc94f7380650cac864e514439ae5365d00,,
8b504c06-ed05-4521-8f20-101360648674,2026-08-27 13:39:14,2026-08-27,2e31455d-8c38-405d-b2f6-50b2e5d27ea0,COLLECTIBLE_TYPE,8132,Iron Man,COMMON,54.00,0x9e1fba2a5948de73259bc550050bce85b867b447,0x045ab1b962e5c37d8ade5920eba35d09c825bdea,,
4583184a-b5e7-4bb2-9ce5-6eb9659f6bed,2026-08-27 13:36:51,2026-08-27,4217662c-612d-4081-b088-9384c94f0d2a,COLLECTIBLE_TYPE,417,Mr. Robot ,ULTRA_RARE,10.99,0xfb99df1477da04ae0ac658e4eeed1e4dcda92f33,0x3abce5e5fa283d817ea5e81fd66e9e9be79ed73c,,
eec489f8-9ba9-4c5c-9690-56dd253ddd03,2026-08-27 13:36:04,2026-08-27,757f2c07-4143-4c27-a43d-0014e054ea22,COLLECTIBLE_TYPE,421,Exploiter,RARE,3.80,0xfcbcde1ec1522b697320c15639c4404d7f25da7d,0x3abce5e5fa283d817ea5e81fd66e9e9be79ed73c,,
cd4378af-cb4c-4d7c-bf0f-0c4cb5868bec,2026-08-27 13:31:17,2026-08-27,b5fbafef-f911-4a70-95d4-471fba080ecd,COMIC_COVER,349,Saga of the Sub-Mariner,UNCOMMON,1.70,0x30723747e48975b421c0e2c01781b489a4d88795,0x2d2933beb21a100977804604194e2956983eb82c,,
f547a382-1fde-44a2-8642-861d84a945db,2026-08-27 13:24:03,2026-08-27,3a104aa7-b5ba-4bd1-8197-dd402dbd46bf,COLLECTIBLE_TYPE,2706,Night Trooper,COMMON,3.75,0xe6d02e5a4f41f1b280f4c52b070e0886d81fe78c,0xf766f95fa592646f068a1821e5b6496efaf1a3bf,,
a71845a6-19bf-493f-bf6f-1d714240bcd9,2026-08-27 13:23:46,2026-08-27,c00630d3-6aaa-412a-a9d3-ffe68fceba5a,COLLECTIBLE_TYPE,1730,Donatello - Classic,COMMON,5.90,0xe6d02e5a4f41f1b280f4c52b070e0886d81fe78c,0xbb5903b0082830c3e78e912a908efbc21d02d2d0,,Dekri
7ea1577a-1661-4204-be6c-ff388e8e496a,2026-08-27 13:21:24,2026-08-27,0ef6bfe9-c054-400f-b47a-e58911839ba0,COLLECTIBLE_TYPE,1221,Galactus,UNCOMMON,18.00,0x3abce5e5fa283d817ea5e81fd66e9e9be79ed73c,0x0fdd5ab0dc6f5c9c05f395f3dfb85c273110e704,,
94dc899a-b3c5-4ab5-9348-d82b1127abd2,2026-08-27 13:20:16,2026-08-27,0ef6bfe9-c054-400f-b47a-e58911839ba0,COLLECTIBLE_TYPE,157,Galactus,UNCOMMON,18.00,0x0fdd5ab0dc6f5c9c05f395f3dfb85c273110e704,0x3abce5e5fa283d817ea5e81fd66e9e9be79ed73c,,
772cf6a2-88d4-4a0b-beed-56e19583c4bf,2026-08-27 13:18:59,2026-08-27,0ef6bfe9-c054-400f-b47a-e58911839ba0,COLLECTIBLE_TYPE,459,Galactus,UNCOMMON,18.00,0x86cf60a40c15b78974bfcd1000e695875da24c9d,0x3abce5e5fa283d817ea5e81fd66e9e9be79ed73c,,
c56da82e-f6f0-4482-9041-23dd9212bd02,2026-08-27 13:17:54,2026-08-27,05df9412-ca87-4492-8454-81f73a88c171,COLLECTIBLE_TYPE,5550,MOTOMICHI - Eyes,SECRET_RARE,11.99,0x2a023e90362787449c85607d785d0cefbe4d0386,0xe3be0e9378916324ad0604aa173c752b46db907e,,
426910d1-3749-45b9-9e9f-a6bc02358705,2026-08-27 13:15:24,2026-08-27,34c6e3ce-62b5-48df-9505-3d88abc63296,COMIC_COVER,446,Spider-Man Swing Shift Director's Cut,COMMON,2.35,0xf261030b8d23d33eaec9dedc89353cc2f218369d,0x00bb44f4b018c107f2f91b4587595c240b58d7c5,,
2c110a5d-3915-4996-8340-ce86382d881c,2026-08-27 13:13:50,2026-08-27,a7eed281-a739-4ce3-a834-72db2aa3c075,COMIC_COVER,1828,Edge of Spider-Verse,COMMON,9.99,0x9f4caaec6a2e9f8409b704f3ef16f0d51e827cdf,0x00bb44f4b018c107f2f91b4587595c240b58d7c5,,
393a9375-5038-49d9-80af-7877e41fa618,2026-08-27 13:12:34,2026-08-27,f9806534-f799-4782-a060-48cede672f8a,COMIC_COVER,435,Spectacular Spider-Man: Brand New Day,COMMON,3.49,0xfa303470afd5519957932d42a958dcb6ff63edc8,0x00bb44f4b018c107f2f91b4587595c240b58d7c5,,
b01edb10-34ec-4abe-b04b-43e2299aaa71,2026-08-27 13:11:40,2026-08-27,c702806b-1612-4a2c-84fd-972f2763ca5d,COMIC_COVER,702,The Amazing Spider-Man,COMMON,4.99,0x633c7d08a1d14098874418af5bb5b656af302610,0x00bb44f4b018c107f2f91b4587595c240b58d7c5,,
f1433f8d-ceb0-4947-bbd0-1b77b7c7dc35,2026-08-27 13:08:54,2026-08-27,38a368f0-9680-49c3-9ba5-d2a9809d7cb0,COLLECTIBLE_TYPE,65,Feeesh Eggs,SECRET_RARE,45.00,0x0cea3b049375a3b5c96f73504d8cefc56a6c8888,0x3abce5e5fa283d817ea5e81fd66e9e9be79ed73c,,
5154a101-8bce-42dd-a2d8-5a007ec5327f,2026-08-27 13:07:34,2026-08-27,38a368f0-9680-49c3-9ba5-d2a9809d7cb0,COLLECTIBLE_TYPE,94,Feeesh Eggs,SECRET_RARE,45.00,0x3abce5e5fa283d817ea5e81fd66e9e9be79ed73c,0xf437e7db920f9cad9a93528ab2f00c275f966b9f,,
40bf42bd-5843-43c6-88ed-129bf73362a1,2026-08-27 13:05:09,2026-08-27,7bda85e6-3864-45a4-83e9-2221c6b37c36,COMIC_COVER,8579,Vengeance,RARE,2.75,0x93365222c1bbe3b5853c0ca6234f130899bc2760,0x6ba9636a580ff7c1993087be92111b5e2699e1e6,,
c792b3f8-b682-4eed-a5b7-2c501c713814,2026-08-27 13:04:08,2026-08-27,06e8d46a-4886-4fe9-9318-313efca256ad,COMIC_COVER,690,X-Men,COMMON,17.00,0x9f4caaec6a2e9f8409b704f3ef16f0d51e827cdf,0x00bb44f4b018c107f2f91b4587595c240b58d7c5,,
3135547b-6a14-4778-bd52-b4989e840abb,2026-08-27 13:03:38,2026-08-27,ad1dc02e-0225-47e8-8cbc-93b5b4a7646e,COLLECTIBLE_TYPE,1782,Iron Man,UNCOMMON,12.22,0xe7613907b3f0fd87c55eaa01006d59fe61e2456d,0x45310a5705f51ba8528ba518f8c7ad1f18c3198d,,
1055be6d-37c3-4fda-809f-941e2f2b1c0d,2026-08-27 13:02:49,2026-08-27,2794ef40-2f15-422b-b71f-9f17becccf5c,COMIC_COVER,784,The Incredible Hulk,COMMON,35.00,0x477e78326585a7afab9737906e2f02a12a46d332,0x4dad8c9bbc92851f617b34a0a7d7d1a487f10349,,
fc77f3ab-bc03-43b4-924e-4ffbdb31bf8b,2026-08-27 13:01:57,2026-08-27,8cc3bc9b-31f3-4c11-b6dd-55878b1dfa82,COMIC_COVER,291,The Amazing Spider-Man,COMMON,4.50,0x633c7d08a1d14098874418af5bb5b656af302610,0x00bb44f4b018c107f2f91b4587595c240b58d7c5,,
57aadfba-4da7-4cf9-aea8-b667cf02c12b,2026-08-27 13:00:24,2026-08-27,7051dd0b-67f0-4ffe-a81b-6a397a7a496c,COLLECTIBLE_TYPE,94,T-47 Airspeeder - Red,COMMON,5.30,0x46df8b5589e6193a42c2c09cf8fa0f08283300a6,0x7cf04ae916d1a2ab09da34f69d91d0465c0306e1,,
542b5acc-2bd9-46af-8b16-304040a7ff64,2026-08-27 12:59:37,2026-08-27,ca6b36f9-e72b-4e29-95da-b1c4a3626242,COLLECTIBLE_TYPE,921,Snow,COMMON,1.00,0xdce44b9530474c50b8f309fc303a6f2d9feccd25,0x838e3367c61d45f7a467f685a7b26631286768b1,,
cdfb282e-0ad8-4231-a64d-5aea827482d3,2026-08-27 12:58:19,2026-08-27,e94ef299-9def-459a-b341-8281d86e8109,COMIC_COVER,26852,Spider-Man,COMMON,1.10,0xc38ba2d4f887c7b5bb84bf0ea297ad0b75398887,0xbca6b15f8ccf1a06c5a8a83259de4be0f926bc81,,
da4d1264-8a4f-4196-ae52-6da9faaf0e5f,2026-08-27 12:57:28,2026-08-27,c62142c0-cf6b-4d96-92dd-ad0140ab0a41,COLLECTIBLE_TYPE,3130,Miles Morales,COMMON,8.50,0x48e73bbe8f7513eb842f2929daff61139f02b178,0x838e3367c61d45f7a467f685a7b26631286768b1,,
2458ad34-e0fd-4547-ba26-e7eeeceb20c3,2026-08-27 12:56:51,2026-08-27,a7be5572-bfd6-4777-bfd8-b8ce65ec2421,COMIC_COVER,4279,Darth Vader,COMMON,10.00,0x6ba9636a580ff7c1993087be92111b5e2699e1e6,0x00bb44f4b018c107f2f91b4587595c240b58d7c5,,
75f66b98-4d69-49aa-b149-a0ccb7dc1e12,2026-08-27 12:56:40,2026-08-27,eedca775-7427-43ed-8911-df08ae0a3cd9,COLLECTIBLE_TYPE,328,DF9 Turret,ULTRA_RARE,11.00,0x0cea3b049375a3b5c96f73504d8cefc56a6c8888,0x838e3367c61d45f7a467f685a7b26631286768b1,,
350fdd11-ac9c-4caa-bf5f-7b267981e7d2,2026-08-27 12:56:21,2026-08-27,05bfaa01-9847-43e5-82ee-8c7999c26aa7,COLLECTIBLE_TYPE,681,IG-11 - Protector,COMMON,10.69,0x302746f315498b1575ce009d6fd2a3604ba09790,0x838e3367c61d45f7a467f685a7b26631286768b1,,
539c27d5-8896-4940-8f4e-97821a656a82,2026-08-27 12:55:36,2026-08-27,7051dd0b-67f0-4ffe-a81b-6a397a7a496c,COLLECTIBLE_TYPE,908,T-47 Airspeeder - Red,COMMON,5.30,0xbf0e7fe9a88a9cbfdb99d0a633a5404314053a68,0x838e3367c61d45f7a467f685a7b26631286768b1,,
222e61b9-0705-4350-be2c-50be696b3718,2026-08-27 12:55:05,2026-08-27,b6d7aec1-629e-4ca2-84cc-346765b4a63d,COMIC_COVER,1803,Avengers,COMMON,6.99,0x61baee0891437723b0f85395fd4f17992e77c77b,0x00bb44f4b018c107f2f91b4587595c240b58d7c5,,
effc0b9b-a5d8-4bab-83f0-3b77395b3478,2026-08-27 12:54:35,2026-08-27,bc33f029-30b6-4125-b74e-a779917de72a,COMIC_COVER,5614,Amazing Spider-Man Annual,COMMON,1.00,0xfb99df1477da04ae0ac658e4eeed1e4dcda92f33,0x00bb44f4b018c107f2f91b4587595c240b58d7c5,,
7dc2438e-cf59-4a70-92b8-4b64ebd6b774,2026-08-27 12:52:27,2026-08-27,01bd4803-ce5d-45ed-9cfa-1d225aa8450a,COMIC_COVER,199,Saga of the Sub-Mariner,COMMON,1.69,0x5b0964671548943cc923ff2788fd73422aaa7aa9,0x00bb44f4b018c107f2f91b4587595c240b58d7c5,,
aed6a66e-c407-41b3-ab3a-5a3cff2b59fe,2026-08-27 12:38:00,2026-08-27,af36d0b7-21fc-404d-a6ea-6b5676c9ba30,COLLECTIBLE_TYPE,176,Hoodie,SECRET_RARE,22.00,0x6fa1abff6b97adf862cbf8fe71fb297bc924b201,0x3abce5e5fa283d817ea5e81fd66e9e9be79ed73c,,
c825f490-879c-4103-b56b-26b70b317729,2026-08-27 12:37:26,2026-08-27,d4788b46-09e9-4528-bfd0-39a1a9ca087e,COLLECTIBLE_TYPE,261,Cube,SECRET_RARE,14.00,0x38d42150c74fb6a4301e08cf4036fac936ff35c1,0x3abce5e5fa283d817ea5e81fd66e9e9be79ed73c,,
b3bfaacd-b550-4c59-be61-623cf840e543,2026-08-27 12:37:13,2026-08-27,2641f79e-8ce8-4b3f-9806-de801d475c14,COMIC_COVER,3963,Captain America,COMMON,49.75,0x2757b2db3794342c54434d1a5b51b3d0e7205d1a,0xb0dd8e2e3140cec3489248ebfec747fb861f77c8,,jayroc7903
4c1f6c7e-bf50-489b-9926-f8a90be8a877,2026-08-27 12:37:10,2026-08-27,983c4be0-5acb-468d-b834-3e2869618011,COLLECTIBLE_TYPE,416,Super,SECRET_RARE,15.00,0xbf0e7fe9a88a9cbfdb99d0a633a5404314053a68,0x3abce5e5fa283d817ea5e81fd66e9e9be79ed73c,,
925769cc-e218-473b-b677-86c81552cc23,2026-08-27 12:35:26,2026-08-27,62e14b15-e06b-4c3c-bdc1-0bdc18fc9b7a,COMIC_COVER,218,The X-Men,COMMON,3.30,0xab43c36e07de149d09eb22fc2fa2a5fc06815c50,0x579d47a7412d55ae74d999c2e691a8960a20f3e1,,
c5ec6aa2-2b9f-4d72-8af4-5bc1f5f718d2,2026-08-27 12:34:07,2026-08-27,62e14b15-e06b-4c3c-bdc1-0bdc18fc9b7a,COMIC_COVER,288,The X-Men,COMMON,3.30,0x72521246b37d3b6689b860bbf53faf2e5434c6d6,0x579d47a7412d55ae74d999c2e691a8960a20f3e1,,
704ad546-6695-4ce2-a6c9-d51761312c50,2026-08-27 12:12:43,2026-08-27,069acda0-d0af-47fe-b9b8-258498de1e95,COLLECTIBLE_TYPE,621,Star Wars: Episode V The Empire Strikes Back - Master Yoda,UNCOMMON,17.00,0xc9d1863deb6e262b76c0b81c1388543892306ae4,0x2239a721903c4d083d978f9c2f50c04335d7cc2c,,
f2d5faf4-3302-428a-abc2-ea035f0a2967,2026-08-27 12:12:32,2026-08-27,6b35e0b7-ade2-41a9-b3fc-bb2182fac771,COLLECTIBLE_TYPE,1599,Carl Fredricksen,UNCOMMON,55.00,0x22fa22db7f4cac2c802ae5f263c644f2eaea945c,0x2239a721903c4d083d978f9c2f50c04335d7cc2c,,
372cdffd-9f15-43af-be24-20bba60dd462,2026-08-27 12:12:19,2026-08-27,2bddd574-39a8-400d-b614-a71ff7734a93,COLLECTIBLE_TYPE,17045,A Jaunty Jig,COMMON,10.00,0x53a0ef8d831773f3154cd786a815f1a1551e9079,0x2239a721903c4d083d978f9c2f50c04335d7cc2c,,
89236cd2-7f94-4dcf-8e3d-e5c614ae226b,2026-08-27 12:11:18,2026-08-27,e9bdf1b9-7b80-4683-a94f-32db83f3bd39,COLLECTIBLE_TYPE,10012,Yoda,COMMON,7.89,0xab5066b45f3b731f4b0069e67ea886d1dad865b1,0x2239a721903c4d083d978f9c2f50c04335d7cc2c,,
01b814c9-ee51-4aac-b928-716e99aebd34,2026-08-27 12:10:41,2026-08-27,eda50111-815e-42c0-8748-1f34b35c5c36,COLLECTIBLE_TYPE,1566,Emma Frost - Hellfire Gala #1 (2022),UNCOMMON,6.50,0x88e8fe8c552a59be0a9c21b74a41fd5fbcbf2dee,0x2239a721903c4d083d978f9c2f50c04335d7cc2c,Aroostic,
ee26396a-eaf8-4119-b0e7-c13310bf4664,2026-08-27 12:10:06,2026-08-27,1969839e-04bc-4433-801f-3a2007e410f4,COLLECTIBLE_TYPE,3605,You'll find that I’m full of surprises,RARE,18.90,0x1bad8c14218f994f5cad1f48cea191ed6f81a0c5,0x2239a721903c4d083d978f9c2f50c04335d7cc2c,,
0fc9cae0-2730-444c-8e01-662a7ce04928,2026-08-27 12:08:39,2026-08-27,c376d32b-f61a-41de-85e7-fb3808546287,COLLECTIBLE_TYPE,532,Tatooine,RARE,17.50,0x014482246994a97e4b681943a125a7320b891588,0x2239a721903c4d083d978f9c2f50c04335d7cc2c,,
0d405030-2789-4f41-92c5-e64a7cb378bc,2026-08-27 12:08:01,2026-08-27,0eefeae3-c26a-4c95-b1a5-bd6803d4aeee,COLLECTIBLE_TYPE,5398,Lunar New Year: Dragon,RARE,1.22,0x51266f8af0b734b8fa5861f7871fd9924c49b6ae,0x2239a721903c4d083d978f9c2f50c04335d7cc2c,,
af0619b4-0e00-4a96-b12e-638b40b8d730,2026-08-27 11:59:41,2026-08-27,8506e255-4db5-4bd1-b7c0-6a972607b832,COMIC_COVER,451,Vampirella,UNCOMMON,7.98,0x5358329af430031673b4531bfd390409d11d5bc4,0x2239a721903c4d083d978f9c2f50c04335d7cc2c,,
0a3b1074-a45e-4f22-acd0-de3b636d5937,2026-08-27 11:54:50,2026-08-27,bd00a602-fcaf-455b-bbe8-13dfadc598fe,COMIC_COVER,624,Daredevil,COMMON,2.90,0xc17413a468119daf012bc7a534716a8d5002120f,0xb13047e157ba706979b053507a65431c969c4a27,,klimster85
c54e86ca-4ee5-443f-8fc7-3bbba8166a6c,2026-08-27 11:54:31,2026-08-27,bd00a602-fcaf-455b-bbe8-13dfadc598fe,COMIC_COVER,790,Daredevil,COMMON,2.90,0x23894e9606d25aafee326b49bfb99818620ded83,0xb13047e157ba706979b053507a65431c969c4a27,,klimster85
d86ef2a5-ad37-4d36-82bb-057916ba2b40,2026-08-27 11:54:08,2026-08-27,bd00a602-fcaf-455b-bbe8-13dfadc598fe,COMIC_COVER,257,Daredevil,COMMON,2.90,0xab43c36e07de149d09eb22fc2fa2a5fc06815c50,0xb13047e157ba706979b053507a65431c969c4a27,,klimster85
439a6b72-7921-4ffc-af6d-c85ac1d15b1a,2026-08-27 11:49:58,2026-08-27,d7e052a0-8d7e-49bd-9767-81e7248c7bdc,COMIC_COVER,315,Night Thrasher,UNCOMMON,7.98,0x23894e9606d25aafee326b49bfb99818620ded83,0x2239a721903c4d083d978f9c2f50c04335d7cc2c,,
3d0c200b-f6df-465a-ab33-6507d7ccf1bc,2026-08-27 11:49:37,2026-08-27,f9806534-f799-4782-a060-48cede672f8a,COMIC_COVER,497,Spectacular Spider-Man: Brand New Day,COMMON,3.49,0xfa303470afd5519957932d42a958dcb6ff63edc8,0x2239a721903c4d083d978f9c2f50c04335d7cc2c,,
bb7588ed-efaa-46e1-b4b3-aca307ba5f63,2026-08-27 11:47:27,2026-08-27,9c93d4b4-2dab-4c9d-b5e2-0f29e791bd39,COLLECTIBLE_TYPE,227,Electro,UNCOMMON,6.00,0xcfaef0823dbec74f947b666ce6b3d64239aef940,0xe12d2601f9902c164b9112a0473f95916dcc1142,,Sevead
dfbe1df2-c8f0-408d-84a1-d3cb6ab8ba67,2026-08-27 11:47:13,2026-08-27,9c93d4b4-2dab-4c9d-b5e2-0f29e791bd39,COLLECTIBLE_TYPE,772,Electro,UNCOMMON,6.00,0xcfaef0823dbec74f947b666ce6b3d64239aef940,0xe12d2601f9902c164b9112a0473f95916dcc1142,,Sevead
52f5532c-52a3-40c3-8179-af0e6b74e862,2026-08-27 11:46:59,2026-08-27,9c93d4b4-2dab-4c9d-b5e2-0f29e791bd39,COLLECTIBLE_TYPE,849,Electro,UNCOMMON,6.00,0xcfaef0823dbec74f947b666ce6b3d64239aef940,0xe12d2601f9902c164b9112a0473f95916dcc1142,,Sevead
9a56012c-8874-43de-9aec-9f81d0961cd1,2026-08-27 11:46:52,2026-08-27,9c93d4b4-2dab-4c9d-b5e2-0f29e791bd39,COLLECTIBLE_TYPE,646,Electro,UNCOMMON,6.00,0xf261030b8d23d33eaec9dedc89353cc2f218369d,0xe12d2601f9902c164b9112a0473f95916dcc1142,,Sevead
5b9a9dc3-b2ff-48c2-90b9-c28d2b5355bf,2026-08-27 11:35:43,2026-08-27,6e5f1558-19e3-4420-9fcd-06ea67852e1f,COMIC_COVER,526,Wizards of Mickey - The Grand Tournament,UNCOMMON,3.29,0x21188c1d9afb6cc5a0243f6f8dcd5d149e7672e9,0xd19b8b0bb9dcc1fa6c8d732c0882070855a7bed6,Sfriedl6969,
f6c30d78-17e1-4bda-a174-618c5e2f7f4e,2026-08-27 11:35:37,2026-08-27,8f43ccc3-b399-4f06-9e2d-40b7aa5ba03e,COMIC_COVER,820,Ultraman,RARE,11.00,0x7fe04c9f42e06bc90eb2d9d8b7e691dd9bbf8b95,0xcb71032b14322bcefc3f763cec3b693430ed8232,,
224e4137-c5db-423e-97b4-d25ae97babef,2026-08-27 11:29:41,2026-08-27,3a24545f-3e4d-45d7-916f-817a50c7f1b2,COLLECTIBLE_TYPE,7678,No Time To Die  - Triumph Motorcycle,RARE,10.00,0x930c0f54b371f166b14d71b1a021a4e3dd621386,0x0535b917dc82fa77c411f17fe2efe6ae6d4426ec,,
02d0b55d-d48a-4bff-8c88-18810025ac06,2026-08-27 11:27:51,2026-08-27,9f84960d-a2da-4c16-9e55-5dfb799e88cb,COLLECTIBLE_TYPE,308,Mimban Trooper - Running,UNCOMMON,2.40,0xf89617ce514894f8f3d73225c9c3da19d17bb04d,0x62959ebf3a60737fca3a45f526a92520e9988ebc,,
29f0ab41-7491-4d16-8bd1-41ab514885d0,2026-08-27 11:27:47,2026-08-27,2b165606-c201-4f80-b10f-b0d7e7d49908,COLLECTIBLE_TYPE,357,Crimson Trooper - Running,UNCOMMON,2.90,0xf89617ce514894f8f3d73225c9c3da19d17bb04d,0x62959ebf3a60737fca3a45f526a92520e9988ebc,,
9c625b47-3d2c-4c1e-801d-77332ae3967a,2026-08-27 11:21:20,2026-08-27,0807757c-c03b-4f64-b10c-a177b0fb48ed,COMIC_COVER,2239,Daredevil,COMMON,1.45,0x7d434397ab38e99b6ab6d267e2ac2486c7ec49d7,0xaf7d91d6e428a9875a6e6e823165c7eccee20b9e,,
bebfc088-e91b-4d72-8fa2-4d96d58041b7,2026-08-27 10:56:08,2026-08-27,7ed317cf-5b82-47fa-94ca-69d85591d1e8,COLLECTIBLE_TYPE,280,Hapjeong Dungeon Key,ULTRA_RARE,13.99,0x937ec80dbc25dfbed38cc0c06b7384dd4a540400,0x5dba5404beeb01a9c7bc04d03dbe117353230c63,,
a1017273-e278-4b4d-8eac-4fd9a6320d17,2026-08-27 10:53:10,2026-08-27,d40ea4e0-d2ce-45cb-bad9-883fc5de27ac,COMIC_COVER,2709,Marvel Premiere,RARE,4.00,0x904bf3b41999405bcc01d5950b3e16d8d306e1a0,0xd78a500f6f6fc692da5fc413f0f824f4de92c10b,GypsyDawg,bgardner
ea6b8048-7038-419b-b148-af421b85a3c9,2026-08-27 10:51:41,2026-08-27,7b76ceee-2678-4957-af06-8cd97e37833a,COMIC_COVER,13636,Uncanny X-Men,COMMON,1.10,0xdafbc5ea5117b7c00d209b0a8783c56f5a3abe49,0xef0b3bc019d850671717d65377ec9a4f44156788,thesnackman,Detectivekunkun
32321a1f-ef4d-4c4d-93e1-ce61da756428,2026-08-27 10:51:09,2026-08-27,d31ddd6d-9590-4933-a52a-bafe1fafff4a,COMIC_COVER,4305,Marvel Premiere,COMMON,3.00,0xab7d8833a6f5e8aa0889ed0b55a12745e088242b,0xef0b3bc019d850671717d65377ec9a4f44156788,,Detectivekunkun
a3e831e4-d4ca-4f35-9d7b-8ee6c5210ed8,2026-08-27 10:51:05,2026-08-27,d31ddd6d-9590-4933-a52a-bafe1fafff4a,COMIC_COVER,8296,Marvel Premiere,COMMON,3.00,0x0a84565db2c50f97f04cdb98627574e57b1e6ee6,0xef0b3bc019d850671717d65377ec9a4f44156788,,Detectivekunkun
07dfc532-6e58-4fab-adf9-10f40b5a4640,2026-08-27 10:44:09,2026-08-27,af36d0b7-21fc-404d-a6ea-6b5676c9ba30,COLLECTIBLE_TYPE,98,Hoodie,SECRET_RARE,22.00,0x38d42150c74fb6a4301e08cf4036fac936ff35c1,0x11e4731a41f20e328d69d714b7d2a5fc5ebdef8a,,
526bc1a7-c908-4863-bac3-85e72ba96581,2026-08-27 10:27:51,2026-08-27,3c2149c7-0415-47f9-b5e8-c6f6d473951a,COLLECTIBLE_TYPE,5294,The Rise of Ultraman #1 - Skottie Young ,UNCOMMON,19.99,0xafaecfe2f9b98db45a0f1088d317c75190168164,0x070e5bf365e1383a0ddd022229a5e1470c483e90,,
e6ad66fd-65bc-4b31-8dd3-106d85767f8a,2026-08-27 10:27:33,2026-08-27,3c2149c7-0415-47f9-b5e8-c6f6d473951a,COLLECTIBLE_TYPE,2066,The Rise of Ultraman #1 - Skottie Young ,UNCOMMON,19.99,0x2d4ac6b15b54bf10f2b9dbc72d86adbae2c0d6e8,0x070e5bf365e1383a0ddd022229a5e1470c483e90,,
0a16107f-62a6-49f6-a402-cf519e59b041,2026-08-27 10:21:59,2026-08-27,462c5fbb-fc0d-4aec-b7e8-856dea8b4963,COLLECTIBLE_TYPE,1462,Kylo Ren,RARE,6.98,0xab5066b45f3b731f4b0069e67ea886d1dad865b1,0xc48a3a477c1b572f5ab74f42c1afed3b0007664c,,
cc8847d6-487a-45aa-a840-39a4901ef802,2026-08-27 09:59:49,2026-08-27,cb0fbd80-1bc9-409c-9ae9-caf90c0dc1a4,COMIC_COVER,332,Ultraman,UNCOMMON,3.90,0xae16400e6107df7171cf8767487ffebef0e59954,0xfddda30cdd524558800f4c0d56b48272f3b1b98c,,
8ef291e8-922e-41bd-883d-23cfca2d29cc,2026-08-27 09:51:41,2026-08-27,08ff2277-5ae8-428c-80c1-4cb8df9d6622,COLLECTIBLE_TYPE,1014,Velkhana - Animated,ULTRA_RARE,18.99,0x53a0ef8d831773f3154cd786a815f1a1551e9079,0xda611149b2ab3e4f33519f3d230fbc8f003e4e52,,
be0a1670-a8ef-490a-b81c-acfe3c4205f7,2026-08-27 09:49:54,2026-08-27,3a104aa7-b5ba-4bd1-8197-dd402dbd46bf,COLLECTIBLE_TYPE,117,Night Trooper,COMMON,3.75,0x53a0ef8d831773f3154cd786a815f1a1551e9079,0xda611149b2ab3e4f33519f3d230fbc8f003e4e52,,
985af32b-90d3-4cd5-a8f0-931234805838,2026-08-27 09:44:34,2026-08-27,a709645b-62df-490d-b74a-16a90c358d50,COLLECTIBLE_TYPE,426,Master Splinter - Combat Training,ULTRA_RARE,20.00,0xa27826d1da4fdf2e36acf424bc0d833dfad84256,0x955ee5ae159ece406bfe3933d79a1484054f0c10,,
d0cb0867-00c7-441a-b890-0f42b582e8ba,2026-08-27 09:38:43,2026-08-27,77857a70-edf2-4401-9798-93f63b941d60,COLLECTIBLE_TYPE,181,Vulture,UNCOMMON,4.80,0x25aea2e36fb5c45c4834adef3bb5e86b66f9e49c,0xdc5334963cb0811c26c15e76d34fe192f3082712,,
a66f3e1d-96c8-4826-9564-e74b11cb967c,2026-08-27 09:26:26,2026-08-27,bba0290e-1506-4702-a8fb-c1892b5bb638,COLLECTIBLE_TYPE,168,Back to the Future,RARE,26.00,0xf437e7db920f9cad9a93528ab2f00c275f966b9f,0xded4ea6128d513edbaba5c012b8bb06fc415286f,,
d90e8a28-0bb7-4fbd-97e5-5aa6fa97f5e1,2026-08-27 09:25:43,2026-08-27,18fc8809-db68-48a1-b5df-da1318d6c6e0,COLLECTIBLE_TYPE,959,Chun-Li Battle,RARE,108.00,0x2825ff1776169d54c599c544cfa56b00a1dfe3a8,0x9c4d08b0a14888cc043ce2f8b42f135275634f96,,
2982e88b-ebb0-4056-a279-1227d51f4149,2026-08-27 09:16:43,2026-08-27,6a42790c-8c28-43a3-8f73-6e17f3d50eb0,COLLECTIBLE_TYPE,206,Crimson Stormtrooper,COMMON,2.50,0x46df8b5589e6193a42c2c09cf8fa0f08283300a6,0x62959ebf3a60737fca3a45f526a92520e9988ebc,,
913f8367-1567-40ed-8240-324df49f52d7,2026-08-27 09:16:37,2026-08-27,a840e47a-0db8-46bd-bffe-c1c5ecb295d3,COLLECTIBLE_TYPE,944,Zombie Captain America #1,COMMON,3.80,0xe37e59bbf5b436a019501a5acb17b0f01081cd2c,0x62959ebf3a60737fca3a45f526a92520e9988ebc,KcBmw,
783e511e-e697-488b-ae3f-44d2e200a589,2026-08-27 09:16:34,2026-08-27,a840e47a-0db8-46bd-bffe-c1c5ecb295d3,COLLECTIBLE_TYPE,882,Zombie Captain America #1,COMMON,3.80,0xe37e59bbf5b436a019501a5acb17b0f01081cd2c,0x62959ebf3a60737fca3a45f526a92520e9988ebc,KcBmw,
b62ac126-9b70-4c93-b635-2aa0f357a9e0,2026-08-27 09:16:24,2026-08-27,59123bd4-c092-4fe7-9c72-0a0d748cb6fd,COLLECTIBLE_TYPE,114,Title IX - Gymnast,COMMON,1.75,0x07f0e30e9a5da73eaea09a5ebe39e66e6a934599,0x62959ebf3a60737fca3a45f526a92520e9988ebc,,
c226e795-0163-4a18-94ff-c7ad7d76c7e7,2026-08-27 09:15:29,2026-08-27,ad1dc02e-0225-47e8-8cbc-93b5b4a7646e,COLLECTIBLE_TYPE,1065,Iron Man,UNCOMMON,12.22,0xe37e59bbf5b436a019501a5acb17b0f01081cd2c,0x39d3288291403e3ac6346e32745261d34612d26f,KcBmw,drbsoccer
7ca2b3eb-843e-48c9-91b5-0524c7ae297c,2026-08-27 09:13:32,2026-08-27,462fc423-9563-415e-aa1c-77c19f7a0650,COLLECTIBLE_TYPE,808,Shadow Trooper - Running,UNCOMMON,2.50,0xf89617ce514894f8f3d73225c9c3da19d17bb04d,0x62959ebf3a60737fca3a45f526a92520e9988ebc,,
ae97bf5a-428e-49dd-9856-4dfc13a640c7,2026-08-27 09:05:57,2026-08-27,ebb6a9d6-fdce-4bba-bcb2-ba30d20fd890,COLLECTIBLE_TYPE,735,Alert,COMMON,3.80,0xd0322164c42b1512329f9be63373a01651bb9119,0x3f2da78b5e3fb49ee1a8eb0abb8fb21e55f50991,,
97c3efc4-7e9c-4731-b88c-d03c99c6e80b,2026-08-27 09:00:57,2026-08-27,e31fc143-da6c-4b99-b756-5622e543258b,COMIC_COVER,303,Saga of the Sub-Mariner,RARE,5.00,0x23894e9606d25aafee326b49bfb99818620ded83,0x140e5f02a256f2a048e5770a61592d9cd2e95198,,Hurcaneman
c9043f0f-c032-418c-ae80-2e66d359ff78,2026-08-27 09:00:36,2026-08-27,b5fbafef-f911-4a70-95d4-471fba080ecd,COMIC_COVER,448,Saga of the Sub-Mariner,UNCOMMON,1.70,0x5ceb957d7cfab7bd1a87dd3e1f300455826631dd,0x140e5f02a256f2a048e5770a61592d9cd2e95198,,Hurcaneman
674cdacf-0ce9-4be7-be64-6ebafcd0e99e,2026-08-27 09:00:23,2026-08-27,01bd4803-ce5d-45ed-9cfa-1d225aa8450a,COMIC_COVER,536,Saga of the Sub-Mariner,COMMON,1.69,0x5b0964671548943cc923ff2788fd73422aaa7aa9,0x140e5f02a256f2a048e5770a61592d9cd2e95198,,Hurcaneman
173452c0-236c-4794-9928-33ffb73e8909,2026-08-27 08:56:29,2026-08-27,4804e172-42a2-419f-b1f0-431ece52c00a,COLLECTIBLE_TYPE,3064,Deadpool – Ugly Sweater Party,UNCOMMON,3.00,0x03bb6abd9143981b5c81b3394c512f4f0a71bbe7,0x032976e2ce4eb44c6e1a452089c897f068879537,,masterroni
8ff7d4c5-3805-42e9-9614-3af5fa5c7bc6,2026-08-27 08:34:09,2026-08-27,218764bb-4c3d-42da-9416-302ac5d79221,COLLECTIBLE_TYPE,1576,Happy New Year! 2026 - Tier 3,UNCOMMON,1.00,0x0a96114897490f6b6fd0f545b0c94edf9342d976,0x0f684424f8d34f8add7963c6934df0966e6da244,,
1a5c5820-a239-4582-be6c-37609c2cf4cc,2026-08-27 08:33:26,2026-08-27,117d799a-3533-4984-86c5-64353b58c26c,COLLECTIBLE_TYPE,3568,Happy New Year! 2026 - Tier 2,COMMON,1.00,0xcc11ad472f58b5bb0de1a842237522967c537d16,0x0f684424f8d34f8add7963c6934df0966e6da244,,
7adbd8bc-f4c0-4061-a3da-3cc03b023458,2026-08-27 08:31:28,2026-08-27,8f1cbd40-53b4-4b5b-b44b-5423bcff6bfe,COLLECTIBLE_TYPE,3785,Happy New Year! 2026 - Tier 1,COMMON,1.00,0x4b89f0b98a5a10cce805295a720e44c388dd77cb,0x0f684424f8d34f8add7963c6934df0966e6da244,,
d8dbbdfe-4e6d-4ce8-acee-bbe0ba01b197,2026-08-27 08:22:14,2026-08-27,49ebb3bc-9ac4-43cd-a734-5aee8c6d67ef,COLLECTIBLE_TYPE,1222,Earth Day - Stamp,RARE,1.50,0x9f2a6ae4ccdf30a4416b32db64868071648485b4,0x0f684424f8d34f8add7963c6934df0966e6da244,,
82d15831-8a16-477d-a74f-c8101f20fcc4,2026-08-27 08:20:42,2026-08-27,b33424b2-ea2b-45c0-9f5b-05748c064554,COLLECTIBLE_TYPE,1670,Spider-Man: Miles Morales - Hoodie Season,RARE,247.92,0xa72c547eb1d8d99a33b73239d2a515b6c4ba847f,0xc69b5476580612c668c4e78e86c6caee63f55bde,,
78a33018-f042-4353-85e4-7edfd639a4e6,2026-08-31 08:38:21,2026-08-31,4dc2db11-350d-4c3b-82c9-84fbcaa9d138,COLLECTIBLE_TYPE,9621,Timon and Pumbaa,COMMON,15.90,0xaf01c6783191f3306d3fe3875a53761963d4bb2e,0x7e83c3cb90d4e7cde15a168206907306eeed77ad,,
9d8feff5-51b9-4c7e-8d00-2436abeb031f,2026-08-31 08:30:59,2026-08-31,cd82668e-2dde-4a6e-bf7c-bd705fe16011,COMIC_COVER,426,Spider-Man '94,COMMON,8.99,0x88e8fe8c552a59be0a9c21b74a41fd5fbcbf2dee,0x26971c2211dcb7a720633b43f8baae54fc873805,Aroostic,
4b44a342-3b50-4beb-b886-693263d4bc24,2026-08-31 08:30:22,2026-08-31,ebf0810d-353d-49d2-9fd8-032aaae61f6a,COLLECTIBLE_TYPE,3403,Magic Lamp from Aladdin,UNCOMMON,14.00,0xaf01c6783191f3306d3fe3875a53761963d4bb2e,0x7e83c3cb90d4e7cde15a168206907306eeed77ad,,
bff29ee2-177f-4afe-9694-4a9e3ff6e98f,2026-08-31 08:25:39,2026-08-31,90dc4c4d-7177-4fde-9bae-a42dc5ff7e5c,COLLECTIBLE_TYPE,519,Foster,UNCOMMON,6.00,0x44799f687cb764d908e2b2ad82617ed2b6836c58,0x515b682a5e2118023c83d02aafba735347becee0,eno,
0c0e2319-a746-4e1b-b4ad-2197560ba73e,2026-08-31 08:24:37,2026-08-31,05bfaa01-9847-43e5-82ee-8c7999c26aa7,COLLECTIBLE_TYPE,1713,IG-11 - Protector,COMMON,9.99,0xa100ecdcf4757421fa2ec31f98c573c02508aed7,0x2d2933beb21a100977804604194e2956983eb82c,,
b951cb68-6ad6-480e-8e42-b6ba12244f26,2026-08-31 08:24:00,2026-08-31,798ce561-58d0-47f4-b5c0-a6e3da45ea13,COMIC_COVER,367,Spider-Man: Homeroom Heroes,COMMON,1.50,0x61c9c27ba16cc392897cd6a8b3b813ca22d51ff7,0xb13047e157ba706979b053507a65431c969c4a27,,klimster85
8c400ac8-ec2d-40d8-aaf8-c4eb1183bda5,2026-08-31 08:22:16,2026-08-31,602547f5-73c1-442e-8208-55224ef50a37,COMIC_COVER,1094,The Amazing Spider-Man,COMMON,5.80,0xe82874c6508bfe5eff50ad6ca7d0ed580463b0e7,0x7bddcd1f8959c6bbd41af86f4ffe3d4fcd220bf8,,
69d5d9ec-1a56-4d32-8360-87151aa3dc39,2026-08-31 08:20:17,2026-08-31,df4040f2-18a2-42d7-b67b-ede12c684102,COLLECTIBLE_TYPE,230,BLAM!,RARE,2.24,0xae16400e6107df7171cf8767487ffebef0e59954,0xfe982b375e92c4ad5b0aec90d64d391adcbb6d99,,
7560ed33-95c9-419c-956b-d7e4853466ca,2026-08-31 08:19:59,2026-08-31,1603cb5b-c0d9-4b94-a747-6c031ae21beb,COMIC_COVER,2709,The Ultimates,COMMON,1.00,0x5ee82fde0763d364fc10429bfc655d1308b4d9fb,0x1b7ea6b0eebc1e8b65bff1879463e69242ca4c31,,
2f0de4ed-8acd-4101-bc93-0d1c1415dd5b,2026-08-31 08:16:18,2026-08-31,9b02cc90-9046-4912-8625-b843560f6cae,COMIC_COVER,1271,The Amazing Spider-Man,RARE,6.00,0xcae7bb6f8d0b4bc8c4f4283c64e5c26dec223d4c,0x7bddcd1f8959c6bbd41af86f4ffe3d4fcd220bf8,,
2a37fc1e-e11e-4d11-b0e4-05ee8c5644b6,2026-08-31 08:06:08,2026-08-31,7051dd0b-67f0-4ffe-a81b-6a397a7a496c,COLLECTIBLE_TYPE,1722,T-47 Airspeeder - Red,COMMON,5.40,0x557768d3cb97dbc8cdb73d623baaf18ed1b02848,0xe12d2601f9902c164b9112a0473f95916dcc1142,,Sevead
67b709f2-b7f6-427b-adf3-5db75f111ccd,2026-08-31 08:01:53,2026-08-31,b08d08d6-7b80-4d13-acc4-816a97474a5c,COLLECTIBLE_TYPE,1096,Cassie,RARE,3.19,0x71c72a3dd6e632d0aff4732832164acedc7edaa4,0xe12d2601f9902c164b9112a0473f95916dcc1142,,Sevead
9a44347d-8802-41f3-b9b9-beb7504fbc03,2026-08-31 08:00:28,2026-08-31,9c93d4b4-2dab-4c9d-b5e2-0f29e791bd39,COLLECTIBLE_TYPE,980,Electro,UNCOMMON,4.99,0xd1438261d3075aeea3928b539ff0d756f5a5ec95,0xe12d2601f9902c164b9112a0473f95916dcc1142,,Sevead
f7fb1ee6-c0a5-498b-b68c-cb7ab32333d6,2026-08-31 07:55:11,2026-08-31,7a94e5de-0de3-492f-a00e-af761e3323e3,COLLECTIBLE_TYPE,593,Mr. Epiko,UNCOMMON,4.99,0xae16400e6107df7171cf8767487ffebef0e59954,0x0bd508271a2932ac342a16b9267bd31429b917b7,,
ede5350a-2d51-4023-b16f-5a0814e79fa8,2026-08-31 07:31:47,2026-08-31,7a94e5de-0de3-492f-a00e-af761e3323e3,COLLECTIBLE_TYPE,705,Mr. Epiko,UNCOMMON,4.99,0xe299183630d605329cfdafdd8d35aa37fafdd593,0xe3be0e9378916324ad0604aa173c752b46db907e,,
3d920131-443e-40f4-a5b7-334064705d44,2026-08-31 07:30:54,2026-08-31,ec00071b-05f6-4fbd-9b35-cbcbfb88c996,COLLECTIBLE_TYPE,757,Mr. V,UNCOMMON,5.00,0xa100ecdcf4757421fa2ec31f98c573c02508aed7,0xe3be0e9378916324ad0604aa173c752b46db907e,,
2f363c0d-5272-41c0-a1ac-b01a188d2def,2026-08-31 07:06:34,2026-08-31,04c1b81f-a6c9-4c57-be41-5f25001cfe44,COLLECTIBLE_TYPE,197,Epiko Logo - Original,UNCOMMON,5.99,0x0cea3b049375a3b5c96f73504d8cefc56a6c8888,0xe3be0e9378916324ad0604aa173c752b46db907e,,
575e77ad-0897-48bc-9159-79e67cbe42be,2026-08-31 06:58:25,2026-08-30,6e450e21-4d52-4533-ba09-08ae348f6de0,COLLECTIBLE_TYPE,264,Darkseid,ULTRA_RARE,13.80,0x40ee1a2354242e5706ab98908175078baf2ba108,0x5dae346459d73e39b43cf97344b2ced23983a725,,
d1813ad0-52af-4937-a588-0b431431f1f3,2026-08-31 06:53:36,2026-08-30,ec00071b-05f6-4fbd-9b35-cbcbfb88c996,COLLECTIBLE_TYPE,220,Mr. V,UNCOMMON,5.00,0x0aa262f5bc9a0a22acdda23f5f8c9d269f272166,0xb245d3fd702c81f06d1adedac81ceb57177a4094,,
df337f14-387d-437f-a23f-81b02b4fc45b,2026-08-31 06:39:30,2026-08-30,1a4e5dfb-afe2-4663-9b87-4dc3481d251a,COLLECTIBLE_TYPE,963,Minnie,UNCOMMON,13.90,0x53861bc57546c0cee95a67d939b0937ee82945c0,0x7cecddc61d2f289f899b04c6958a551c039f961b,,kakigaijin
55d80907-f788-454c-a37b-46674697e13d,2026-08-31 06:39:26,2026-08-30,1a4e5dfb-afe2-4663-9b87-4dc3481d251a,COLLECTIBLE_TYPE,1574,Minnie,UNCOMMON,13.90,0x9f4caaec6a2e9f8409b704f3ef16f0d51e827cdf,0x7cecddc61d2f289f899b04c6958a551c039f961b,,kakigaijin
f1b8ba38-cb13-4cb5-88d7-1aef69715817,2026-08-31 06:37:18,2026-08-30,a494f556-ebcd-4252-b4ec-ccd52c331c5c,COLLECTIBLE_TYPE,453,Mickey,UNCOMMON,14.80,0xbf0e7fe9a88a9cbfdb99d0a633a5404314053a68,0x7cecddc61d2f289f899b04c6958a551c039f961b,,kakigaijin
a21e8df8-b9b3-4c18-9895-15ae8f584e0c,2026-08-31 06:36:39,2026-08-30,1a4e5dfb-afe2-4663-9b87-4dc3481d251a,COLLECTIBLE_TYPE,1544,Minnie,UNCOMMON,13.90,0x2c6973b41ca9d9b2ccceb090a968dff6fac8dc75,0x7cecddc61d2f289f899b04c6958a551c039f961b,,kakigaijin
2237bff8-ffae-4995-a740-0922bdd7df32,2026-08-31 06:24:23,2026-08-30,03b9b2dc-f31a-42ad-acea-a6fae5846c85,COMIC_COVER,8997,Fantastic Four,ULTRA_RARE,99.00,0x94e98f290895e30d03c0f95f61b2348f7480a4e9,0x44f7909e6769218d8028e58d4b182f4edd2e4667,Stepanovni,
2c5e2822-a54a-46cc-8891-b58daba10d98,2026-08-31 06:08:50,2026-08-30,d37184af-298d-4b47-ae13-819fb234b80d,COLLECTIBLE_TYPE,153,Episode 12 - Arise,COMMON,1.25,0x741a844ef54e7571da85fd9355cab541319f05fd,0xd0b487a375fb644bef4404155f116c42b0211917,,
7bd45676-8025-44b2-8b9e-a66ce6d39d8e,2026-08-31 06:08:15,2026-08-30,d4788b46-09e9-4528-bfd0-39a1a9ca087e,COLLECTIBLE_TYPE,423,Cube,SECRET_RARE,19.90,0xf1a7bdeaa616e5c88950d6bbe84b3e1b52ae9731,0x0a70a5bb77becd7018daa3e6f48652a8d464988c,,
e38d6632-912d-493d-b95c-e13998bbb9f6,2026-08-31 06:01:33,2026-08-30,1ee4fd46-a2ab-4326-ba7b-917dd5985afe,COLLECTIBLE_TYPE,1385,Rewind Collective - Heart,UNCOMMON,15.00,0xbf0e7fe9a88a9cbfdb99d0a633a5404314053a68,0x0c754049da6ce274d9a960bf70403cdf6ea73f8e,,
77cedfee-4238-4425-bedd-44fc0b76acf8,2026-08-31 05:59:08,2026-08-30,be9084ff-a627-46db-b304-7433deb67e54,COMIC_COVER,3757,Devil Dinosaur,COMMON,1.99,0xcbd34798d72212a9a0e993c78c7b751169d2caea,0xd59f1000e5087f1591105817b24081eec7045e40,,
6a24ff73-c630-4922-846d-3fbbf0bfa85c,2026-08-31 05:58:04,2026-08-30,dd16eb91-704b-4fad-9db0-55e55cc433dc,COLLECTIBLE_TYPE,545,Cyclops - Phoenix,COMMON,7.99,0x0efbd11f7745ad1f175ca77ac9a729c873eeea38,0xd59f1000e5087f1591105817b24081eec7045e40,,
18318011-2104-44f5-9444-d4e8d69c08c6,2026-08-31 05:44:48,2026-08-30,5acd2a7a-029c-45e4-9f24-d1e6453f50d3,COMIC_COVER,434,Marvel & Disney: What If…? Goofy Became Spider-Man,ULTRA_RARE,18.00,0x6ce16df2dda6e082b02d2dc390b3b3eb60c3b83b,0x5b50ea6ab4dc779765fd207ee27677d7ba8f5326,,Top10Mint
962ab111-e95b-46c1-ae44-6c99c4b75b36,2026-08-31 05:34:59,2026-08-30,53902cb1-10c4-43a0-ad24-a0ad1cbd1a02,COLLECTIBLE_TYPE,513,Mrs. Incredible,ULTRA_RARE,20.00,0x955ee5ae159ece406bfe3933d79a1484054f0c10,0x51adb98fe27d8217e730419b78867bc32f17b07f,,
b2ddf395-a068-4fc8-a753-fbaf75723d41,2026-08-31 05:33:22,2026-08-30,ca6b36f9-e72b-4e29-95da-b1c4a3626242,COLLECTIBLE_TYPE,1367,Snow,COMMON,1.00,0x014482246994a97e4b681943a125a7320b891588,0xd5d1fe15e86a9a1235223805789586b3dd1213a8,,
3889d4d1-9145-4a3b-bcb8-c7e1cc797534,2026-08-31 05:24:37,2026-08-30,5c6a7271-9748-42a7-a5ba-77b1d21945bf,COLLECTIBLE_TYPE,357,Mad Hatter,RARE,7.99,0xba8fb0163e977ddc7996d02a90e6cba7f831f8d6,0x51adb98fe27d8217e730419b78867bc32f17b07f,,
327b68ef-27c9-47ea-a695-bcddc075d9a4,2026-08-31 05:23:28,2026-08-30,f24a2d80-0214-46ab-9662-0c6e7b69521d,COLLECTIBLE_TYPE,729,The House from Up: Adventure Is Out There!,RARE,7.60,0xc213c0a5712ab775639f59995d4e5612b6267fc7,0x51adb98fe27d8217e730419b78867bc32f17b07f,,
ffc19db4-b2ce-49bd-982d-eaed8aeebd24,2026-08-31 05:19:52,2026-08-30,f6c0f08f-a0e9-455b-9008-13dc70abcfba,COLLECTIBLE_TYPE,419,Vana,SECRET_RARE,34.99,0xc6730f46c02113ceb47ebd590544b9f7eba39f00,0x2bffa49ff9e8c9b80fd8e86d2937d042040f2b67,,
6d8f52cb-aea7-4d31-a395-74085a3aaf02,2026-08-31 05:18:49,2026-08-30,e3e99d26-24f5-4b41-a02f-d69faaed28b9,COLLECTIBLE_TYPE,2769,Welcome to San Diego – Poster,ULTRA_RARE,15.90,0x75ca90067216698f41c95a8301a78205a9652377,0xca165a7850addef5be8380f533e9d692978be0cf,,
50af653c-ac66-470e-a482-fd8e3ccc6337,2026-08-31 05:17:56,2026-08-30,db3be9f1-26cd-4fa9-b5c4-18158e4d530d,COLLECTIBLE_TYPE,2762,Welcome to New York – Poster,ULTRA_RARE,24.99,0x86cf60a40c15b78974bfcd1000e695875da24c9d,0xca165a7850addef5be8380f533e9d692978be0cf,,
b03f8f8b-e425-42e4-9695-79e913361cfd,2026-08-31 05:12:04,2026-08-30,2a215129-a315-4d1f-807c-9bdb72548bcb,COLLECTIBLE_TYPE,259,Charles Muntz,ULTRA_RARE,33.00,0xa56b04233ff9bd76a11666fb7e8954bc622d494a,0x51adb98fe27d8217e730419b78867bc32f17b07f,,
eedfe278-a72c-479b-b77e-1cc85931df5a,2026-08-31 05:10:09,2026-08-30,ec04c6de-1ef4-436b-bb1a-8a9109a95bb6,COLLECTIBLE_TYPE,1966,Colossus - Phoenix,COMMON,10.99,0xc84773e8d180c431d5b37400e09893dcbdb6b867,0x76dd0009fe9998f42e0cb6f00338c2e2264d670a,,ScarySeaMonster
119eae75-1b80-457d-ac2f-058d74008366,2026-08-31 04:59:14,2026-08-30,2641f79e-8ce8-4b3f-9806-de801d475c14,COMIC_COVER,2006,Captain America,COMMON,65.60,0x937ec80dbc25dfbed38cc0c06b7384dd4a540400,0x3fe5275b59b8da3c0ccf6822ba51bc63c15063f3,,
3ee2d359-e634-47ad-821a-bb1fde1390a3,2026-08-31 04:58:32,2026-08-30,2e87137d-51b3-41ee-93e1-80e0e799d6ba,COLLECTIBLE_TYPE,5352,Spider-Man – Hangin’ Out,UNCOMMON,34.00,0x86b1ada49fda90340410e492094f78a5b8f1dc55,0x28441e881f14cef3feba015e5859a75c3366fcfc,,
dd45f53a-a6f8-47cd-8fd5-0ad49df41292,2026-08-31 04:53:57,2026-08-30,2641f79e-8ce8-4b3f-9806-de801d475c14,COMIC_COVER,1588,Captain America,COMMON,65.60,0x45ebbac2806449d007f49d9385dd664d4952fde9,0x47ad9f0d3b51d31135bdae1ef30d6709cf4c89b3,,BigOz
04b81cbe-926f-46c3-afec-7a7b34e5891e,2026-08-31 04:50:45,2026-08-30,2641f79e-8ce8-4b3f-9806-de801d475c14,COMIC_COVER,1593,Captain America,COMMON,65.60,0x66e3d5ffa80294c8822aad57f6a73e715ef8a169,0x3fe5275b59b8da3c0ccf6822ba51bc63c15063f3,,
4a4e3ada-7edb-45a6-9fb4-2ff8065dd84c,2026-08-31 04:50:33,2026-08-30,2641f79e-8ce8-4b3f-9806-de801d475c14,COMIC_COVER,9949,Captain America,COMMON,65.60,0xd14fbc74f8a80bda5d5653e07e5913c9b29b2cb3,0x3fe5275b59b8da3c0ccf6822ba51bc63c15063f3,,
a934fd1d-4ef4-4f20-9664-553cf19a211b,2026-08-31 04:50:29,2026-08-30,527a3b5d-28c0-430c-bd5b-06c0bbbf8a10,COLLECTIBLE_TYPE,81,Wet Head,ULTRA_RARE,95.00,0x3d846e61bb0d3fdaa04fd472fe7cbf27d1c1090b,0xb23bbab9f4d75dae91760e55a34e4b87bf43ddd0,,
3f3a1870-0856-4b47-af77-78cd9b7dfa34,2026-08-31 04:47:07,2026-08-30,40c988d6-9eec-4976-9e6b-0a7b54debeeb,COMIC_COVER,6099,The X-Men,RARE,6.50,0xb245d3fd702c81f06d1adedac81ceb57177a4094,0x82e7de3c90eb247234c318dc92e0d0bbbb236d60,,
fe98b91f-a7d6-4445-b1a9-78a56aa34728,2026-08-31 04:45:53,2026-08-30,796348ff-b081-4473-b255-acf577417d96,COLLECTIBLE_TYPE,623,Thor,COMMON,4.00,0x48e73bbe8f7513eb842f2929daff61139f02b178,0xbd1285606ce4dc05097c1ab7ca4414e26c873cc3,,
6057f7f2-2272-4d48-8048-7ab0b0dd4257,2026-08-31 04:41:41,2026-08-30,2993c02c-2b94-474f-ae2f-35aca7a9ffec,COMIC_COVER,16276,Young Avengers,COMMON,1.99,0x6eec7f98ea69232c75f460c07e0a640665d844f3,0xe0035e15508e76870facb51d2ee158c6ceef4b56,,
4d827703-396f-4f9e-bf97-c6d323b4e3ac,2026-08-31 04:41:26,2026-08-30,2993c02c-2b94-474f-ae2f-35aca7a9ffec,COMIC_COVER,23597,Young Avengers,COMMON,1.99,0x6eec7f98ea69232c75f460c07e0a640665d844f3,0xe0035e15508e76870facb51d2ee158c6ceef4b56,,
6c7eba81-96a3-4667-ab8f-c46c30dbcdea,2026-08-31 04:41:20,2026-08-30,2993c02c-2b94-474f-ae2f-35aca7a9ffec,COMIC_COVER,17048,Young Avengers,COMMON,1.99,0x6eec7f98ea69232c75f460c07e0a640665d844f3,0xe0035e15508e76870facb51d2ee158c6ceef4b56,,
c2d2c665-48cb-4aae-bfd9-7df89d002bde,2026-08-31 04:41:14,2026-08-30,2993c02c-2b94-474f-ae2f-35aca7a9ffec,COMIC_COVER,18053,Young Avengers,COMMON,1.99,0x6eec7f98ea69232c75f460c07e0a640665d844f3,0xe0035e15508e76870facb51d2ee158c6ceef4b56,,
cd8b40d7-159f-46af-8557-6ea569e68b0e,2026-08-31 04:41:07,2026-08-30,2993c02c-2b94-474f-ae2f-35aca7a9ffec,COMIC_COVER,13464,Young Avengers,COMMON,1.99,0x6eec7f98ea69232c75f460c07e0a640665d844f3,0xe0035e15508e76870facb51d2ee158c6ceef4b56,,
d70ebf24-4afb-4036-9c01-21a3012b6e4f,2026-08-31 04:40:50,2026-08-30,2993c02c-2b94-474f-ae2f-35aca7a9ffec,COMIC_COVER,7752,Young Avengers,COMMON,1.99,0x7e83c3cb90d4e7cde15a168206907306eeed77ad,0xe0035e15508e76870facb51d2ee158c6ceef4b56,,
559ddb4c-3ab1-4bde-a45e-de3b807d97d5,2026-08-31 04:29:48,2026-08-30,2e75b438-b763-4b0d-9b36-8f3edecb6614,COLLECTIBLE_TYPE,549,Buzz Lightyear – Mission Ready,UNCOMMON,7.00,0x7831ac4c9b585cbf93a6e2ec9c71513aafef21c4,0xd021bde71aef89232b1953de49c50f7c51dd9aad,,Luberfides
4f395bda-7922-4f5c-8bf4-52178ee873ce,2026-08-31 04:25:50,2026-08-30,6a42790c-8c28-43a3-8f73-6e17f3d50eb0,COLLECTIBLE_TYPE,3658,Crimson Stormtrooper,COMMON,2.50,0x88e8fe8c552a59be0a9c21b74a41fd5fbcbf2dee,0xf766f95fa592646f068a1821e5b6496efaf1a3bf,Aroostic,
27de17c9-fa1d-49e1-8838-8a64de646d0d,2026-08-31 04:25:04,2026-08-30,e31fc143-da6c-4b99-b756-5622e543258b,COMIC_COVER,386,Saga of the Sub-Mariner,RARE,5.00,0x5c351ffda198aa91df287ad320c592222a9dc67c,0x4c96b7bad7a6942a23e3ca85c9a43f5b5e224e48,,
65653a6d-9a44-4df5-aaae-53c7c24e0c61,2026-08-31 04:24:38,2026-08-30,55ead8bb-f564-43b1-b48c-52524bec8827,COMIC_COVER,929,Miles Morales: Spider-Man,COMMON,2.75,0x5c351ffda198aa91df287ad320c592222a9dc67c,0x4c96b7bad7a6942a23e3ca85c9a43f5b5e224e48,,
4b4f04f2-ae20-46ef-8688-411328cfe251,2026-08-31 04:18:57,2026-08-30,ab430454-99cf-4b4a-bcc6-5c4ed737512d,COMIC_COVER,2547,Captain America,UNCOMMON,29.79,0xbb4d2bfcbb6f5c124aa3c4f3b8e021687591e3f1,0x71c72a3dd6e632d0aff4732832164acedc7edaa4,kev300,
6c72ce77-afe6-41f7-9d18-2d4f2dc21343,2026-08-31 04:02:21,2026-08-30,f6da0034-e22e-4737-98cc-a763882d3c72,COMIC_COVER,6902,The Amazing Spider-Man,COMMON,19.63,0x290f31fcffd92421cb6922e9e5376149f03a1210,0xc7ed902577b999c93d9425653997d9af84299085,,
1540ba67-c2f9-4a40-8c01-f5caf94d3919,2026-08-31 04:02:12,2026-08-30,f6da0034-e22e-4737-98cc-a763882d3c72,COMIC_COVER,2705,The Amazing Spider-Man,COMMON,19.63,0x290f31fcffd92421cb6922e9e5376149f03a1210,0xc7ed902577b999c93d9425653997d9af84299085,,
6f1ec8b1-aba7-4119-b847-526f0e1247d7,2026-08-31 04:02:09,2026-08-30,f6da0034-e22e-4737-98cc-a763882d3c72,COMIC_COVER,557,The Amazing Spider-Man,COMMON,19.63,0x477e78326585a7afab9737906e2f02a12a46d332,0xc7ed902577b999c93d9425653997d9af84299085,,
9ceae6e0-8308-41b7-8e19-ad97402b94e4,2026-08-31 03:58:37,2026-08-30,f6da0034-e22e-4737-98cc-a763882d3c72,COMIC_COVER,2373,The Amazing Spider-Man,COMMON,19.63,0x290f31fcffd92421cb6922e9e5376149f03a1210,0xc7ed902577b999c93d9425653997d9af84299085,,
d54340c1-f08e-4721-8b9a-202e533d2b85,2026-08-31 03:56:24,2026-08-30,f5b3974f-1d3c-46c5-932c-0f2d052836f6,COMIC_COVER,6596,Venom,COMMON,2.50,0x7e83c3cb90d4e7cde15a168206907306eeed77ad,0x34337573802267d1ddf7a3105c380c42476f193c,,
592bb3b9-758b-47fa-a45f-3ae4f7cee3c5,2026-08-31 03:55:16,2026-08-30,bdcd4cac-a970-47c3-a3a7-1073dd12e7fb,COMIC_COVER,15280,The Amazing Spider-Man,COMMON,3.75,0x03bb6abd9143981b5c81b3394c512f4f0a71bbe7,0xdb0a2d7254274beeb6305ec83e9edecd69bc3f9d,,
1b42b33c-f85b-44aa-98d7-e6affdd597f7,2026-08-31 03:52:00,2026-08-30,e7a71f75-f0fa-4b1f-896c-1a74036311cf,COMIC_COVER,5024,The Amazing Spider-Man,UNCOMMON,9.95,0xc11d8a949c99b6cec46baabdc561258c01805230,0xc7ed902577b999c93d9425653997d9af84299085,,
39756820-8f49-4d68-ba89-5357f6c9b453,2026-08-31 03:51:54,2026-08-30,e7a71f75-f0fa-4b1f-896c-1a74036311cf,COMIC_COVER,4261,The Amazing Spider-Man,UNCOMMON,9.95,0x25e7d61d89b92597de9a16518737d08fed2b07e5,0xc7ed902577b999c93d9425653997d9af84299085,,
35feaf16-0a4e-4629-a311-cf0b868a50af,2026-08-31 03:51:46,2026-08-30,e7a71f75-f0fa-4b1f-896c-1a74036311cf,COMIC_COVER,3257,The Amazing Spider-Man,UNCOMMON,9.95,0x25e7d61d89b92597de9a16518737d08fed2b07e5,0xc7ed902577b999c93d9425653997d9af84299085,,
c3fb8ba4-79e8-4cc5-b953-986f97507e6d,2026-08-31 03:51:38,2026-08-30,e7a71f75-f0fa-4b1f-896c-1a74036311cf,COMIC_COVER,2463,The Amazing Spider-Man,UNCOMMON,9.95,0xccc2eb167ae21f44a61820c293c5951785a638e9,0xc7ed902577b999c93d9425653997d9af84299085,,
462aa55d-4197-4afc-b7af-aaeb9c25c08b,2026-08-31 03:51:32,2026-08-30,e7a71f75-f0fa-4b1f-896c-1a74036311cf,COMIC_COVER,1267,The Amazing Spider-Man,UNCOMMON,9.95,0xd351c4a2564e24273d2074a95d23921d37368a25,0xc7ed902577b999c93d9425653997d9af84299085,,
ff6fc18b-9df4-4ca9-93ad-237b982f7403,2026-08-31 03:50:51,2026-08-30,cc99b980-61b5-41e2-8efe-5e1ac0be0e67,COMIC_COVER,4781,The Amazing Spider-Man,COMMON,2.80,0x904bf3b41999405bcc01d5950b3e16d8d306e1a0,0x34337573802267d1ddf7a3105c380c42476f193c,GypsyDawg,
6b41689f-172e-4b06-a661-6f1a1513a993,2026-08-31 03:50:45,2026-08-30,cc99b980-61b5-41e2-8efe-5e1ac0be0e67,COMIC_COVER,3024,The Amazing Spider-Man,COMMON,2.80,0xc037b48d264a75d75cd6943b0d2a237bfd645fed,0x34337573802267d1ddf7a3105c380c42476f193c,,
b3ce600a-3408-4776-8259-2f976be784cf,2026-08-31 03:49:47,2026-08-30,0c90c49f-d867-47de-991f-d5b5606ffb09,COLLECTIBLE_TYPE,1867,Namor - Phoenix,COMMON,11.00,0xa100ecdcf4757421fa2ec31f98c573c02508aed7,0x4f4cc4e7a297a8c300c7380c85b231c53ecb5abc,,
4bf8454a-56f0-4b19-a544-f4a3877481d5,2026-08-31 03:48:30,2026-08-30,e8de9c90-c324-4bd6-a3d3-c10fdde80038,COMIC_COVER,439,Thor,COMMON,1.00,0xd8bf5b63b637fd25a92d573b239cfbedf17e87cc,0x34337573802267d1ddf7a3105c380c42476f193c,,
e0f4d9b4-a286-4fee-b073-a2ba8bd28a68,2026-08-31 03:41:22,2026-08-30,7247e9ea-90b8-469c-b42f-b2e9d2160089,COMIC_COVER,8375,The Incredible Hulk,UNCOMMON,35.27,0x8427e064323daa8d6ec0dc40a7a7dc3fb55466ee,0xc7ed902577b999c93d9425653997d9af84299085,,
19562059-0d68-4bb1-ad98-cb7fb0793b7d,2026-08-31 03:41:14,2026-08-30,7247e9ea-90b8-469c-b42f-b2e9d2160089,COMIC_COVER,3451,The Incredible Hulk,UNCOMMON,35.27,0x1c6c5850ef98076bd86cc7c069544887a0a2531d,0xc7ed902577b999c93d9425653997d9af84299085,,
ca551776-8723-432b-9302-96459f27d122,2026-08-31 03:38:24,2026-08-30,0c733e42-6f3a-4411-a1df-e6795a3ae291,COLLECTIBLE_TYPE,2403,Ursula: I Get What I Want,COMMON,3.00,0x71c72a3dd6e632d0aff4732832164acedc7edaa4,0x34337573802267d1ddf7a3105c380c42476f193c,,
ed9386ed-890d-4860-a116-cc62caba857a,2026-08-31 03:38:04,2026-08-30,0459f991-814c-4e82-9d42-2210578b1de1,COLLECTIBLE_TYPE,8009,Queen of Hearts: Not Impressed,UNCOMMON,2.10,0xab5066b45f3b731f4b0069e67ea886d1dad865b1,0x34337573802267d1ddf7a3105c380c42476f193c,,
49bc2645-d461-42b3-8fa3-291e75a70f60,2026-08-31 03:37:57,2026-08-30,ec460953-de8a-4649-8a68-666bb2f2168b,COLLECTIBLE_TYPE,960,Weakest Hunter - Frame,COMMON,1.50,0x2757b2db3794342c54434d1a5b51b3d0e7205d1a,0x24c4efef8db56faa510a718e06258b080c07eabc,,
636284b7-29a7-4bb3-85f7-2bf9afb9271e,2026-08-31 03:37:38,2026-08-30,373c4df1-35cf-4ff3-9da7-76686bbcec40,COLLECTIBLE_TYPE,4392,The Queen: Want a Bite?,RARE,4.50,0xab5066b45f3b731f4b0069e67ea886d1dad865b1,0x34337573802267d1ddf7a3105c380c42476f193c,,
dfbfff20-a141-446b-a664-87a4d2855c9a,2026-08-31 03:37:18,2026-08-30,6a98d6cf-b421-4277-b1a0-6a6ae84ef636,COLLECTIBLE_TYPE,4353,Jafar: Feeling Like Royalty,ULTRA_RARE,5.99,0x229d5a5db58654d41dc8276bcac2975aaa45e1ea,0x34337573802267d1ddf7a3105c380c42476f193c,,
9ee23691-4b50-4c88-b38b-54f434fa217d,2026-08-31 03:32:38,2026-08-30,ec00071b-05f6-4fbd-9b35-cbcbfb88c996,COLLECTIBLE_TYPE,691,Mr. V,UNCOMMON,5.00,0xd7b836470fe510048ed7c698f46ff3f0f5fd87c2,0x4187e4287acce37f6dc1446072146a9c9cb48989,,
fd656977-e236-40b3-a8ab-2287cc244fbf,2026-08-31 03:31:52,2026-08-30,5a83120d-b4c0-4982-85d7-3046dd7d5f4f,COLLECTIBLE_TYPE,546,Rain,UNCOMMON,1.00,0xaa8d060555697549431218fb06b04037b7162343,0x86cf60a40c15b78974bfcd1000e695875da24c9d,,
2f3ddb50-9874-4277-8492-c5a2e082df6b,2026-08-31 03:31:45,2026-08-30,5a83120d-b4c0-4982-85d7-3046dd7d5f4f,COLLECTIBLE_TYPE,590,Rain,UNCOMMON,1.00,0xaa8d060555697549431218fb06b04037b7162343,0x86cf60a40c15b78974bfcd1000e695875da24c9d,,
4ec04f2f-9666-491d-8a99-65790aa9d049,2026-08-31 03:31:32,2026-08-30,5a83120d-b4c0-4982-85d7-3046dd7d5f4f,COLLECTIBLE_TYPE,545,Rain,UNCOMMON,1.00,0xaa8d060555697549431218fb06b04037b7162343,0x86cf60a40c15b78974bfcd1000e695875da24c9d,,
e52110e7-87ea-478e-930f-e8ee0e8ea1df,2026-08-31 03:29:46,2026-08-30,a5723af6-b094-4230-aee3-a1a6556cc930,COMIC_COVER,6073,Dark Avengers,RARE,7.00,0x93365222c1bbe3b5853c0ca6234f130899bc2760,0xd3142fa03b778b3739f02e2a6b90f5219f1dec78,,
b3eee064-bb86-4cdd-ae62-c4aba47f4c13,2026-08-31 03:26:50,2026-08-30,c8b134e5-3eae-4e9c-b09a-4ea6cb17bc3b,COMIC_COVER,1767,Ultraman,COMMON,6.64,0x71c72a3dd6e632d0aff4732832164acedc7edaa4,0x710ffaa565477d1a6b4b0d167e6334e18e19b125,,
7a63122b-8a33-49c7-8529-b0e65aba17ca,2026-08-31 03:20:55,2026-08-30,658f1d45-3417-40ec-84f7-054cb8f0d494,COLLECTIBLE_TYPE,7674,Symbiote,COMMON,4.99,0x71c72a3dd6e632d0aff4732832164acedc7edaa4,0x6368f21dbc46bccf1b463689daa7fb9c8eac1939,,
29a1e9b6-61fb-417c-b14c-df61806228c6,2026-08-31 03:20:25,2026-08-30,01bd4803-ce5d-45ed-9cfa-1d225aa8450a,COMIC_COVER,420,Saga of the Sub-Mariner,COMMON,2.00,0x80caa9d6ec74e2edc0052f0b479a4184adcde209,0x2424b08390020737ac0007cc02dd98a44329c4bb,,
7b6a43d2-1a13-4738-9eb0-57312d3eb678,2026-08-31 03:19:08,2026-08-30,57da1dfd-058b-48db-ab9a-f4fa82eb4db6,COLLECTIBLE_TYPE,2416,Death Trooper Helmet,COMMON,3.50,0xa959e0bdfe0e86ce883db07b9beb4d5a39b62993,0x69e904ab7e367eb6b68dccb7b1fd657374250642,,
61b4b657-1c0a-472b-b93d-d8db970e3b31,2026-08-31 03:18:41,2026-08-30,419fec31-c22c-4860-a896-6342e69f5c2e,COLLECTIBLE_TYPE,1649,Death Trooper Shoulder Pad,COMMON,2.20,0x2cb3e7265fcba8ee173474d6431faab19985c079,0x69e904ab7e367eb6b68dccb7b1fd657374250642,,
24ea27d2-af4a-4a72-be20-ee940544e1c5,2026-08-31 03:18:30,2026-08-30,899aa947-87ce-44ac-93b3-201ee1d977a2,COLLECTIBLE_TYPE,361,C-25 Fragmentation Grenade,RARE,6.50,0x47fa62766e235709be9fc3270f9bfeb3de436989,0x69e904ab7e367eb6b68dccb7b1fd657374250642,,
e95db09b-676c-4698-bde6-898bd19672da,2026-08-31 03:18:19,2026-08-30,94796575-0a21-4273-952d-1cb5964b067a,COLLECTIBLE_TYPE,940,Death Trooper Utility Belt,RARE,6.00,0xd3142fa03b778b3739f02e2a6b90f5219f1dec78,0x69e904ab7e367eb6b68dccb7b1fd657374250642,,
990dbca5-d6d2-4d96-ba7f-8cc0d54679c2,2026-08-31 03:13:54,2026-08-30,04c1b81f-a6c9-4c57-be41-5f25001cfe44,COLLECTIBLE_TYPE,543,Epiko Logo - Original,UNCOMMON,5.99,0xe299183630d605329cfdafdd8d35aa37fafdd593,0x86cf60a40c15b78974bfcd1000e695875da24c9d,,
525bba79-8aa3-42fd-b46e-45a6b6958972,2026-08-31 03:12:53,2026-08-30,7a94e5de-0de3-492f-a00e-af761e3323e3,COLLECTIBLE_TYPE,494,Mr. Epiko,UNCOMMON,4.99,0x627c6c4e0488ff39f52e5a852f255337352b955e,0x86cf60a40c15b78974bfcd1000e695875da24c9d,,
7eec601d-91ce-4d10-bba9-b5276e159a05,2026-08-31 03:12:39,2026-08-30,ec00071b-05f6-4fbd-9b35-cbcbfb88c996,COLLECTIBLE_TYPE,537,Mr. V,UNCOMMON,5.00,0x627c6c4e0488ff39f52e5a852f255337352b955e,0x86cf60a40c15b78974bfcd1000e695875da24c9d,,
1a8aff69-0791-4037-9f65-df95bfc0cff8,2026-08-31 03:10:38,2026-08-30,e31fc143-da6c-4b99-b756-5622e543258b,COMIC_COVER,884,Saga of the Sub-Mariner,RARE,5.00,0x5c351ffda198aa91df287ad320c592222a9dc67c,0x9f4caaec6a2e9f8409b704f3ef16f0d51e827cdf,,
cede14b9-02d3-4183-b83a-82e97f058ba2,2026-08-31 03:09:44,2026-08-30,ab837c48-11e4-4fe9-b99a-0fd17f62e599,COLLECTIBLE_TYPE,818,Death Trooper - SE-14r Blaster,COMMON,5.00,0xa51b6395015da50e5d249ac20d26e5dda68e5af8,0x69e904ab7e367eb6b68dccb7b1fd657374250642,Namecoast,
6e112578-44dc-48d4-96df-84f1afed8ce9,2026-08-31 03:09:34,2026-08-30,193323d3-79fe-4b42-b144-ef1c227aaca1,COLLECTIBLE_TYPE,892,Death Trooper - E-11D Blaster Rifle,COMMON,2.79,0x0bd508271a2932ac342a16b9267bd31429b917b7,0x69e904ab7e367eb6b68dccb7b1fd657374250642,,
03e62333-96bd-44a5-baaa-f277a4e6d70b,2026-08-31 03:09:27,2026-08-30,bae065cc-84f3-43a8-b9b3-27e6776b9274,COLLECTIBLE_TYPE,924,Death Trooper - DLT-19D Heavy Blaster Rifle,COMMON,2.50,0x0bd508271a2932ac342a16b9267bd31429b917b7,0x69e904ab7e367eb6b68dccb7b1fd657374250642,,
9fa522a5-644e-4411-85f0-d3dac6b78a86,2026-08-31 03:05:03,2026-08-30,5a83120d-b4c0-4982-85d7-3046dd7d5f4f,COLLECTIBLE_TYPE,592,Rain,UNCOMMON,1.00,0xaa8d060555697549431218fb06b04037b7162343,0x86cf60a40c15b78974bfcd1000e695875da24c9d,,
9e7de71a-d7e3-42e9-b9f6-e7efc01a6ab8,2026-08-31 03:04:58,2026-08-30,cbddd94c-f918-4062-9155-527066262481,COLLECTIBLE_TYPE,5448,Snow Globe - Polar Bear,COMMON,2.99,0x48e73bbe8f7513eb842f2929daff61139f02b178,0x69e904ab7e367eb6b68dccb7b1fd657374250642,,
5a535aa2-13e9-4d52-867f-14318370a020,2026-08-31 03:04:51,2026-08-30,a676dd9a-bd22-4a67-8233-3df6b0844726,COLLECTIBLE_TYPE,10779,Snow Globe - 4 Coke Bottles,UNCOMMON,4.99,0x71c72a3dd6e632d0aff4732832164acedc7edaa4,0x69e904ab7e367eb6b68dccb7b1fd657374250642,,
9bbb6268-6fee-4481-90ce-28f5bb973190,2026-08-31 03:04:45,2026-08-30,ac501a79-5852-499a-9a0d-ec318ae7f249,COLLECTIBLE_TYPE,2381,Snow Globe - Neon Sign,RARE,9.11,0xf766f95fa592646f068a1821e5b6496efaf1a3bf,0x69e904ab7e367eb6b68dccb7b1fd657374250642,,
544a6558-3d93-446b-aa43-56dcc0fbcda1,2026-08-31 03:04:01,2026-08-30,7562e43f-83d3-45b0-9928-82e38ae1da1e,COLLECTIBLE_TYPE,627,My Toy - Midnight Bunny,UNCOMMON,5.00,0x71c72a3dd6e632d0aff4732832164acedc7edaa4,0x69e904ab7e367eb6b68dccb7b1fd657374250642,,
9862f014-c5b3-4934-ae08-8be83c0eadeb,2026-08-31 03:03:54,2026-08-30,f413be9f-1152-4047-b346-798b279e9170,COLLECTIBLE_TYPE,330,My Toy - Honey Bunny,ULTRA_RARE,42.00,0x7831ac4c9b585cbf93a6e2ec9c71513aafef21c4,0x69e904ab7e367eb6b68dccb7b1fd657374250642,,
cc51840b-f476-444c-b41c-6b469d70db2a,2026-08-31 03:03:49,2026-08-30,c8f99327-18fb-49fd-beff-52874418cf0e,COLLECTIBLE_TYPE,425,My Toy - Scarlet Bunny,RARE,15.95,0x4aabd429825b4fb991bbc10774797fe4f37f46b3,0x69e904ab7e367eb6b68dccb7b1fd657374250642,,
38f596ef-1939-4ef2-84ef-1414d7d223bc,2026-08-31 03:01:29,2026-08-30,745acda7-64ec-4967-b397-9aa9c70a50d8,COLLECTIBLE_TYPE,538,Flippy,UNCOMMON,11.11,0xdc5334963cb0811c26c15e76d34fe192f3082712,0x69e904ab7e367eb6b68dccb7b1fd657374250642,,
081674ad-337d-4fc5-ada6-225e62fd8bbe,2026-08-31 03:01:17,2026-08-30,942aaaed-0e54-4874-a7b9-d928adc6ea26,COLLECTIBLE_TYPE,750,Lumpy,RARE,12.50,0xdc5334963cb0811c26c15e76d34fe192f3082712,0x69e904ab7e367eb6b68dccb7b1fd657374250642,,
6f4c0130-67cd-48ca-95fe-7a2d2cebb220,2026-08-31 03:01:09,2026-08-30,3ef7e3a8-12fa-47b5-afed-6bac8384c137,COLLECTIBLE_TYPE,310,Flaky,ULTRA_RARE,15.99,0xe3dfcb781d03e048559cd784c3b02fb6ac04992e,0x69e904ab7e367eb6b68dccb7b1fd657374250642,g5551212,
56702a65-9f52-4385-8bb1-ad47b17a01f9,2026-08-31 02:59:07,2026-08-30,c4723a29-0e71-4ef0-ad7f-20adea4d8e07,COLLECTIBLE_TYPE,736,Tomorrow Never Dies - UK Quad,ULTRA_RARE,40.00,0x21188c1d9afb6cc5a0243f6f8dcd5d149e7672e9,0x69e904ab7e367eb6b68dccb7b1fd657374250642,Sfriedl6969,
2b15ccfc-69af-433f-a93c-84c08eceeeae,2026-08-31 02:58:41,2026-08-30,de9963c9-bf18-4b0c-bb4a-6646b116ef47,COLLECTIBLE_TYPE,2700,Rafael Grampá Batman,ULTRA_RARE,39.00,0xb2e0cd742de0795ed5c7680211625a9da66710af,0x69e904ab7e367eb6b68dccb7b1fd657374250642,,
a2f85334-40de-4136-a97f-3f294b2f0727,2026-08-31 02:58:35,2026-08-30,ff13b7ac-7bfe-4bfb-9efa-1902fdc9a4ba,COLLECTIBLE_TYPE,5121,Kenneth Rocafort Batman,RARE,8.60,0x357eede954f8edb6f3831f14ae88a4292bbb4856,0x69e904ab7e367eb6b68dccb7b1fd657374250642,,
83f2fb23-bbc8-4d0d-8159-84328956916a,2026-08-31 02:58:26,2026-08-30,319f7e96-0519-416f-b180-7b3fc4ecb240,COLLECTIBLE_TYPE,12267,Doug Mahnke Batman,UNCOMMON,3.50,0x81eeee7a1fa1cad71947f7321fe434f3493c194b,0x69e904ab7e367eb6b68dccb7b1fd657374250642,,
55d85294-9518-48da-bff3-a8b3e192ec85,2026-08-31 02:57:57,2026-08-30,84964212-3fb9-4248-a0e5-012e5a104609,COLLECTIBLE_TYPE,992,Snow Globes - Christmas tree,ULTRA_RARE,5.80,0x287c23aa72024acf2c132b21c9b5040928976687,0x69e904ab7e367eb6b68dccb7b1fd657374250642,,
418905b5-6875-4cb8-9f54-07404872fae5,2026-08-31 02:57:49,2026-08-30,46d1d512-9e49-4db2-8f1e-8a2c239ec66d,COLLECTIBLE_TYPE,1271,Snow Globes - Santa Claus,RARE,2.95,0x287c23aa72024acf2c132b21c9b5040928976687,0x69e904ab7e367eb6b68dccb7b1fd657374250642,,
3802d514-6956-4a1d-be2b-28515d701365,2026-08-31 02:57:28,2026-08-30,a3c883e2-3c17-4e78-a415-de4f438f7958,COLLECTIBLE_TYPE,1682,Xenomorph,COMMON,8.00,0x93da6c57ed34662a3ca7b61b909c273417613066,0x69e904ab7e367eb6b68dccb7b1fd657374250642,Cwolt,
94eba26a-9017-4916-9afd-b804779fe390,2026-08-31 02:57:21,2026-08-30,a44d9740-abc9-4bc7-8986-c846f99c5e43,COLLECTIBLE_TYPE,1204,Big Chap,RARE,15.00,0x5600ad1af21c73300d4964ed359c1836e7a659af,0x69e904ab7e367eb6b68dccb7b1fd657374250642,Korgull,
9c7458f4-c67b-4ed4-99fa-c4c9c3d11633,2026-08-31 02:56:25,2026-08-30,e45e99df-2a5e-4660-9eaa-47941df45d96,COLLECTIBLE_TYPE,635,Mysterious Moon,ULTRA_RARE,20.00,0xc9d1863deb6e262b76c0b81c1388543892306ae4,0x69e904ab7e367eb6b68dccb7b1fd657374250642,,
1c2f2f5a-2f27-453f-8e1b-bf43718f7cdd,2026-08-31 02:46:54,2026-08-30,12a7c7a4-20fc-4034-a9cf-bbc239904f24,COMIC_COVER,1741,The Addiction,COMMON,7.00,0x9f74f3658c730cdd76288ccdefad11ada3527f16,0x56d4a4f9253064dde9ca146c79796cd217b17231,,
290b18ba-6489-4191-bdab-5875cc268abf,2026-08-31 02:44:14,2026-08-30,87069e25-205e-4711-8020-df792a113c3f,COMIC_COVER,181,Star Wars,UNCOMMON,2.49,0x40ee1a2354242e5706ab98908175078baf2ba108,0x012edd77ed9cd7e14fd15e7c4c49a21409bfa10f,,
8962498e-e85b-47a3-83a7-67174a438ca6,2026-08-31 02:44:04,2026-08-30,a6689706-6e09-4b04-882e-10a36dece286,COMIC_COVER,181,Iron Man,RARE,4.99,0x87cd7b4e8ad06ab2c0fed1c9a47a9d81f20622cf,0x012edd77ed9cd7e14fd15e7c4c49a21409bfa10f,,
ef73b48c-b2b5-4600-990d-4f38edefb351,2026-08-31 02:31:27,2026-08-30,90dc4c4d-7177-4fde-9bae-a42dc5ff7e5c,COLLECTIBLE_TYPE,196,Foster,UNCOMMON,6.00,0x37046351bf2efc814f13eae48ddb360c61529756,0xd6b723c30ce5ef91c7215771850bff707b6b3c65,,
69b750e0-464a-4192-b984-51f32cbc9423,2026-08-31 02:28:35,2026-08-30,0acd73ab-9908-4060-a8b5-4d9330f1ecb6,COLLECTIBLE_TYPE,231,Day of the Dead Mother,ULTRA_RARE,26.25,0xe3dfcb781d03e048559cd784c3b02fb6ac04992e,0x2dcba771a9c4d30972b3d322ccfb9d47b2e3870b,g5551212,
cf8ccab6-5cd9-48d4-932d-31b1c4c9afd3,2026-08-31 02:21:28,2026-08-30,52106634-c0eb-445c-a09e-7aa34e05e8d1,COLLECTIBLE_TYPE,427,Emma Frost - Uncanny 1980,ULTRA_RARE,39.50,0x86cf60a40c15b78974bfcd1000e695875da24c9d,0xb9403d1f9a99f82b4b7e37a17f3f17c29891bcf3,,
04bc48f6-50c0-4707-83ef-c77471bc9032,2026-08-31 02:20:24,2026-08-30,577a23d0-6417-4930-b5ac-092174aee57b,COLLECTIBLE_TYPE,1043,Running Keith (Modern) - XLARGE,RARE,12.91,0x9f4caaec6a2e9f8409b704f3ef16f0d51e827cdf,0x8bf0833a2b9ba726e28dbc49adae80f7e1b6fcad,,
c0da9135-1cb4-43b6-ab7c-32ceb06bf8fd,2026-08-31 02:14:09,2026-08-30,7552b826-4ddb-461e-92e4-7fd379249d69,COMIC_COVER,15287,Wolverine,ULTRA_RARE,16.00,0x9f74f3658c730cdd76288ccdefad11ada3527f16,0x11e4731a41f20e328d69d714b7d2a5fc5ebdef8a,,
4ce39c41-c418-4752-bd25-e09997232a41,2026-08-31 02:05:17,2026-08-30,b5b4ac15-9981-45b2-a464-df0f56890c47,COMIC_COVER,4411,Silver Surfer: Black,COMMON,1.15,0xcdbaa433445c4e29c1ea5028f74457e44212d116,0x12b00bf1b01e9488df851f11ee93beeaa79e2a01,,
34b6a850-9967-4503-bf72-d714e592fd5f,2026-08-31 01:56:53,2026-08-30,6ec00536-fa52-4c2d-b127-6909635ed653,COMIC_COVER,247,Cable: Love And Chrome,SECRET_RARE,6.98,0xaa8d060555697549431218fb06b04037b7162343,0xb1a527bf8c4a9814b173ecf8ac93236d5821de5b,,VeveWes
8448efea-ce20-414e-8070-7ee6ddd87524,2026-08-31 01:54:57,2026-08-30,bb801387-2f34-4503-8be6-dcbff17723c6,COMIC_COVER,6104,The Avengers,COMMON,3.75,0x7e83c3cb90d4e7cde15a168206907306eeed77ad,0x12b00bf1b01e9488df851f11ee93beeaa79e2a01,,
2e5099c6-c190-465b-8b45-0cdd4f7c2d10,2026-08-31 01:51:58,2026-08-30,29bf2330-2ea9-4f97-b2a7-898253678dc7,COMIC_COVER,19195,Strange Tales,COMMON,1.00,0x93365222c1bbe3b5853c0ca6234f130899bc2760,0xd6a9dd1bdc984f75d897a95c3d00ca5607fc6262,,
5c564b32-3fae-4ddf-ad2e-a6c92a8dee02,2026-08-31 01:51:51,2026-08-30,29bf2330-2ea9-4f97-b2a7-898253678dc7,COMIC_COVER,17823,Strange Tales,COMMON,1.00,0x93365222c1bbe3b5853c0ca6234f130899bc2760,0xd6a9dd1bdc984f75d897a95c3d00ca5607fc6262,,
0d19da92-13f2-42ff-9501-aae743aeb540,2026-08-31 01:51:33,2026-08-30,d75d5cd2-75c2-4ba8-a2de-dd0c98b3fe2e,COMIC_COVER,13075,The Amazing Spider-Man,COMMON,3.99,0x7e83c3cb90d4e7cde15a168206907306eeed77ad,0xd6a9dd1bdc984f75d897a95c3d00ca5607fc6262,,
082c2018-7078-457f-80ea-bba11567a21c,2026-08-31 01:49:39,2026-08-30,20b4a3eb-2580-403c-bbce-ec7805a90f89,COLLECTIBLE_TYPE,137,Namor,ULTRA_RARE,41.50,0xa1b780a6c8f7b48df2e072fe27fbbf2563b5468c,0xf261030b8d23d33eaec9dedc89353cc2f218369d,,
87347a93-f473-44b7-9ad4-125ad9a4b86e,2026-08-31 01:46:13,2026-08-30,1c012ad8-9047-44a7-b9f1-6fc124bb8cf8,COMIC_COVER,46,Fall of the House of X,RARE,73.30,0xddc3e56749af70c7d8ff0ddecf3f959102fe4c1a,0x9b33d4d912756ad2bb610328ac105a37b3fbcb7e,machewshiney,
c356ec08-f568-43ec-bee3-6b1a869679fb,2026-08-31 01:44:19,2026-08-30,3887a753-6095-4ff8-8a23-ad4cec0a5218,COMIC_COVER,3390,Uncanny X-Men,COMMON,1.89,0xa0fc8f900f1cd045906370d5b1ebccc51d342419,0x12b00bf1b01e9488df851f11ee93beeaa79e2a01,,
2c1f06ee-6f8d-44f7-81e0-3001b96ed284,2026-08-31 01:44:14,2026-08-30,67ab99c9-43a5-4a0e-88b9-f3b0d6124bf1,COMIC_COVER,1082,The Addiction (The Touch),UNCOMMON,3.99,0xae8a95f5a84c36cbc6339c27f76f4fae2a3ad22c,0x35ab6181d1ef0f8abb150bba3209f7e50c444b8c,,
f9807fcb-0512-4cc6-a1bb-b8ba933b9d69,2026-08-31 01:41:37,2026-08-30,7a94e5de-0de3-492f-a00e-af761e3323e3,COLLECTIBLE_TYPE,490,Mr. Epiko,UNCOMMON,4.99,0x627c6c4e0488ff39f52e5a852f255337352b955e,0xa959e0bdfe0e86ce883db07b9beb4d5a39b62993,,
be4f3b4b-b2da-451a-b0bf-90555060a42a,2026-08-31 01:41:12,2026-08-30,ec00071b-05f6-4fbd-9b35-cbcbfb88c996,COLLECTIBLE_TYPE,310,Mr. V,UNCOMMON,5.00,0xe299183630d605329cfdafdd8d35aa37fafdd593,0xa959e0bdfe0e86ce883db07b9beb4d5a39b62993,,
a4b9df8f-9bcf-424c-8f2e-442f34c68f88,2026-08-31 01:37:07,2026-08-30,6e747c0f-671a-4078-9fb5-f7f9075c3d9e,COMIC_COVER,2440,X-Men - Hellfire Gala,RARE,6.99,0x87cd7b4e8ad06ab2c0fed1c9a47a9d81f20622cf,0xb1a527bf8c4a9814b173ecf8ac93236d5821de5b,,VeveWes
4d141d7e-e384-4e9d-9fe4-c1179f2a6a08,2026-08-31 01:36:34,2026-08-30,9e9c9b2b-6ab7-45b0-b043-c537df34c2cc,COMIC_COVER,546,Venom,COMMON,10.98,0x88e8fe8c552a59be0a9c21b74a41fd5fbcbf2dee,0xb1a527bf8c4a9814b173ecf8ac93236d5821de5b,Aroostic,VeveWes
38490ed0-b24d-452d-9940-a0a098cba5d6,2026-08-31 01:35:43,2026-08-30,3380b39e-a974-4f27-89c3-12dc6995fbee,COLLECTIBLE_TYPE,181,Planet Hulk,ULTRA_RARE,23.00,0x89b6d497142e168621cb121d4f86f02311332035,0x012edd77ed9cd7e14fd15e7c4c49a21409bfa10f,,
e80f03d7-021b-4f98-abd5-3f3e2f8d51dc,2026-08-31 01:34:19,2026-08-30,ab430454-99cf-4b4a-bcc6-5c4ed737512d,COMIC_COVER,4865,Captain America,UNCOMMON,29.79,0x012edd77ed9cd7e14fd15e7c4c49a21409bfa10f,0xa37b75d980570e4e51f31281365ea55c3f7be0aa,,
6b2069c1-3be0-4a4a-98d0-a2d01519fa89,2026-08-31 01:33:48,2026-08-30,2d879970-0a33-4357-b339-2f7169c258a0,COMIC_COVER,260,The X-Men,COMMON,3.50,0xc6730f46c02113ceb47ebd590544b9f7eba39f00,0xf766f95fa592646f068a1821e5b6496efaf1a3bf,,
430bd078-6038-4038-9943-685f6a2f66d8,2026-08-31 01:33:44,2026-08-30,0c90c49f-d867-47de-991f-d5b5606ffb09,COLLECTIBLE_TYPE,568,Namor - Phoenix,COMMON,11.00,0xc9f3376c16946692a2ea98441f4f4c01117c533e,0xcdd1a28c990255e59bfbcfd7ef2f0fd015a01cfa,Mikeysab,
2b46efb5-2a56-4a64-b9cd-6943812ebe82,2026-08-31 01:33:10,2026-08-30,0cd81d92-e369-4339-bb20-d64a7076c4e7,COLLECTIBLE_TYPE,168,Radiant Peach,RARE,5.00,0xc6730f46c02113ceb47ebd590544b9f7eba39f00,0xf766f95fa592646f068a1821e5b6496efaf1a3bf,,
9c6e98a2-6259-418d-89bd-639a76bcb997,2026-08-31 01:32:45,2026-08-30,366c3299-cedd-4e3a-bf06-0b62f36a017a,COMIC_COVER,14436,Sgt. Fury And His Howling Commandos,COMMON,1.65,0x7e83c3cb90d4e7cde15a168206907306eeed77ad,0x12b00bf1b01e9488df851f11ee93beeaa79e2a01,,
6c0eb081-1b8b-4b9e-a9e8-dac0df61c54d,2026-08-31 01:29:20,2026-08-30,01bd4803-ce5d-45ed-9cfa-1d225aa8450a,COMIC_COVER,656,Saga of the Sub-Mariner,COMMON,2.00,0xaa8d060555697549431218fb06b04037b7162343,0x478e407d8e7f61b8222b5cefb2f8e45f07eca492,,
2391f5ad-fb56-40de-b516-69c6b9893885,2026-08-31 01:27:54,2026-08-30,ab430454-99cf-4b4a-bcc6-5c4ed737512d,COMIC_COVER,9723,Captain America,UNCOMMON,29.79,0x012edd77ed9cd7e14fd15e7c4c49a21409bfa10f,0x40ee1a2354242e5706ab98908175078baf2ba108,,
ee0e6ab3-031a-4123-85f5-c2d0e0401dfe,2026-08-31 01:25:59,2026-08-30,0c90c49f-d867-47de-991f-d5b5606ffb09,COLLECTIBLE_TYPE,1082,Namor - Phoenix,COMMON,11.00,0xa100ecdcf4757421fa2ec31f98c573c02508aed7,0x5c28b67a85c189782db13ad4ee5d5ea6969dcadb,,
af68dd86-a822-4b45-a767-42a9bafec7c5,2026-08-31 01:23:32,2026-08-30,0f73e72f-8bc1-48c4-8b70-4e9b4e372003,COLLECTIBLE_TYPE,313,Namor - Saga of the Sub-Mariner 1988,ULTRA_RARE,48.00,0xab43c36e07de149d09eb22fc2fa2a5fc06815c50,0x5c28b67a85c189782db13ad4ee5d5ea6969dcadb,,
5ad25489-0def-4135-b68f-a772b2670e36,2026-08-31 01:14:05,2026-08-30,f09d3ca4-d90a-4844-a28b-3207b87161a4,COLLECTIBLE_TYPE,5154,Bat-Signal,UNCOMMON,3.93,0x3e03d27a1bdea71002280b8677cb3bc7b3618413,0x34337573802267d1ddf7a3105c380c42476f193c,,
90da3e32-1e05-46e2-8a7c-bd00e24c843c,2026-08-31 01:13:06,2026-08-30,90dc4c4d-7177-4fde-9bae-a42dc5ff7e5c,COLLECTIBLE_TYPE,58,Foster,UNCOMMON,6.00,0xbb5903b0082830c3e78e912a908efbc21d02d2d0,0x2bffa49ff9e8c9b80fd8e86d2937d042040f2b67,Dekri,
af6994e6-fddb-4056-9848-ba96a8d37818,2026-08-31 01:12:41,2026-08-30,04c1b81f-a6c9-4c57-be41-5f25001cfe44,COLLECTIBLE_TYPE,697,Epiko Logo - Original,UNCOMMON,5.99,0x0cea3b049375a3b5c96f73504d8cefc56a6c8888,0x2bffa49ff9e8c9b80fd8e86d2937d042040f2b67,,
f430241f-39fd-40ea-9680-6080f16f4741,2026-08-31 01:12:26,2026-08-30,7a94e5de-0de3-492f-a00e-af761e3323e3,COLLECTIBLE_TYPE,439,Mr. Epiko,UNCOMMON,4.99,0x627c6c4e0488ff39f52e5a852f255337352b955e,0x2bffa49ff9e8c9b80fd8e86d2937d042040f2b67,,
8d8fdfbf-31ae-4e29-92c1-b3d505ab4aa4,2026-08-31 01:12:03,2026-08-30,0b5e951b-09bd-4b29-9db9-d7ca4814d92c,COLLECTIBLE_TYPE,499,Janie,UNCOMMON,5.50,0x627c6c4e0488ff39f52e5a852f255337352b955e,0x2bffa49ff9e8c9b80fd8e86d2937d042040f2b67,,
38bb3828-d982-4b1b-a858-367a3eb1ee94,2026-08-31 01:11:52,2026-08-30,02ab1567-e3b7-4862-bd09-4115bcfed9fc,COLLECTIBLE_TYPE,269,Max,UNCOMMON,8.00,0x808f5dcad802164cf60d084e1d1b5f1ee75b3cac,0x2bffa49ff9e8c9b80fd8e86d2937d042040f2b67,,
4f28b33c-ee81-4c8f-a205-a2a1f8a396c5,2026-08-31 01:09:48,2026-08-30,d1b97b13-7841-40d5-9f43-b605871c5c22,COMIC_COVER,4485,Tales to Astonish,RARE,6.99,0x045ab1b962e5c37d8ade5920eba35d09c825bdea,0x0b87ba1be2e9d563219bff2636cd0b4645dfa424,,
fe863922-fe30-49e3-b4b2-45187b3a8fe8,2026-08-31 01:06:07,2026-08-30,d0b2f4f9-b7e3-445c-9fa5-3c5750564912,COLLECTIBLE_TYPE,1536,1840 Two Penny Blue RJ,COMMON,2.60,0x71c72a3dd6e632d0aff4732832164acedc7edaa4,0x5c79904bce71ddc6705df696e555d37dbf8e070c,,
dc57ed0e-54f6-4c2d-a34f-baeee31895cc,2026-08-31 01:05:48,2026-08-30,90dc4c4d-7177-4fde-9bae-a42dc5ff7e5c,COLLECTIBLE_TYPE,658,Foster,UNCOMMON,6.00,0x37046351bf2efc814f13eae48ddb360c61529756,0xe299183630d605329cfdafdd8d35aa37fafdd593,,
463c9d33-b835-4e03-8621-ffd8f2c837b7,2026-08-31 01:01:49,2026-08-30,a840e47a-0db8-46bd-bffe-c1c5ecb295d3,COLLECTIBLE_TYPE,18000,Zombie Captain America #1,COMMON,3.50,0x71c72a3dd6e632d0aff4732832164acedc7edaa4,0xda611149b2ab3e4f33519f3d230fbc8f003e4e52,,
316027b9-d8f9-4546-8342-2205b3ae617d,2026-08-31 00:42:25,2026-08-30,01bd4803-ce5d-45ed-9cfa-1d225aa8450a,COMIC_COVER,610,Saga of the Sub-Mariner,COMMON,2.00,0xc6730f46c02113ceb47ebd590544b9f7eba39f00,0x9f4caaec6a2e9f8409b704f3ef16f0d51e827cdf,,
c0a56965-b61d-4e99-90eb-fc6811d9a2fd,2026-08-31 00:42:03,2026-08-30,b007a235-a980-46dc-a12e-8d0fafde406d,COMIC_COVER,120,Avengers,RARE,4.50,0xc6730f46c02113ceb47ebd590544b9f7eba39f00,0x9f4caaec6a2e9f8409b704f3ef16f0d51e827cdf,,
f0e605a2-92a4-4072-ba2d-967953500b6a,2026-08-31 00:41:54,2026-08-30,d6f429e9-d2f9-4eb7-91da-7b75078155f4,COMIC_COVER,271,Avengers,UNCOMMON,2.80,0xc6730f46c02113ceb47ebd590544b9f7eba39f00,0x9f4caaec6a2e9f8409b704f3ef16f0d51e827cdf,,
c86f55cc-19d7-42a0-96c9-8d4241ab361e,2026-08-31 00:38:46,2026-08-30,1d606841-f6e5-4d91-89d3-85aa99fad3f3,COLLECTIBLE_TYPE,181,Wolverine - X-Jacket,RARE,17.50,0xbd44ce5717bcbef7a4d4d1ecde7c87fe23e47325,0x012edd77ed9cd7e14fd15e7c4c49a21409bfa10f,a1nstinct,
2d709e97-ed23-4bf8-b069-1f3a08db632d,2026-08-31 00:37:15,2026-08-30,cd2b1ac4-415c-4f3a-aa51-eb8a1e09bb29,COMIC_COVER,3439,The Incredible Hulk,SECRET_RARE,385.00,0x012edd77ed9cd7e14fd15e7c4c49a21409bfa10f,0xaa8d060555697549431218fb06b04037b7162343,,
278ae5a3-1e0a-4387-9244-c74b9766b305,2026-08-31 00:32:32,2026-08-30,fc943f7c-7e87-4f6e-b38e-8bc02c6cf7a6,COLLECTIBLE_TYPE,5381,Spider-Man – The Amazing Spider-Man,COMMON,40.00,0x980e45df4eede31be4e128b95a20ca73c17538b3,0x396233948c93272361ad65a1ff8c3d1289607e7b,,
f1e98533-0da1-4772-a1f9-ab1bc8ec7f2d,2026-08-31 00:31:01,2026-08-30,2641f79e-8ce8-4b3f-9806-de801d475c14,COMIC_COVER,9679,Captain America,COMMON,65.60,0x66e3d5ffa80294c8822aad57f6a73e715ef8a169,0xcf5c1af19f14993e7876719da204a800de180068,,
dbb76959-783c-405f-a81b-480b8d36220e,2026-08-31 00:18:13,2026-08-30,d4432421-d5cc-4a1d-9f0d-d98ac39ee597,COLLECTIBLE_TYPE,1370,Cartenon Temple Diorama,COMMON,9.00,0xd39861471275935f0eb169c948ec9c2f4fd451e1,0x5ea81b91a3e2eba943de8e4f250b14b12b2b79c6,,
21940f88-acb2-4d9f-a73e-1f1b1289f1ec,2026-08-31 00:16:42,2026-08-30,e8af31a7-9403-4a31-89a5-65570fcb814b,COLLECTIBLE_TYPE,1498,Altar - Becoming a Player,UNCOMMON,8.50,0x0a70a5bb77becd7018daa3e6f48652a8d464988c,0x5ea81b91a3e2eba943de8e4f250b14b12b2b79c6,,
c873c4c7-d43c-431b-8384-1c36fc378e93,2026-08-31 00:15:08,2026-08-30,0eda06ea-acf5-4a5f-98e2-a9d0adf0bd6e,COMIC_COVER,4083,The Incredible Hulk,RARE,29.29,0xd34ab5a9f8d64f7d183738ca3eaa00528ff234f9,0x6ba9636a580ff7c1993087be92111b5e2699e1e6,,
b93d6a00-848f-481c-af25-c6369d37b16a,2026-08-31 00:11:05,2026-08-30,5df2f9ab-f9d0-4aff-af42-f468a8e0c2bb,COLLECTIBLE_TYPE,562,Emma Frost - Marauders #21 (2021),ULTRA_RARE,16.25,0xf766f95fa592646f068a1821e5b6496efaf1a3bf,0x3c2d1c7246985c5373cb16e2a7176df388f09941,,
d3c211dc-cff5-4bd3-8742-5d8b22582956,2026-08-31 00:10:44,2026-08-30,04c1b81f-a6c9-4c57-be41-5f25001cfe44,COLLECTIBLE_TYPE,577,Epiko Logo - Original,UNCOMMON,5.99,0xc6730f46c02113ceb47ebd590544b9f7eba39f00,0x365cb87b1ed254ea8873235108ebad4b71b14337,,
b6f37b69-f709-4f32-8e8d-19519c7a0804,2026-08-31 00:02:57,2026-08-30,1fa1a04f-0477-4f7b-a7d5-ba38b85e5bde,COLLECTIBLE_TYPE,2694,Woody,RARE,20.99,0x9af72bf8d20e3db1c1ffd8d84258fad28227ca74,0xf90b0db58b594c2d08abcacabc759fa85bbb49de,,
6166956c-2bb1-4508-a3d4-4c46d63b0060,2026-08-31 00:01:29,2026-08-30,f67ba0be-e897-46af-a0c4-07ba0103977f,COLLECTIBLE_TYPE,37,Janie - Blue Metallic,SECRET_RARE,3000.00,0xe299183630d605329cfdafdd8d35aa37fafdd593,0x1a26cf6e30db0bb7d9769f13c26a6dfac7d846ad,,
42e022f9-96d9-4472-bf51-779bf07dc555,2026-08-30 23:58:23,2026-08-30,c4683c6a-9542-454a-89bb-e8368a486fe3,COMIC_COVER,2505,Fantastic Four,RARE,11.00,0x045ab1b962e5c37d8ade5920eba35d09c825bdea,0x6ba9636a580ff7c1993087be92111b5e2699e1e6,,
2ff3ce37-bebe-4cb7-96ae-208dcf2417ce,2026-08-30 23:56:27,2026-08-30,fc9edd6c-11d2-4aba-86e4-dfc47934023c,COLLECTIBLE_TYPE,745,Diablo - Orange,ULTRA_RARE,27.00,0x1e4b52a4da04ae4ee0f4fcb008891c6c2a8973f4,0xbc305536be548024fd5b8a31cfeb1a99dd01cad4,,
58ed927c-d625-433a-828b-f706cf07e634,2026-08-30 23:54:02,2026-08-30,7a94e5de-0de3-492f-a00e-af761e3323e3,COLLECTIBLE_TYPE,454,Mr. Epiko,UNCOMMON,4.20,0x6ba9636a580ff7c1993087be92111b5e2699e1e6,0x21188c1d9afb6cc5a0243f6f8dcd5d149e7672e9,,Sfriedl6969
7cdbff97-c0c1-47c0-aea5-0b3a08dbb5ef,2026-08-30 23:53:34,2026-08-30,ec00071b-05f6-4fbd-9b35-cbcbfb88c996,COLLECTIBLE_TYPE,454,Mr. V,UNCOMMON,4.00,0x1a26cf6e30db0bb7d9769f13c26a6dfac7d846ad,0x21188c1d9afb6cc5a0243f6f8dcd5d149e7672e9,,Sfriedl6969
bc1b27d2-9e1f-43a6-be86-f485e81f21ed,2026-08-30 23:51:38,2026-08-30,ec00071b-05f6-4fbd-9b35-cbcbfb88c996,COLLECTIBLE_TYPE,459,Mr. V,UNCOMMON,4.00,0x322dc2f3a1f091282e6bbecaf35d6e0e6a872e01,0x11e4731a41f20e328d69d714b7d2a5fc5ebdef8a,,
616922d5-75c2-4236-9162-a6af2f6ddee6,2026-08-30 23:38:32,2026-08-30,934c4ebc-7655-4c91-8598-55b9bf451e8b,COMIC_COVER,9006,The X-men,COMMON,24.00,0x36bd32e306e3d394cbbd422c9a1743fb77beff10,0xa37b75d980570e4e51f31281365ea55c3f7be0aa,,
8cd36238-f0b6-454b-9d2c-b12798ccf47e,2026-08-30 23:38:26,2026-08-30,90dc4c4d-7177-4fde-9bae-a42dc5ff7e5c,COLLECTIBLE_TYPE,576,Foster,UNCOMMON,6.00,0xb8d36e80819e4fc5b38a65724da4a4a62c99f366,0xe35e316b5c8fa9de3f93efa8bf93bc26f182e1b0,,
998882a7-6b12-4ddb-ae1d-f428ac0eba1d,2026-08-30 23:37:17,2026-08-30,18333b39-f2b2-4903-a19f-c68b4bea144a,COMIC_COVER,464,Miles Morales: Spider-Man,UNCOMMON,3.00,0x5c351ffda198aa91df287ad320c592222a9dc67c,0xb1a527bf8c4a9814b173ecf8ac93236d5821de5b,,VeveWes
9264d4fa-7fe4-4904-85cf-d0b3737858db,2026-08-30 23:37:11,2026-08-30,18333b39-f2b2-4903-a19f-c68b4bea144a,COMIC_COVER,578,Miles Morales: Spider-Man,UNCOMMON,3.00,0x0b47cdaa4945e889fd42389fa40c25720481f0ac,0xb1a527bf8c4a9814b173ecf8ac93236d5821de5b,Preda,VeveWes
210f18c3-4172-4f37-a9b4-3d1b6a329d4a,2026-08-30 23:37:04,2026-08-30,2b73c05e-beab-46a8-a409-453b82e3df0e,COMIC_COVER,935,Miles Morales: Spider-Man,RARE,15.00,0xf261030b8d23d33eaec9dedc89353cc2f218369d,0xb1a527bf8c4a9814b173ecf8ac93236d5821de5b,,VeveWes
5660c37d-c8a0-4e49-852f-f0b1c3e06f30,2026-08-30 23:36:53,2026-08-30,18333b39-f2b2-4903-a19f-c68b4bea144a,COMIC_COVER,537,Miles Morales: Spider-Man,UNCOMMON,3.00,0x88e8fe8c552a59be0a9c21b74a41fd5fbcbf2dee,0xb1a527bf8c4a9814b173ecf8ac93236d5821de5b,Aroostic,VeveWes
aeafd8b8-75d1-401b-a8fd-87f0adb2b3b8,2026-08-30 23:36:41,2026-08-30,55ead8bb-f564-43b1-b48c-52524bec8827,COMIC_COVER,752,Miles Morales: Spider-Man,COMMON,4.50,0x0cea3b049375a3b5c96f73504d8cefc56a6c8888,0xb1a527bf8c4a9814b173ecf8ac93236d5821de5b,,VeveWes
3869534f-55a4-4f70-a3fe-ef2222ff63e9,2026-08-30 23:36:37,2026-08-30,55ead8bb-f564-43b1-b48c-52524bec8827,COMIC_COVER,934,Miles Morales: Spider-Man,COMMON,4.50,0x0cea3b049375a3b5c96f73504d8cefc56a6c8888,0xb1a527bf8c4a9814b173ecf8ac93236d5821de5b,,VeveWes
d71f5bb2-e1ea-41e0-b183-e1ec82e55f6b,2026-08-30 23:36:34,2026-08-30,55ead8bb-f564-43b1-b48c-52524bec8827,COMIC_COVER,776,Miles Morales: Spider-Man,COMMON,4.50,0x0cea3b049375a3b5c96f73504d8cefc56a6c8888,0xb1a527bf8c4a9814b173ecf8ac93236d5821de5b,,VeveWes
b4709201-2f28-466f-a818-e56c6e695162,2026-08-30 23:36:31,2026-08-30,55ead8bb-f564-43b1-b48c-52524bec8827,COMIC_COVER,943,Miles Morales: Spider-Man,COMMON,4.50,0x88e8fe8c552a59be0a9c21b74a41fd5fbcbf2dee,0xb1a527bf8c4a9814b173ecf8ac93236d5821de5b,Aroostic,VeveWes
0100a2d6-0aca-4ce0-afc4-42db65dcfe7c,2026-08-30 23:36:28,2026-08-30,04c1b81f-a6c9-4c57-be41-5f25001cfe44,COLLECTIBLE_TYPE,763,Epiko Logo - Original,UNCOMMON,6.99,0x229d5a5db58654d41dc8276bcac2975aaa45e1ea,0x9617ab310a5bb465e5bdc9787ac05099f781f93a,,
23f347f1-00e5-425f-b7e9-8b7d907d9ba4,2026-08-30 23:35:21,2026-08-30,1b754aff-4cdd-4482-be1b-1ba3dba81cc7,COMIC_COVER,645,Miles Morales: Spider-Man,UNCOMMON,5.30,0x88e8fe8c552a59be0a9c21b74a41fd5fbcbf2dee,0xb1a527bf8c4a9814b173ecf8ac93236d5821de5b,Aroostic,VeveWes
0fb34d21-ecfd-4870-bb0f-b254a45fd030,2026-08-30 23:34:12,2026-08-30,04c1b81f-a6c9-4c57-be41-5f25001cfe44,COLLECTIBLE_TYPE,443,Epiko Logo - Original,UNCOMMON,6.99,0x37046351bf2efc814f13eae48ddb360c61529756,0x6de328ed0e8865d3d5deb32100dcd2e963c975bb,,
b9cf49cd-9ad6-4ec3-97e5-378efa5a43d0,2026-08-30 23:33:36,2026-08-30,bd00a602-fcaf-455b-bbe8-13dfadc598fe,COMIC_COVER,554,Daredevil,COMMON,2.90,0x9617ab310a5bb465e5bdc9787ac05099f781f93a,0xf25786087fb40ee5d1e7666bd7bad9b557eaef45,,Hustler87
a2a7ceef-1f4c-4538-b15d-69d4006ccf70,2026-08-30 22:55:26,2026-08-30,eda67c9c-4bb1-4b8d-9d6c-d2ce337cf711,COLLECTIBLE_TYPE,19,Epiko Logo - Blue Metallic,SECRET_RARE,690.00,0xc1902b4a930c8d409af78ee6fae3b98cb98ab65a,0x66e3d5ffa80294c8822aad57f6a73e715ef8a169,,
8c7dd22f-561c-42ce-85b9-5c8e0a9612c2,2026-08-30 22:49:31,2026-08-30,48bde852-c1c6-4f74-a97e-0bd60423f3ad,COMIC_COVER,908,Fantastic Four,COMMON,4.49,0x98fae9d855dcb133b6b577b769e3858a27ebf069,0xc126543713eacae05138a10a925a660c3f9c82d5,,NFTLATINO
4bf600a0-a7ec-48cd-a41d-121dd43f15f2,2026-08-30 22:47:57,2026-08-30,90dc4c4d-7177-4fde-9bae-a42dc5ff7e5c,COLLECTIBLE_TYPE,598,Foster,UNCOMMON,6.00,0x106692793dcde515f0af21b14c41e8c485098a72,0x054dc47a500ea8986e73c98b189a94cbb8376bbb,stephenduarte,Pooski
58b7b4b0-87e5-4e0e-9cb0-639c57682dd1,2026-08-30 22:47:51,2026-08-30,90dc4c4d-7177-4fde-9bae-a42dc5ff7e5c,COLLECTIBLE_TYPE,729,Foster,UNCOMMON,6.00,0xd7b836470fe510048ed7c698f46ff3f0f5fd87c2,0x054dc47a500ea8986e73c98b189a94cbb8376bbb,,Pooski
f23064a7-ea97-4460-bcaf-3db43d12edde,2026-08-30 22:47:49,2026-08-30,90dc4c4d-7177-4fde-9bae-a42dc5ff7e5c,COLLECTIBLE_TYPE,712,Foster,UNCOMMON,6.00,0xd7b836470fe510048ed7c698f46ff3f0f5fd87c2,0x054dc47a500ea8986e73c98b189a94cbb8376bbb,,Pooski
514c6fb5-5260-46cf-b440-3719eca09351,2026-08-30 22:47:45,2026-08-30,90dc4c4d-7177-4fde-9bae-a42dc5ff7e5c,COLLECTIBLE_TYPE,573,Foster,UNCOMMON,6.00,0x10e3e381346a2253b34a3df53e884b822f4c28a9,0x054dc47a500ea8986e73c98b189a94cbb8376bbb,,Pooski
6fe3f3c1-538b-4b00-b39a-c4c65a085816,2026-08-30 22:42:16,2026-08-30,ff13b7ac-7bfe-4bfb-9efa-1902fdc9a4ba,COLLECTIBLE_TYPE,5292,Kenneth Rocafort Batman,RARE,8.60,0x18f6f9b2ee89c7dfb0ea5621ce1a103f62091593,0xa6cfe8bf11ac4d5f9e2cc224ba54609aa167809a,,
2f3ebd09-8919-470a-852d-002d2125b493,2026-08-30 22:35:33,2026-08-30,82794523-446e-47e0-a81a-67d0a84ed350,COLLECTIBLE_TYPE,1182,Rambo: First Blood Part II - Original US Theatrical Poster (1985),SECRET_RARE,85.00,0xa1b780a6c8f7b48df2e072fe27fbbf2563b5468c,0x47de9b1e45dc98ee608e246734e839323bb33ad0,,
7d57e3e7-c3a6-4327-95ee-4844ef7df8b2,2026-08-30 22:34:03,2026-08-30,46359177-0a0a-4148-aac9-7875a76aaa91,COLLECTIBLE_TYPE,1954,Toph,COMMON,7.00,0x40ee1a2354242e5706ab98908175078baf2ba108,0x229d5a5db58654d41dc8276bcac2975aaa45e1ea,,
ac6ab7f1-9031-4b1e-97ea-0be3f9fbb24d,2026-08-30 22:33:49,2026-08-30,04c1b81f-a6c9-4c57-be41-5f25001cfe44,COLLECTIBLE_TYPE,264,Epiko Logo - Original,UNCOMMON,6.99,0xe6e9d9c77c0bc351a53086a568cd9d9663fe1a9a,0x901d5cf32677238a41e59215f3b77f8ccc6b8a6e,,
ed37d16f-adec-434a-b235-38c86d10b90e,2026-08-30 22:32:14,2026-08-30,0459f991-814c-4e82-9d42-2210578b1de1,COLLECTIBLE_TYPE,6001,Queen of Hearts: Not Impressed,UNCOMMON,2.10,0xdf362c0ae03720bb11924c2ea13ceac44282d309,0x07c3707a1763439ae7da0094c00527a2558f6eef,,
82362236-ed22-4609-9900-d11e617ecabc,2026-08-30 22:30:59,2026-08-30,7a94e5de-0de3-492f-a00e-af761e3323e3,COLLECTIBLE_TYPE,548,Mr. Epiko,UNCOMMON,4.20,0x5b242bc31ad9dfed55efbbc7a8e6ce71ac28fa43,0xeadab47019dbd9390d5d0a8b2c560fe6c90c2a9d,,
2645a3d2-3e58-4933-81af-81abfe763735,2026-08-30 22:25:53,2026-08-30,025a320d-8bce-4fad-9cb2-4b41d6a2f727,COLLECTIBLE_TYPE,1315,Sung Jinwoo - Weakest Hunter,COMMON,14.99,0xc6730f46c02113ceb47ebd590544b9f7eba39f00,0x2d2933beb21a100977804604194e2956983eb82c,,
fa36f98b-3434-400d-ba46-4ae07138d3bd,2026-08-30 22:24:37,2026-08-30,2e3e8f1b-d1c8-45e5-9d12-9acd75212e8a,COMIC_COVER,9218,The Incredible Hulk,COMMON,3.00,0x7e83c3cb90d4e7cde15a168206907306eeed77ad,0xe6e9d9c77c0bc351a53086a568cd9d9663fe1a9a,,
3c039d2d-9bb9-44f0-9c9f-dc4076f4058c,2026-08-30 22:20:18,2026-08-30,37a67fd7-bc6f-4902-b73e-9d175399bd03,COLLECTIBLE_TYPE,250,Wolverine - Battle Ready,UNCOMMON,15.00,0x4f59c2fbff17a409225eea9301a7d73beadfd74f,0xdc5334963cb0811c26c15e76d34fe192f3082712,,
be00c2ae-cee4-4532-9494-71acf8e59ff5,2026-08-30 22:20:09,2026-08-30,37a67fd7-bc6f-4902-b73e-9d175399bd03,COLLECTIBLE_TYPE,333,Wolverine - Battle Ready,UNCOMMON,15.00,0x47ad9f0d3b51d31135bdae1ef30d6709cf4c89b3,0xdc5334963cb0811c26c15e76d34fe192f3082712,BigOz,
ad87a5a9-eaa0-4e5d-96f5-86a8c6f4cdd9,2026-08-30 22:19:37,2026-08-30,7a94e5de-0de3-492f-a00e-af761e3323e3,COLLECTIBLE_TYPE,227,Mr. Epiko,UNCOMMON,4.20,0x50254b1a7bda2de5a16f12c069e8aeefdb5e9b69,0x901d5cf32677238a41e59215f3b77f8ccc6b8a6e,,
03c997e5-5657-4ec8-8a22-6c80722c59c6,2026-08-30 22:19:21,2026-08-30,90dc4c4d-7177-4fde-9bae-a42dc5ff7e5c,COLLECTIBLE_TYPE,422,Foster,UNCOMMON,6.00,0xd7b836470fe510048ed7c698f46ff3f0f5fd87c2,0x901d5cf32677238a41e59215f3b77f8ccc6b8a6e,,
d68a88ac-e1d0-4352-b92d-3feef7d669b9,2026-08-30 22:17:58,2026-08-30,7a94e5de-0de3-492f-a00e-af761e3323e3,COLLECTIBLE_TYPE,752,Mr. Epiko,UNCOMMON,4.20,0xd7b836470fe510048ed7c698f46ff3f0f5fd87c2,0x2d2933beb21a100977804604194e2956983eb82c,,
62679dc4-5cf9-4fa0-835b-eb4234635c9f,2026-08-30 22:17:27,2026-08-30,aca3eac8-fea3-4f1f-af6e-38b1854f2c65,COLLECTIBLE_TYPE,527,Single 2d 'Pembroke Peak' gummed stamp,UNCOMMON,1.50,0x595004c93fca60f9ee106845d891dfcaad292ab1,0xca0f62630edee80eac51f4fedc6cb2f47b75f6bf,,
034625ab-62cb-43c7-87ec-5f9aba900232,2026-08-30 22:15:22,2026-08-30,79f49f24-d6f3-4ba0-9253-599d05699a35,COLLECTIBLE_TYPE,80,Single 1s 'Kea and Kaka' gummed stamp,ULTRA_RARE,12.99,0x47ad9f0d3b51d31135bdae1ef30d6709cf4c89b3,0x229d5a5db58654d41dc8276bcac2975aaa45e1ea,BigOz,
fb9001ba-827f-483e-b672-ea9bda1f4d7b,2026-08-30 22:14:48,2026-08-30,f216c114-f12c-4c32-a2af-0c8632206274,COLLECTIBLE_TYPE,606,Single 2s 'Milford Sound' gummed stamp,UNCOMMON,3.00,0x47ad9f0d3b51d31135bdae1ef30d6709cf4c89b3,0xdc5334963cb0811c26c15e76d34fe192f3082712,BigOz,
36d3e58e-b556-493e-9560-e49827434b4e,2026-08-30 22:14:26,2026-08-30,c889a878-bc2b-4afe-a9c1-a02ffbe80231,COLLECTIBLE_TYPE,333,Single 4d 'White Terraces' gummed stamp,RARE,2.75,0x47ad9f0d3b51d31135bdae1ef30d6709cf4c89b3,0xdc5334963cb0811c26c15e76d34fe192f3082712,BigOz,
d37986a6-22fa-48cc-9483-fcf65fccf29b,2026-08-30 22:14:05,2026-08-30,3cd38803-98a6-4b5c-85fa-a8a3353c0b7f,COLLECTIBLE_TYPE,333,Single 1/2d 'Mount Cook' gummed stamp,COMMON,1.74,0x47ad9f0d3b51d31135bdae1ef30d6709cf4c89b3,0xdc5334963cb0811c26c15e76d34fe192f3082712,BigOz,
4e8dc920-7716-48bc-b7b8-2f63369e8ce8,2026-08-30 22:12:38,2026-08-30,f6c0f08f-a0e9-455b-9008-13dc70abcfba,COLLECTIBLE_TYPE,281,Vana,SECRET_RARE,24.80,0x0cea3b049375a3b5c96f73504d8cefc56a6c8888,0xe4dc7d7f3eb2e78a11f1738bdd3220a6de8adcef,,
5b561811-d50f-48a6-a02b-6adf8b0733ce,2026-08-30 22:12:31,2026-08-30,f55262b2-53a9-4ee9-b55c-c8635a3ae308,COLLECTIBLE_TYPE,45,Sometimes I Think I Don’t Know You Anymore (3 of 7),SECRET_RARE,34.50,0x4b0c67b4b9f611394f748944f672a328dcf1ab84,0xdc5334963cb0811c26c15e76d34fe192f3082712,,
1eeffb89-bede-4bf2-864f-9bdeb7ff83fd,2026-08-30 22:12:05,2026-08-30,3b43ff0a-b0ae-4df8-a9d2-f19cada64cd5,COLLECTIBLE_TYPE,625,Cheshire Cat,ULTRA_RARE,39.99,0xdde0f52ffa9e87e12a65d1978b883f8b13c33f6d,0xd19b8b0bb9dcc1fa6c8d732c0882070855a7bed6,,
8cad002e-763e-4ab7-ad4d-79a5b5bdfa79,2026-08-30 22:11:31,2026-08-30,d4788b46-09e9-4528-bfd0-39a1a9ca087e,COLLECTIBLE_TYPE,143,Cube,SECRET_RARE,13.75,0xf7ebc4b578fbb7901f555294e6febc983c8bce6c,0xe4dc7d7f3eb2e78a11f1738bdd3220a6de8adcef,,
b3c215f5-472f-49db-a30c-cca7da1a5834,2026-08-30 22:10:59,2026-08-30,40508e10-a41c-4f7d-8687-7c34c68ddc10,COMIC_COVER,859,The Amazing Spider-Man,UNCOMMON,24.00,0xf261030b8d23d33eaec9dedc89353cc2f218369d,0x69b7efb8bcd9b29a46f668eace744f60cd440f01,,
b61190d8-7582-4df3-a5e2-89128b2362d2,2026-08-30 22:07:30,2026-08-30,069acda0-d0af-47fe-b9b8-258498de1e95,COLLECTIBLE_TYPE,603,Star Wars: Episode V The Empire Strikes Back - Master Yoda,UNCOMMON,17.00,0x69b7efb8bcd9b29a46f668eace744f60cd440f01,0xca165a7850addef5be8380f533e9d692978be0cf,,
6f2a85c8-735d-4ebf-a8ad-2bf82f40aa7d,2026-08-30 22:06:05,2026-08-30,2641f79e-8ce8-4b3f-9806-de801d475c14,COMIC_COVER,1279,Captain America,COMMON,58.00,0x0f371896566a7824554ab94c7c56ba9d784700fc,0x47ad9f0d3b51d31135bdae1ef30d6709cf4c89b3,,BigOz
9d901dff-7257-49ee-b787-b7232356ac6c,2026-08-30 22:05:27,2026-08-30,0459f991-814c-4e82-9d42-2210578b1de1,COLLECTIBLE_TYPE,8795,Queen of Hearts: Not Impressed,UNCOMMON,2.10,0xaa7cc75deb8e77e9e2ebbd985e4112e200eca7e8,0x39c165d93da289f818d1773e27595b58870f6a77,,
b9490f72-845d-4424-bbb8-0558044fb10e,2026-08-30 22:01:41,2026-08-30,02ab1567-e3b7-4862-bd09-4115bcfed9fc,COLLECTIBLE_TYPE,495,Max,UNCOMMON,9.49,0x11e4731a41f20e328d69d714b7d2a5fc5ebdef8a,0x633c7d08a1d14098874418af5bb5b656af302610,,
45f1c2a5-499f-425d-9f9c-60c5032178fb,2026-08-30 22:01:12,2026-08-30,04c1b81f-a6c9-4c57-be41-5f25001cfe44,COLLECTIBLE_TYPE,271,Epiko Logo - Original,UNCOMMON,6.99,0x53587fee806e81da0e94057c08deff97ae138f9b,0x633c7d08a1d14098874418af5bb5b656af302610,,
35b21a0b-37fe-4b4b-a4e4-1ca65570f963,2026-08-30 22:00:38,2026-08-30,7a94e5de-0de3-492f-a00e-af761e3323e3,COLLECTIBLE_TYPE,625,Mr. Epiko,UNCOMMON,4.20,0xd7b836470fe510048ed7c698f46ff3f0f5fd87c2,0x633c7d08a1d14098874418af5bb5b656af302610,,
c44eb6e4-646c-40a3-aba6-d11d6921c384,2026-08-30 22:00:10,2026-08-30,90dc4c4d-7177-4fde-9bae-a42dc5ff7e5c,COLLECTIBLE_TYPE,266,Foster,UNCOMMON,6.00,0x09376bd58540ea19551160db666022a7333e55c9,0x633c7d08a1d14098874418af5bb5b656af302610,,
0bbf58f2-4ab4-440d-b8f5-ec8d39a14fe9,2026-08-30 21:59:51,2026-08-30,ec00071b-05f6-4fbd-9b35-cbcbfb88c996,COLLECTIBLE_TYPE,598,Mr. V,UNCOMMON,4.00,0x40ee1a2354242e5706ab98908175078baf2ba108,0x633c7d08a1d14098874418af5bb5b656af302610,,
ec552816-8c2c-4e73-a5ab-3aff92d73af3,2026-08-30 21:59:19,2026-08-30,0b5e951b-09bd-4b29-9db9-d7ca4814d92c,COLLECTIBLE_TYPE,306,Janie,UNCOMMON,7.99,0x8c083e280d2c35789733a3c63d3ad5cdf61a9e5e,0x633c7d08a1d14098874418af5bb5b656af302610,,
0d48ca39-9af2-480f-9221-298f9b420d74,2026-08-30 21:56:31,2026-08-30,90cd8e7b-5195-4f5b-a5be-bc41d9e338fa,COMIC_COVER,3034,Amazing Fantasy,COMMON,350.00,0x54149535b8891f7f9052559e21cf313df59edcd9,0x47ad9f0d3b51d31135bdae1ef30d6709cf4c89b3,,BigOz
4f930d0b-c4f0-4de6-a4c3-7b86406a034c,2026-08-30 21:54:39,2026-08-30,ec00071b-05f6-4fbd-9b35-cbcbfb88c996,COLLECTIBLE_TYPE,598,Mr. V,UNCOMMON,4.00,0x25461a60406f0a12d9f082a5fadb20e21b79c377,0x40ee1a2354242e5706ab98908175078baf2ba108,,
4e849276-647f-4e47-9b6b-435a08dd00c9,2026-08-30 21:50:59,2026-08-30,373c4df1-35cf-4ff3-9da7-76686bbcec40,COLLECTIBLE_TYPE,787,The Queen: Want a Bite?,RARE,4.50,0xab5066b45f3b731f4b0069e67ea886d1dad865b1,0xd19b8b0bb9dcc1fa6c8d732c0882070855a7bed6,,
06c55fb7-e8ce-43f4-9117-90b2825b9b54,2026-08-30 21:48:14,2026-08-30,04c1b81f-a6c9-4c57-be41-5f25001cfe44,COLLECTIBLE_TYPE,189,Epiko Logo - Original,UNCOMMON,6.99,0xd7b836470fe510048ed7c698f46ff3f0f5fd87c2,0x97bd065e9bada2a82ba8a9cfa0ae8ce3a81075cb,,
c3004098-16a6-4598-9a0a-5d472c92ce03,2026-08-30 21:47:55,2026-08-30,90dc4c4d-7177-4fde-9bae-a42dc5ff7e5c,COLLECTIBLE_TYPE,489,Foster,UNCOMMON,6.00,0xd7b836470fe510048ed7c698f46ff3f0f5fd87c2,0x97bd065e9bada2a82ba8a9cfa0ae8ce3a81075cb,,
dc3dc3d2-9684-4db1-b8d8-4aab8b3234ab,2026-08-30 21:47:38,2026-08-30,02a94a9e-a3da-49d4-b211-997b0ad60dcb,COLLECTIBLE_TYPE,764,Jiangshi Mon,UNCOMMON,8.00,0xdc5334963cb0811c26c15e76d34fe192f3082712,0xd6443925c90f705b32e6e31f6b1628ae44966407,,
e85bbbde-e0dd-4f91-bf4a-30566763c171,2026-08-30 21:47:31,2026-08-30,01bd4803-ce5d-45ed-9cfa-1d225aa8450a,COMIC_COVER,389,Saga of the Sub-Mariner,COMMON,1.49,0xd34ab5a9f8d64f7d183738ca3eaa00528ff234f9,0xc9e0fd83319d88cfd6d31261342e79d35d1cb511,,AnthonyCooper
00829d09-ee91-449b-bafa-dd9f72db5957,2026-08-30 21:47:30,2026-08-30,02ab1567-e3b7-4862-bd09-4115bcfed9fc,COLLECTIBLE_TYPE,530,Max,UNCOMMON,9.49,0xa959e0bdfe0e86ce883db07b9beb4d5a39b62993,0x97bd065e9bada2a82ba8a9cfa0ae8ce3a81075cb,,
bde6e4ed-b143-4c28-83fd-d7d8aa307508,2026-08-30 21:47:12,2026-08-30,0b5e951b-09bd-4b29-9db9-d7ca4814d92c,COLLECTIBLE_TYPE,531,Janie,UNCOMMON,7.99,0xd7b836470fe510048ed7c698f46ff3f0f5fd87c2,0x97bd065e9bada2a82ba8a9cfa0ae8ce3a81075cb,,
0ebf671a-0115-4670-83e0-a93a7116b911,2026-08-30 21:40:55,2026-08-30,c0f44c40-e530-4c70-b296-9e874f529a1b,COMIC_COVER,5353,Werewolf by Night,COMMON,2.00,0x0b47cdaa4945e889fd42389fa40c25720481f0ac,0x7b1057359efbaaf464c3b1f8b0bd43787d63bb92,Preda,
cbc4d0dc-1dcb-4cb3-9fce-708ed672df5a,2026-08-30 21:40:31,2026-08-30,04c1b81f-a6c9-4c57-be41-5f25001cfe44,COLLECTIBLE_TYPE,729,Epiko Logo - Original,UNCOMMON,6.99,0xe6e9d9c77c0bc351a53086a568cd9d9663fe1a9a,0xc17413a468119daf012bc7a534716a8d5002120f,,
684bdf99-1562-47dd-819d-143d327c447f,2026-08-30 21:40:30,2026-08-30,0bfb1239-b03a-4084-bafe-770796eece82,COLLECTIBLE_TYPE,333,Wolverine - Blue and Yellow suit,RARE,59.00,0x47ad9f0d3b51d31135bdae1ef30d6709cf4c89b3,0xf437e7db920f9cad9a93528ab2f00c275f966b9f,BigOz,
5476d6be-66b9-41bf-9fb0-7cca909e3ebe,2026-08-30 21:18:20,2026-08-30,62e14b15-e06b-4c3c-bdc1-0bdc18fc9b7a,COMIC_COVER,545,The X-Men,COMMON,7.00,0x0cea3b049375a3b5c96f73504d8cefc56a6c8888,0xc9e0fd83319d88cfd6d31261342e79d35d1cb511,,AnthonyCooper
d6e8f9c8-9d55-4113-aae1-3d521f70c537,2026-08-30 21:18:17,2026-08-30,62e14b15-e06b-4c3c-bdc1-0bdc18fc9b7a,COMIC_COVER,975,The X-Men,COMMON,7.00,0x37fc7122a563f6087ac5764ceeab15534c655d50,0xc9e0fd83319d88cfd6d31261342e79d35d1cb511,,AnthonyCooper
293e5ead-3b5e-4ef3-8b43-88d4ff694b9d,2026-08-30 21:18:13,2026-08-30,62e14b15-e06b-4c3c-bdc1-0bdc18fc9b7a,COMIC_COVER,819,The X-Men,COMMON,7.00,0xf7ebc4b578fbb7901f555294e6febc983c8bce6c,0xc9e0fd83319d88cfd6d31261342e79d35d1cb511,,AnthonyCooper
be5717c6-8f33-47ea-8a57-549828feb4f4,2026-08-30 21:18:07,2026-08-30,62e14b15-e06b-4c3c-bdc1-0bdc18fc9b7a,COMIC_COVER,101,The X-Men,COMMON,7.00,0xab43c36e07de149d09eb22fc2fa2a5fc06815c50,0xc9e0fd83319d88cfd6d31261342e79d35d1cb511,,AnthonyCooper
99a3611c-1d49-4896-80dc-9a8ace2c66da,2026-08-30 21:12:10,2026-08-30,77fe6eff-5fb9-40d8-ac9c-42e23eb64863,COLLECTIBLE_TYPE,1099,Jawa 01,RARE,3.98,0x71c72a3dd6e632d0aff4732832164acedc7edaa4,0x723fbbd55073922bb551100d40fe665ee0fac43f,,
9bc9d349-0313-46d1-8b94-06adc76b2648,2026-08-30 21:11:39,2026-08-30,7051dd0b-67f0-4ffe-a81b-6a397a7a496c,COLLECTIBLE_TYPE,1734,T-47 Airspeeder - Red,COMMON,5.30,0xbf0e7fe9a88a9cbfdb99d0a633a5404314053a68,0x723fbbd55073922bb551100d40fe665ee0fac43f,,
48c91d4d-8c3c-434f-a094-79c5a0556f54,2026-08-30 21:02:31,2026-08-30,399cf35d-73a6-4156-b17c-6ca2adea7e04,COLLECTIBLE_TYPE,4772,Sersi,COMMON,1.75,0x71c72a3dd6e632d0aff4732832164acedc7edaa4,0x838e3367c61d45f7a467f685a7b26631286768b1,,
54c68e71-3502-41fc-aa1b-3f1072aba289,2026-08-30 20:59:00,2026-08-30,7a94e5de-0de3-492f-a00e-af761e3323e3,COLLECTIBLE_TYPE,113,Mr. Epiko,UNCOMMON,4.20,0xd7b836470fe510048ed7c698f46ff3f0f5fd87c2,0x2e9c44395991c7d405b3c6a23cce464250becc47,,gurifying
905f5029-81f1-4c38-b0e7-f1865e167339,2026-08-30 20:57:52,2026-08-30,01bd4803-ce5d-45ed-9cfa-1d225aa8450a,COMIC_COVER,375,Saga of the Sub-Mariner,COMMON,1.49,0xc6730f46c02113ceb47ebd590544b9f7eba39f00,0x1414dc57ef8d6073f4d1bb61ff8e59fc7a2ab09a,,
cc97402a-42a1-4c9f-97f8-39dc841fa35b,2026-08-30 20:56:28,2026-08-30,02ab1567-e3b7-4862-bd09-4115bcfed9fc,COLLECTIBLE_TYPE,142,Max,UNCOMMON,9.49,0xd7b836470fe510048ed7c698f46ff3f0f5fd87c2,0x2e9c44395991c7d405b3c6a23cce464250becc47,,gurifying
630eee65-67da-485c-8298-0637dfc6776d,2026-08-30 20:54:30,2026-08-30,f2ba3cb4-e1e6-41c0-a18c-28524b52f299,COLLECTIBLE_TYPE,3703,Doctor Doom,ULTRA_RARE,90.00,0xdafbc5ea5117b7c00d209b0a8783c56f5a3abe49,0x49f1fd9d67900971f82075c3896ee26954615758,thesnackman,
76d5ef33-b360-467c-bad7-f55550d97129,2026-08-30 20:51:02,2026-08-30,02ab1567-e3b7-4862-bd09-4115bcfed9fc,COLLECTIBLE_TYPE,264,Max,UNCOMMON,9.49,0xd7b836470fe510048ed7c698f46ff3f0f5fd87c2,0x18bded6cfd96bd949140153142e26ee5c8cbac47,,Chavycat5
63e6c852-541b-408e-bef4-a0644feb28ac,2026-08-30 20:50:48,2026-08-30,0b5e951b-09bd-4b29-9db9-d7ca4814d92c,COLLECTIBLE_TYPE,656,Janie,UNCOMMON,7.99,0x21a16299af33e17a680a9431a705af6942245c05,0x18bded6cfd96bd949140153142e26ee5c8cbac47,,Chavycat5
a49d4f61-fecc-44f3-9c71-7d8eaa16eab4,2026-08-30 20:50:44,2026-08-30,16e0d43f-4821-4e27-b2d6-09e48466ab3e,COLLECTIBLE_TYPE,1051,WHAM!,UNCOMMON,1.05,0xa100ecdcf4757421fa2ec31f98c573c02508aed7,0x51266f8af0b734b8fa5861f7871fd9924c49b6ae,,
d0e86a28-2b98-4aa5-8ce0-8e8a393af462,2026-08-30 20:50:43,2026-08-30,7a94e5de-0de3-492f-a00e-af761e3323e3,COLLECTIBLE_TYPE,518,Mr. Epiko,UNCOMMON,4.20,0xd7b836470fe510048ed7c698f46ff3f0f5fd87c2,0xe35e316b5c8fa9de3f93efa8bf93bc26f182e1b0,,
5f21d712-49b9-4878-b098-cde9d3845f4a,2026-08-30 20:50:38,2026-08-30,16e0d43f-4821-4e27-b2d6-09e48466ab3e,COLLECTIBLE_TYPE,1836,WHAM!,UNCOMMON,1.05,0xa100ecdcf4757421fa2ec31f98c573c02508aed7,0x51266f8af0b734b8fa5861f7871fd9924c49b6ae,,
55d8dab9-0948-461f-a2e0-3348cde00ad1,2026-08-30 20:50:04,2026-08-30,ec00071b-05f6-4fbd-9b35-cbcbfb88c996,COLLECTIBLE_TYPE,709,Mr. V,UNCOMMON,4.00,0xc6730f46c02113ceb47ebd590544b9f7eba39f00,0xe35e316b5c8fa9de3f93efa8bf93bc26f182e1b0,,
92b8ff7f-75d3-4d4c-859f-2d399242766c,2026-08-30 20:49:43,2026-08-30,0b5e951b-09bd-4b29-9db9-d7ca4814d92c,COLLECTIBLE_TYPE,310,Janie,UNCOMMON,7.99,0x21a16299af33e17a680a9431a705af6942245c05,0xe35e316b5c8fa9de3f93efa8bf93bc26f182e1b0,,
167937fb-1629-4447-9e93-ec3318698905,2026-08-30 20:49:39,2026-08-30,02ab1567-e3b7-4862-bd09-4115bcfed9fc,COLLECTIBLE_TYPE,775,Max,UNCOMMON,9.49,0x21a16299af33e17a680a9431a705af6942245c05,0xe35e316b5c8fa9de3f93efa8bf93bc26f182e1b0,,
5a4ec4d1-5a69-4637-a0d6-e5aad71f1abe,2026-08-30 20:49:30,2026-08-30,2641f79e-8ce8-4b3f-9806-de801d475c14,COMIC_COVER,1249,Captain America,COMMON,58.00,0xed910451ab9431179dd2689a3b81ee4b8e8aff1c,0x71c72a3dd6e632d0aff4732832164acedc7edaa4,,
fc4500b8-93c2-40ec-90b4-aee2c2a0df7a,2026-08-30 20:41:59,2026-08-30,90b09859-6fa5-4fbf-beb9-cd8b19187dad,COLLECTIBLE_TYPE,404,E-Rank Essence Stone,COMMON,1.00,0x7bf630546baca53b482d8a49bf04199dc55a399b,0xe37e59bbf5b436a019501a5acb17b0f01081cd2c,,KcBmw
15e91638-d477-4422-bfa5-d1c900489489,2026-08-30 20:39:36,2026-08-30,0b5e951b-09bd-4b29-9db9-d7ca4814d92c,COLLECTIBLE_TYPE,777,Janie,UNCOMMON,7.99,0x054dc47a500ea8986e73c98b189a94cbb8376bbb,0x89846ea529742a80b40c2b474dfe956b9f6f1e0f,Pooski,
5f4e8b15-03e2-44d6-a4fe-8608b283447d,2026-08-30 20:32:54,2026-08-30,05df9412-ca87-4492-8454-81f73a88c171,COLLECTIBLE_TYPE,1731,MOTOMICHI - Eyes,SECRET_RARE,15.99,0xaa8d060555697549431218fb06b04037b7162343,0xadd3427724e34563d24e4a43f28fa1697a8e1b53,,
4974d4b6-ba2c-4955-aa88-a2a9cae6faab,2026-08-30 20:32:47,2026-08-30,05df9412-ca87-4492-8454-81f73a88c171,COLLECTIBLE_TYPE,3963,MOTOMICHI - Eyes,SECRET_RARE,15.99,0x11e4731a41f20e328d69d714b7d2a5fc5ebdef8a,0xadd3427724e34563d24e4a43f28fa1697a8e1b53,,
36e2f0eb-cbd7-418f-b9fa-a883f120ddec,2026-08-30 20:32:43,2026-08-30,72ec80b5-11e5-4082-be8d-dd662e1ba756,COLLECTIBLE_TYPE,1278,Moisture Vaporator,COMMON,9.00,0x1414dc57ef8d6073f4d1bb61ff8e59fc7a2ab09a,0x633c7d08a1d14098874418af5bb5b656af302610,,
75173a49-e860-4461-9aae-602995df1330,2026-08-30 20:32:37,2026-08-30,05df9412-ca87-4492-8454-81f73a88c171,COLLECTIBLE_TYPE,3006,MOTOMICHI - Eyes,SECRET_RARE,15.99,0x7fe04c9f42e06bc90eb2d9d8b7e691dd9bbf8b95,0xadd3427724e34563d24e4a43f28fa1697a8e1b53,,
55b7fd0b-d920-43d2-a3c7-6f9f73987e85,2026-08-30 20:32:21,2026-08-30,05df9412-ca87-4492-8454-81f73a88c171,COLLECTIBLE_TYPE,4384,MOTOMICHI - Eyes,SECRET_RARE,15.99,0x13fc92a6b9a6f0b492b2882e0015c706b454edda,0xadd3427724e34563d24e4a43f28fa1697a8e1b53,,
5a328d48-0b02-43de-adaa-eef2a863b0c4,2026-08-30 20:32:14,2026-08-30,05df9412-ca87-4492-8454-81f73a88c171,COLLECTIBLE_TYPE,2291,MOTOMICHI - Eyes,SECRET_RARE,15.99,0xbb5903b0082830c3e78e912a908efbc21d02d2d0,0xadd3427724e34563d24e4a43f28fa1697a8e1b53,Dekri,
335135d4-e4df-4284-acaf-e9c1717658c4,2026-08-30 20:28:45,2026-08-30,796348ff-b081-4473-b255-acf577417d96,COLLECTIBLE_TYPE,1827,Thor,COMMON,4.00,0x23894e9606d25aafee326b49bfb99818620ded83,0x838e3367c61d45f7a467f685a7b26631286768b1,,
500c2156-ad04-42d8-b526-798634d3cc75,2026-08-30 20:27:01,2026-08-30,02ab1567-e3b7-4862-bd09-4115bcfed9fc,COLLECTIBLE_TYPE,82,Max,UNCOMMON,9.49,0x40ee1a2354242e5706ab98908175078baf2ba108,0x89846ea529742a80b40c2b474dfe956b9f6f1e0f,,
b342364c-7f88-43ea-bc3f-ecd74fc030fa,2026-08-30 20:25:18,2026-08-30,0b5e951b-09bd-4b29-9db9-d7ca4814d92c,COLLECTIBLE_TYPE,589,Janie,UNCOMMON,7.99,0x7609ebd59003ccace8669d2c2d7d41ed71895262,0x2e9c44395991c7d405b3c6a23cce464250becc47,tombo83,gurifying
2023c980-ec39-41e4-aada-42dd2069a331,2026-08-30 20:24:44,2026-08-30,0c6af189-3d90-4fdd-b28b-a60c8d42ec7b,COLLECTIBLE_TYPE,2628,Rushing Toby,COMMON,3.40,0x71c72a3dd6e632d0aff4732832164acedc7edaa4,0xf6ca21ccc4d688ad626654d053acc1f37fdc0546,,
f94ad3d8-5d37-452f-b95f-cf3efc26e9ad,2026-08-30 20:24:21,2026-08-30,90dc4c4d-7177-4fde-9bae-a42dc5ff7e5c,COLLECTIBLE_TYPE,53,Foster,UNCOMMON,6.00,0xd7b836470fe510048ed7c698f46ff3f0f5fd87c2,0x89846ea529742a80b40c2b474dfe956b9f6f1e0f,,
65bfd350-843a-4820-a077-82c6bc164635,2026-08-30 20:23:46,2026-08-30,22bf0636-cdd4-4b6a-8072-54fd92ea07e8,COLLECTIBLE_TYPE,69,Mandalore,UNCOMMON,25.00,0xbc305536be548024fd5b8a31cfeb1a99dd01cad4,0x2424b08390020737ac0007cc02dd98a44329c4bb,,
ef352ab6-74e4-496f-bbdd-56e46e7db689,2026-08-30 20:23:33,2026-08-30,2d319882-cb74-4383-8d91-31ff8fca91c4,COLLECTIBLE_TYPE,1380,Avengers Logo,RARE,55.00,0x2bf96b226bb98dbed4646e703155d6b62a3c5d1d,0xce4155f0e387d2a457991f365c415e12c50972ee,,
4871f535-9062-4c83-976d-79988f584224,2026-08-30 20:21:03,2026-08-30,78ac308e-651b-45c3-ada3-9258f6f695d4,COMIC_COVER,904,Archie x Army of Darkness,COMMON,11.00,0x633c7d08a1d14098874418af5bb5b656af302610,0xf261030b8d23d33eaec9dedc89353cc2f218369d,,
3edcd752-55e7-45db-ae82-41af8776317a,2026-08-30 20:07:54,2026-08-30,90dc4c4d-7177-4fde-9bae-a42dc5ff7e5c,COLLECTIBLE_TYPE,459,Foster,UNCOMMON,6.00,0xbb5903b0082830c3e78e912a908efbc21d02d2d0,0x23ab44ca076c930f455c6c58c11fd248b30adbb6,Dekri,
f3c270c4-9bcf-46e3-aa4a-625969a24cb3,2026-08-30 20:01:58,2026-08-30,92635283-99b4-4597-ba69-01e39ccba334,COLLECTIBLE_TYPE,1493,Master Splinter - Father Figure,COMMON,4.10,0x88e8fe8c552a59be0a9c21b74a41fd5fbcbf2dee,0x25bf0b4004110a751d00ac35fbfe5fbf6c4ae96b,Aroostic,
f5316c6b-ab89-4bb2-8202-64775380a2bb,2026-08-30 19:59:39,2026-08-30,ba2e8d06-c0f8-40dd-ba0d-594001238a1a,COLLECTIBLE_TYPE,841,Graffi ver. Black,UNCOMMON,2.00,0xf6ca21ccc4d688ad626654d053acc1f37fdc0546,0x25bf0b4004110a751d00ac35fbfe5fbf6c4ae96b,,
e7b5329d-87dd-46cc-9f9f-72d9f94ffddb,2026-08-30 19:58:42,2026-08-30,e955dcc5-43e2-4cdd-a978-c8b66ddd6c96,COLLECTIBLE_TYPE,555,Miura - Arancio Miura,UNCOMMON,29.00,0x229d5a5db58654d41dc8276bcac2975aaa45e1ea,0xded4ea6128d513edbaba5c012b8bb06fc415286f,,
69f04640-db8d-4afa-b0a5-85766edf9a38,2026-08-30 19:57:41,2026-08-30,801b22ec-8efa-4108-a191-e781bf28789b,COMIC_COVER,996,The Avengers,COMMON,18.00,0xa6d9a26a4bb2cf1cdfa4cdac75738142d047b33f,0xae821c72614aa4fdf6ae1f0ac0aba06fb7b22e71,,
86842aae-b3d7-4539-aedc-ca76b9cd53b2,2026-08-30 19:56:05,2026-08-30,2862ba93-6f99-4ede-85c4-40a673530753,COLLECTIBLE_TYPE,1858,Holiday Elves - Elf with Model Car,ULTRA_RARE,3.20,0x045ab1b962e5c37d8ade5920eba35d09c825bdea,0x34337573802267d1ddf7a3105c380c42476f193c,,
e2b82f98-7c3e-4be1-bd0f-34815b8b7180,2026-08-30 19:55:52,2026-08-30,fe41c4ee-59ac-421f-8919-4e119eb29825,COLLECTIBLE_TYPE,1194,Holiday Elves - Elf with Model Rocket,ULTRA_RARE,2.23,0x6eec7f98ea69232c75f460c07e0a640665d844f3,0x34337573802267d1ddf7a3105c380c42476f193c,,
b37a6e66-70a7-40e5-8025-6bad0d40e8ca,2026-08-30 19:55:27,2026-08-30,9e0ec309-fc0b-4286-b116-a607ee2e7cc3,COLLECTIBLE_TYPE,903,Holiday Elves - Block of Four,SECRET_RARE,13.99,0x0dcf3bfd2e37853218f0d2e125e8f8311cc081b4,0x34337573802267d1ddf7a3105c380c42476f193c,GG282,
4ee08401-4249-4fc4-acc4-e54e45662767,2026-08-30 19:54:04,2026-08-30,dc1a93ca-1bd8-4465-bd88-d14066e78867,COLLECTIBLE_TYPE,1851,Holiday Elves - Elf with Teddy Bear,RARE,1.08,0x3e03d27a1bdea71002280b8677cb3bc7b3618413,0x34337573802267d1ddf7a3105c380c42476f193c,,
a8e2bf3b-6bc8-471a-98c1-761af04c62bc,2026-08-30 19:53:29,2026-08-30,6b2703b5-0e05-4f2c-8ac7-14a8b1cae24c,COLLECTIBLE_TYPE,2266,Holiday Elves - Elf with Package,RARE,1.10,0xf0ef7b4a3e74c416c55823edb181c5e39fd43be1,0x34337573802267d1ddf7a3105c380c42476f193c,,
ff991a05-e367-4afa-a14f-f4e3d7482a02,2026-08-30 19:51:20,2026-08-30,2ab60547-aaf6-4120-828d-cc6372ac3335,COLLECTIBLE_TYPE,993,Sewer Manhole - Silver,COMMON,1.90,0x4b0c67b4b9f611394f748944f672a328dcf1ab84,0x25bf0b4004110a751d00ac35fbfe5fbf6c4ae96b,,
d9838adf-42f5-4130-bd33-94dbc2aee30d,2026-08-30 19:51:04,2026-08-30,02ab1567-e3b7-4862-bd09-4115bcfed9fc,COLLECTIBLE_TYPE,82,Max,UNCOMMON,9.49,0xd7b836470fe510048ed7c698f46ff3f0f5fd87c2,0x40ee1a2354242e5706ab98908175078baf2ba108,,
ed29bf6b-ed8a-46f9-9ac8-db46de32fb33,2026-08-30 19:50:55,2026-08-30,76ad35ee-43da-47ed-bdf6-e09eba102017,COLLECTIBLE_TYPE,469,Storybook Land Canal Boats,SECRET_RARE,390.56,0x904bf3b41999405bcc01d5950b3e16d8d306e1a0,0xd19b8b0bb9dcc1fa6c8d732c0882070855a7bed6,GypsyDawg,
6ab72860-7ca1-4d07-85dd-2c4b6f76fa50,2026-08-30 19:49:42,2026-08-30,fa3eaa0a-393e-4c2b-a0c2-3aa8ee03e4f0,COMIC_COVER,658,Black Panther,COMMON,7.77,0xa0b5b03aa2ea581f612a39496161970f7cfcc09e,0xae821c72614aa4fdf6ae1f0ac0aba06fb7b22e71,,
e444f54f-2127-4635-8337-4876c48e7563,2026-08-30 19:48:03,2026-08-30,6034d020-5c76-46b5-aa1e-56011181936e,COLLECTIBLE_TYPE,825,Graffi ver. Red,COMMON,1.23,0x195bcdf70b3e20b4c24777acc77b19a42307ce1d,0x25bf0b4004110a751d00ac35fbfe5fbf6c4ae96b,,
720c1409-6361-4ab3-9d75-576d300c3d3c,2026-08-30 19:47:49,2026-08-30,ec00071b-05f6-4fbd-9b35-cbcbfb88c996,COLLECTIBLE_TYPE,560,Mr. V,UNCOMMON,4.00,0xd7b836470fe510048ed7c698f46ff3f0f5fd87c2,0xe254325e0ee51d6db615bab0a82f3c6846b069f8,,
5a191813-8c93-4e25-88aa-86251f5a63ce,2026-08-30 19:45:45,2026-08-30,1e686588-d7fe-40bc-81be-15d2ca5be3fb,COLLECTIBLE_TYPE,339,Mysterio,RARE,7.98,0xa27826d1da4fdf2e36acf424bc0d833dfad84256,0x9bc24e343ebb6826b4d9e2603ecb53a95ae0f73a,,
936cdb81-4d24-468e-9be5-0ac9c17634fd,2026-08-30 19:45:25,2026-08-30,04c1b81f-a6c9-4c57-be41-5f25001cfe44,COLLECTIBLE_TYPE,530,Epiko Logo - Original,UNCOMMON,6.99,0xd7b836470fe510048ed7c698f46ff3f0f5fd87c2,0xe254325e0ee51d6db615bab0a82f3c6846b069f8,,
abe0b2fd-efa6-4d8a-a7da-81840e8dbf5d,2026-08-30 19:45:21,2026-08-30,4dc2db11-350d-4c3b-82c9-84fbcaa9d138,COLLECTIBLE_TYPE,2277,Timon and Pumbaa,COMMON,14.00,0xc7103023fc48f3c7c8f0b5f652c499aa77f35a9d,0x9bc24e343ebb6826b4d9e2603ecb53a95ae0f73a,,
ad580dc4-8463-417d-b4d0-a7a7f36425a6,2026-08-30 19:42:33,2026-08-30,90dc4c4d-7177-4fde-9bae-a42dc5ff7e5c,COLLECTIBLE_TYPE,219,Foster,UNCOMMON,6.00,0xd7b836470fe510048ed7c698f46ff3f0f5fd87c2,0xe254325e0ee51d6db615bab0a82f3c6846b069f8,,
1b317328-bfb7-43b2-9828-35c5b0281c79,2026-08-30 19:41:44,2026-08-30,410033bd-23c3-48c2-9bfd-f1be545a8802,COMIC_COVER,4569,Fantastic Four,COMMON,1.70,0x7e83c3cb90d4e7cde15a168206907306eeed77ad,0xae821c72614aa4fdf6ae1f0ac0aba06fb7b22e71,,
6b6f720f-ed59-4d02-afab-fdee4d506a3b,2026-08-30 19:41:20,2026-08-30,6aa7e21f-2901-4dbb-b36c-1e25711642ee,COLLECTIBLE_TYPE,691,Red Wagon Inn,SECRET_RARE,17.00,0xf90b0db58b594c2d08abcacabc759fa85bbb49de,0xd19b8b0bb9dcc1fa6c8d732c0882070855a7bed6,,
4f059930-1874-486a-b670-fbe8b86d7b80,2026-08-30 19:41:15,2026-08-30,7a94e5de-0de3-492f-a00e-af761e3323e3,COLLECTIBLE_TYPE,306,Mr. Epiko,UNCOMMON,4.20,0xd7b836470fe510048ed7c698f46ff3f0f5fd87c2,0xe254325e0ee51d6db615bab0a82f3c6846b069f8,,
c928fa20-6500-4256-bac9-d2dc65016ff9,2026-08-30 19:40:49,2026-08-30,85508c63-0008-4c91-beda-09b0525f8e80,COMIC_COVER,1746,Black Panther,COMMON,2.46,0x2a023e90362787449c85607d785d0cefbe4d0386,0xae821c72614aa4fdf6ae1f0ac0aba06fb7b22e71,,
35ad7d48-f523-4bd6-9cf2-a56d44bcebe4,2026-08-30 19:38:29,2026-08-30,c00630d3-6aaa-412a-a9d3-ffe68fceba5a,COLLECTIBLE_TYPE,2348,Donatello - Classic,COMMON,7.77,0x229d5a5db58654d41dc8276bcac2975aaa45e1ea,0xacc473da061f59c48ca75d5d0502513bc7caa85a,,
5f074487-b2c3-4c1d-a379-b44e4f427ced,2026-08-30 19:38:18,2026-08-30,084a8a55-bdd4-4fc9-8242-8e1adc5f9947,COMIC_COVER,7822,Black Panther,COMMON,3.89,0x7e83c3cb90d4e7cde15a168206907306eeed77ad,0xae821c72614aa4fdf6ae1f0ac0aba06fb7b22e71,,
ace68e9a-d847-44ee-92b4-38d2292c9db0,2026-08-30 19:37:56,2026-08-30,f4ba3117-9a23-4ab7-b489-2908ccb176c6,COLLECTIBLE_TYPE,934,Sandman,UNCOMMON,6.80,0x5e9b2c472bd0d4e2763b0e30017a9ff30467e338,0x9bc24e343ebb6826b4d9e2603ecb53a95ae0f73a,,
b5801bef-43a1-48aa-8127-2858d6d5b529,2026-08-30 19:35:25,2026-08-30,26047d32-6fbd-46dc-a022-4ce443350193,COMIC_COVER,18775,Black Panther (1998),COMMON,1.70,0xec591e41810e803224b75dab52c28df2d2a7c74e,0xae821c72614aa4fdf6ae1f0ac0aba06fb7b22e71,,
a7b87397-bde0-4ad5-b417-7a7f2d173502,2026-08-30 19:32:47,2026-08-30,823669db-6bde-4c3d-8709-0469d7fe8da3,COLLECTIBLE_TYPE,301,Donatello - Dojo Discipline,RARE,40.00,0xc6730f46c02113ceb47ebd590544b9f7eba39f00,0x741a844ef54e7571da85fd9355cab541319f05fd,,
45eda4da-6079-4a22-928d-7478f1ec6946,2026-08-30 19:31:35,2026-08-30,05df9412-ca87-4492-8454-81f73a88c171,COLLECTIBLE_TYPE,448,MOTOMICHI - Eyes,SECRET_RARE,15.99,0xe3dfcb781d03e048559cd784c3b02fb6ac04992e,0xc118e10fe28653a3c027480aba69c4f3e64f61d7,g5551212,
2d98d75c-7fba-4231-9b1c-50039c03d523,2026-08-30 19:29:31,2026-08-30,983c4be0-5acb-468d-b834-3e2869618011,COLLECTIBLE_TYPE,121,Super,SECRET_RARE,19.00,0xb76d08c1b43bbf5bc61952f8e856f6245bc2a470,0xa0f7ae43fbc608663daf329cf10b9f24bee70493,,
6f3b9009-74d3-414e-81a2-047236b118e9,2026-08-30 19:23:11,2026-08-30,388e5613-b6a4-420a-8e47-73f444092a7c,COMIC_COVER,4932,Jungle Action,COMMON,1.29,0xf02239ae7687537672f20f7e77db57f2e76abe46,0xae821c72614aa4fdf6ae1f0ac0aba06fb7b22e71,,
159ae7fa-6d5d-48a5-8d3d-a4810473a87d,2026-08-30 19:19:19,2026-08-30,7010ff0b-16e0-4dc6-a2d7-f969e78c5176,COLLECTIBLE_TYPE,2096,Year of the Tiger,COMMON,1.09,0xe3dfcb781d03e048559cd784c3b02fb6ac04992e,0x34337573802267d1ddf7a3105c380c42476f193c,g5551212,
31442025-e01a-4dd3-9562-b87d821a2085,2026-08-30 19:19:00,2026-08-30,e64a8eab-3d0b-4ec5-b714-31451199a1e6,COLLECTIBLE_TYPE,8870,Year of the Ox,UNCOMMON,1.44,0x23894e9606d25aafee326b49bfb99818620ded83,0x34337573802267d1ddf7a3105c380c42476f193c,,
27227c12-04c4-40ac-a001-158afbf129a4,2026-08-30 19:16:25,2026-08-30,5a629d81-f499-4da6-bff6-419f1c27e921,COLLECTIBLE_TYPE,1895,Karina,RARE,3.99,0x795331a3e13107bbda1553b85d0bc65da12ffdb0,0xc1aeebf808172a471a3c9e5922b3a38f4ba3a97b,,
c7394817-efbf-4acc-97fa-186ed8c748a9,2026-08-30 19:14:37,2026-08-30,e4efce12-66ce-43f3-9507-6bf2545cf0a8,COLLECTIBLE_TYPE,1818,Year of the Rat,RARE,6.99,0x47ad9f0d3b51d31135bdae1ef30d6709cf4c89b3,0x34337573802267d1ddf7a3105c380c42476f193c,BigOz,
7cfbb5a9-33c7-4b19-b2c9-f0d22005301e,2026-08-30 19:13:41,2026-08-30,eda67c9c-4bb1-4b8d-9d6c-d2ce337cf711,COLLECTIBLE_TYPE,35,Epiko Logo - Blue Metallic,SECRET_RARE,690.00,0xcc281b1f0db8e65e6ee24210eb8ea81d8ee9d29e,0x9f4caaec6a2e9f8409b704f3ef16f0d51e827cdf,,
939369cb-3eba-493d-92e1-f8cfc42e1878,2026-08-30 19:11:47,2026-08-30,f03984f1-f566-45e7-9ff4-aeedc23523bc,COLLECTIBLE_TYPE,234,David Yu,UNCOMMON,13.50,0xc3e469d118a8475564f69bbc0bbb7903566cd1a7,0x21188c1d9afb6cc5a0243f6f8dcd5d149e7672e9,,Sfriedl6969
19b33028-47cf-437d-9e16-ea488f0c717d,2026-08-30 19:09:32,2026-08-30,090312a1-34ec-434e-8d0e-c511509f09d3,COMIC_COVER,260,Spider-Gwen,COMMON,7.65,0x40ee1a2354242e5706ab98908175078baf2ba108,0xc1aeebf808172a471a3c9e5922b3a38f4ba3a97b,,
8718fcde-46b8-4efb-93ac-04840fa50b10,2026-08-30 19:09:08,2026-08-30,268094d3-23be-4dc3-9f23-8dd0c5e98c1b,COLLECTIBLE_TYPE,833,Corey,UNCOMMON,3.99,0xbb5903b0082830c3e78e912a908efbc21d02d2d0,0x2d2933beb21a100977804604194e2956983eb82c,Dekri,
4a37b43b-1f58-4b0a-9dd9-56bb2831491e,2026-08-30 19:08:21,2026-08-30,6f04f0ca-d6fa-4b8c-b5cf-34c96602c7e9,COLLECTIBLE_TYPE,630,VeveMagic,UNCOMMON,4.80,0x2e9c44395991c7d405b3c6a23cce464250becc47,0x2d2933beb21a100977804604194e2956983eb82c,gurifying,
8fa2a685-0133-4d2c-a86c-a1b168d56316,2026-08-30 19:08:17,2026-08-30,6f04f0ca-d6fa-4b8c-b5cf-34c96602c7e9,COLLECTIBLE_TYPE,149,VeveMagic,UNCOMMON,4.80,0x2e9c44395991c7d405b3c6a23cce464250becc47,0x2d2933beb21a100977804604194e2956983eb82c,gurifying,
b8e72ddd-a9ca-4d4c-9e74-c5249cf30631,2026-08-30 19:07:18,2026-08-30,3c89b9b1-b836-49c4-99f8-da6b7603e071,COLLECTIBLE_TYPE,479,Eagle Eyes,UNCOMMON,5.50,0x21188c1d9afb6cc5a0243f6f8dcd5d149e7672e9,0x2d2933beb21a100977804604194e2956983eb82c,Sfriedl6969,
c58c49ef-b1d5-41ea-8302-7c4c0e0be141,2026-08-30 19:05:40,2026-08-30,f03984f1-f566-45e7-9ff4-aeedc23523bc,COLLECTIBLE_TYPE,739,David Yu,UNCOMMON,13.50,0xc3e469d118a8475564f69bbc0bbb7903566cd1a7,0x2d2933beb21a100977804604194e2956983eb82c,,
bd5cd3c8-be04-4d72-bc10-8c3e5f73d43f,2026-08-30 19:04:59,2026-08-30,b10cb1f5-1eea-4a08-a929-db421e184ec2,COLLECTIBLE_TYPE,5560,Holiday Groot – Merry Groot-Mas,COMMON,2.00,0x7d434397ab38e99b6ab6d267e2ac2486c7ec49d7,0x34337573802267d1ddf7a3105c380c42476f193c,,
bb7deba2-8fc2-4a93-8e4f-d3c48d2233a5,2026-08-30 19:04:16,2026-08-30,4fa83d2a-09a2-47a9-a476-79ae00362be4,COLLECTIBLE_TYPE,174,Star Wars Episode IV: A New Hope - Luke and Vader,ULTRA_RARE,21.99,0xe9af94a60290305648c44369d95d752f96aab3b9,0xaa8d060555697549431218fb06b04037b7162343,,
7382abd6-4b74-42ff-b929-f43e403326b9,2026-08-30 19:02:04,2026-08-30,ec00071b-05f6-4fbd-9b35-cbcbfb88c996,COLLECTIBLE_TYPE,250,Mr. V,UNCOMMON,4.00,0xd7b836470fe510048ed7c698f46ff3f0f5fd87c2,0x21188c1d9afb6cc5a0243f6f8dcd5d149e7672e9,,Sfriedl6969
078557dc-8d00-445a-a90c-eb59cb7f2b90,2026-08-30 19:01:56,2026-08-30,90dc4c4d-7177-4fde-9bae-a42dc5ff7e5c,COLLECTIBLE_TYPE,688,Foster,UNCOMMON,6.00,0xd7b836470fe510048ed7c698f46ff3f0f5fd87c2,0x2d2933beb21a100977804604194e2956983eb82c,,
4f8becf8-ea73-48a9-96ff-f505d7d1574b,2026-08-30 19:00:20,2026-08-30,a135bb09-a1d3-405a-aaa4-9ad6b7073c18,COMIC_COVER,4458,Marvel Super Hero Secret Wars,COMMON,8.99,0xbd1058017321751de18a68c5275b5873a4adea88,0x3b15eb6acb664a04a0ccbd0246c6f12bad01f17c,,
c50a6ab3-b739-4796-94f2-4f92a0ddc09e,2026-08-30 18:58:46,2026-08-30,e5615970-0219-495f-b302-458da5f69ad4,COLLECTIBLE_TYPE,1066,TMNT - Born Below Silver Diorama,COMMON,19.91,0x5d58bb5d4cf58c85c84bb4ffc097642156a177d6,0xa51b6395015da50e5d249ac20d26e5dda68e5af8,,Namecoast
5078c16b-6350-4fc0-a2b0-b21bce909e64,2026-08-30 18:58:34,2026-08-30,e5615970-0219-495f-b302-458da5f69ad4,COLLECTIBLE_TYPE,1241,TMNT - Born Below Silver Diorama,COMMON,19.91,0x09376bd58540ea19551160db666022a7333e55c9,0xa51b6395015da50e5d249ac20d26e5dda68e5af8,,Namecoast
d08b14a7-122f-4285-a665-3daa932c6ed0,2026-08-30 18:56:37,2026-08-30,0ab36b42-c881-4c73-bbc2-fda5515240d1,COMIC_COVER,41027,The New Mutants,COMMON,2.20,0x03bb6abd9143981b5c81b3394c512f4f0a71bbe7,0x3b15eb6acb664a04a0ccbd0246c6f12bad01f17c,,
c195ee51-1033-4204-8bbe-1beb23ad89b0,2026-08-30 18:55:37,2026-08-30,d2530749-6ba2-4322-bda9-e5fe100e26b0,COMIC_COVER,6267,The Avengers,UNCOMMON,1.40,0x14086543599ad7cc0d7e940bfc8c0b706767d8d7,0x3b15eb6acb664a04a0ccbd0246c6f12bad01f17c,,
1487da5e-0595-4687-bf91-7da711410646,2026-08-30 18:54:21,2026-08-30,2c15071d-6402-4774-952d-f5673767060f,COMIC_COVER,9885,The Savage She-Hulk,COMMON,1.50,0x9cda3f28c6da5b68d6fe11c6ab464bbb2de0d305,0x3b15eb6acb664a04a0ccbd0246c6f12bad01f17c,,
7cd07b57-12f2-4ea4-9b51-2535acf1059a,2026-08-30 18:53:18,2026-08-30,26db050d-027e-4693-80f9-b3bb4319bbd9,COMIC_COVER,24598,The X-Men,COMMON,1.99,0x7e83c3cb90d4e7cde15a168206907306eeed77ad,0x3b15eb6acb664a04a0ccbd0246c6f12bad01f17c,,
90b4d191-6d3c-4adc-a4c4-a2303739a197,2026-08-30 18:51:18,2026-08-30,05c7d7bb-fcec-4d29-a10c-d705667f65f7,COMIC_COVER,10155,Ultimate Spider-Man,COMMON,2.95,0x7e83c3cb90d4e7cde15a168206907306eeed77ad,0xf1c15133d37341a6e906da5355fb0077bf388126,,Petrson
24ce5b1c-f6a6-4764-8b70-7b4db46d63f3,2026-08-30 18:50:01,2026-08-30,a5615edc-2c3d-4177-949c-9f46e728b982,COMIC_COVER,9657,Fantastic Four,RARE,9.99,0x93365222c1bbe3b5853c0ca6234f130899bc2760,0x3b15eb6acb664a04a0ccbd0246c6f12bad01f17c,,
dcc1de7b-35ba-471b-8398-06c60d25159b,2026-08-30 18:40:51,2026-08-30,2b73c05e-beab-46a8-a409-453b82e3df0e,COMIC_COVER,673,Miles Morales: Spider-Man,RARE,15.00,0x5c351ffda198aa91df287ad320c592222a9dc67c,0x3b15eb6acb664a04a0ccbd0246c6f12bad01f17c,,
6c114b58-e13f-4583-bac8-4c83c3c0d6f5,2026-08-30 18:24:39,2026-08-30,f4ba3117-9a23-4ab7-b489-2908ccb176c6,COLLECTIBLE_TYPE,862,Sandman,UNCOMMON,6.80,0xa100ecdcf4757421fa2ec31f98c573c02508aed7,0xf766f95fa592646f068a1821e5b6496efaf1a3bf,,
ea9f5fb7-6c9c-4bfd-a649-5ef997e75264,2026-08-30 18:21:15,2026-08-30,a67a94d7-5e87-4db5-9889-a4fa8ba0f515,COMIC_COVER,430,Avengers vs X-Men,COMMON,3.50,0xd1438261d3075aeea3928b539ff0d756f5a5ec95,0x49e1cf48d4341e0c6579fcfe2c14e2d587a61013,,
a860bdc7-470c-4442-8b39-b5e9ce3b17a0,2026-08-30 18:21:02,2026-08-30,02ab1567-e3b7-4862-bd09-4115bcfed9fc,COLLECTIBLE_TYPE,484,Max,UNCOMMON,9.49,0xae16400e6107df7171cf8767487ffebef0e59954,0x80ff676b080a91abae93ee2eea7a3e759b7102f1,,
36bc356e-ef3a-4bf6-b8e0-087e5b1178a7,2026-08-30 18:20:49,2026-08-30,0b5e951b-09bd-4b29-9db9-d7ca4814d92c,COLLECTIBLE_TYPE,747,Janie,UNCOMMON,7.99,0xe9a5b090648997f4fafff5f87f92ad35ccaad4b7,0x80ff676b080a91abae93ee2eea7a3e759b7102f1,,
bcae0cad-b586-4bee-b526-9e1281805fb7,2026-08-30 18:18:56,2026-08-30,81a71914-a1f3-4138-bfb5-bc41c020475f,COLLECTIBLE_TYPE,634,Shield Generator,UNCOMMON,1.90,0x5d58bb5d4cf58c85c84bb4ffc097642156a177d6,0xdc5334963cb0811c26c15e76d34fe192f3082712,,
ce51c21f-1c0b-45ad-a9bb-f80c25aa6951,2026-08-30 18:18:08,2026-08-30,92635283-99b4-4597-ba69-01e39ccba334,COLLECTIBLE_TYPE,799,Master Splinter - Father Figure,COMMON,4.10,0x343e3b991fce567c82b908463522332b9cc0f91a,0xdc5334963cb0811c26c15e76d34fe192f3082712,,
652b07eb-2f25-4edc-88b2-c8bc2fdc643b,2026-08-30 18:16:12,2026-08-30,11a4b422-c772-423e-b27e-ea6d55d131ae,COMIC_COVER,628,Daredevil,ULTRA_RARE,8.50,0x3ca9c8e7c8d6c71940c4478dbd48628e96424e52,0x90bd36018399e7aa9dfd7000b7c9e59ea37ff3bc,,
b6c389e3-d41e-4042-8ea5-05f18bbfbcf2,2026-08-30 18:13:30,2026-08-30,02ab1567-e3b7-4862-bd09-4115bcfed9fc,COLLECTIBLE_TYPE,724,Max,UNCOMMON,9.49,0x106692793dcde515f0af21b14c41e8c485098a72,0x8c829027a72503e506a3be86b3e7b480d61e30e1,stephenduarte,TheeBiggestBro
256fa058-27be-4422-9791-7e2dca4972d0,2026-08-30 17:59:53,2026-08-30,92aa9444-e4f7-4961-b815-eef04b1313a8,COLLECTIBLE_TYPE,811,VeVe Christmas Tree - Gold,UNCOMMON,1.88,0x2d4ac6b15b54bf10f2b9dbc72d86adbae2c0d6e8,0x745b6a172145ccd7c2c022ea35e3ddb0734ec30a,,
2fa69589-6faa-4e50-9561-06407f740bb2,2026-08-30 17:59:39,2026-08-30,02ab1567-e3b7-4862-bd09-4115bcfed9fc,COLLECTIBLE_TYPE,495,Max,UNCOMMON,9.49,0xb5a3bba2543a9183cefa0fae889ec525acf323d1,0x11e4731a41f20e328d69d714b7d2a5fc5ebdef8a,,
2de5f6e0-7fb9-40f8-b1b5-9f7da5c3338d,2026-08-30 17:58:41,2026-08-30,90dc4c4d-7177-4fde-9bae-a42dc5ff7e5c,COLLECTIBLE_TYPE,58,Foster,UNCOMMON,6.00,0x0457c8190e083ea79e623880ed0223312f17fd59,0xbb5903b0082830c3e78e912a908efbc21d02d2d0,,Dekri
3c3db7eb-3e6c-419a-91c3-ac8b98cd57a4,2026-08-30 17:49:37,2026-08-30,2641f79e-8ce8-4b3f-9806-de801d475c14,COMIC_COVER,7842,Captain America,COMMON,58.00,0x23894e9606d25aafee326b49bfb99818620ded83,0x290f31fcffd92421cb6922e9e5376149f03a1210,,
756509d5-c362-4538-ac54-6c12cfbb40e6,2026-08-30 17:47:19,2026-08-30,2641f79e-8ce8-4b3f-9806-de801d475c14,COMIC_COVER,8677,Captain America,COMMON,58.00,0x40f547ccbad89691c794ffcc3d33a704c9377aae,0x290f31fcffd92421cb6922e9e5376149f03a1210,,
60393565-dcf5-45b9-beb8-dafcc3e79d4d,2026-08-30 17:47:14,2026-08-30,2641f79e-8ce8-4b3f-9806-de801d475c14,COMIC_COVER,5838,Captain America,COMMON,58.00,0x66e3d5ffa80294c8822aad57f6a73e715ef8a169,0x290f31fcffd92421cb6922e9e5376149f03a1210,,
d460bd7f-011c-4f04-9916-711924d19612,2026-08-30 17:41:08,2026-08-30,4fe7f5d3-d9a8-46b0-8be2-c0680f894525,COLLECTIBLE_TYPE,27,Mr. Epiko - Blue Metallic,SECRET_RARE,880.00,0x229d5a5db58654d41dc8276bcac2975aaa45e1ea,0x1a26cf6e30db0bb7d9769f13c26a6dfac7d846ad,,
66f359b6-0629-4a22-bdd3-76f180148119,2026-08-30 17:40:39,2026-08-30,9d9643bc-a33f-4a4b-a397-7162e4cff142,COLLECTIBLE_TYPE,514,Nijiko,RARE,8.00,0xe37e59bbf5b436a019501a5acb17b0f01081cd2c,0x1c6c5850ef98076bd86cc7c069544887a0a2531d,KcBmw,
6f1cc56d-3365-4e1b-932b-1b3175a71969,2026-08-30 17:40:28,2026-08-30,02ab1567-e3b7-4862-bd09-4115bcfed9fc,COLLECTIBLE_TYPE,206,Max,UNCOMMON,9.49,0xf14eb8b7e671d666af456a6866cf04764e9e2995,0xd6b723c30ce5ef91c7215771850bff707b6b3c65,,
749b9899-9ccd-481f-a19f-be91a5c53359,2026-08-30 17:39:18,2026-08-30,f64f5581-0640-4c33-873d-1d798c086e24,COLLECTIBLE_TYPE,2794,Stormtrooper,COMMON,9.50,0xeceb6d4d88852d098d4438f421026269f38cbc8b,0xd6b723c30ce5ef91c7215771850bff707b6b3c65,,
50d6d6c1-0920-4198-b4e8-7f7fc700b656,2026-08-30 17:39:04,2026-08-30,73255fe7-c9e7-489a-a3bd-547b9b87a8a5,COLLECTIBLE_TYPE,557,Ash ,ULTRA_RARE,4.00,0xc17413a468119daf012bc7a534716a8d5002120f,0xd5ef7c283ae3ef3126a9f371874507c1bbe8f5ec,,
4b11d604-29e1-4b8d-9088-34d9927026f4,2026-08-30 17:32:34,2026-08-30,4fe7f5d3-d9a8-46b0-8be2-c0680f894525,COLLECTIBLE_TYPE,37,Mr. Epiko - Blue Metallic,SECRET_RARE,880.00,0x8a969eec95c9e925f1f5cda2b16d9ac231074148,0xf9680d5f36c39001e7968d7bc6df1393efdad24d,wc3nte,
0a983c85-46fc-4813-9091-20a8c3b0ad31,2026-08-30 17:31:54,2026-08-30,375e383d-9421-43dc-a1de-19703274118f,COLLECTIBLE_TYPE,64,Snow - Dark,COMMON,25.00,0x70bbcd7406020a3041e4b7abe33a5c5c45b0783e,0x0efbd11f7745ad1f175ca77ac9a729c873eeea38,,
a0fc4c2b-d58a-4c28-83b5-797e6d5b528a,2026-08-30 17:27:33,2026-08-30,04c1b81f-a6c9-4c57-be41-5f25001cfe44,COLLECTIBLE_TYPE,593,Epiko Logo - Original,UNCOMMON,6.99,0x21188c1d9afb6cc5a0243f6f8dcd5d149e7672e9,0x1a26cf6e30db0bb7d9769f13c26a6dfac7d846ad,Sfriedl6969,
af05a387-18e0-4adf-b1dc-97a59049e394,2026-08-30 17:26:04,2026-08-30,c1c7f96f-2183-41f3-bba9-4b2722febee2,COMIC_COVER,812,Spider-Man/Hulk: Fire And Brimstone,COMMON,2.99,0x9617ab310a5bb465e5bdc9787ac05099f781f93a,0x6ce16df2dda6e082b02d2dc390b3b3eb60c3b83b,,
01366eca-218c-4747-999d-6e9396aa647a,2026-08-30 17:23:59,2026-08-30,ec00071b-05f6-4fbd-9b35-cbcbfb88c996,COLLECTIBLE_TYPE,296,Mr. V,UNCOMMON,4.00,0xe6d02e5a4f41f1b280f4c52b070e0886d81fe78c,0x741a844ef54e7571da85fd9355cab541319f05fd,,
9e2afe3a-46e4-4d9a-8f6a-80841b35a4fb,2026-08-30 17:21:43,2026-08-30,0b5e951b-09bd-4b29-9db9-d7ca4814d92c,COLLECTIBLE_TYPE,329,Janie,UNCOMMON,7.99,0x1c47595b190e9d76b6a1fecf44a7e2364bf766cc,0x9df23b2de13a5fe6bbb26153074af3cb8717a080,,
c150ba5f-94e5-4269-8f7e-d220f34083fa,2026-08-30 17:20:18,2026-08-30,02ab1567-e3b7-4862-bd09-4115bcfed9fc,COLLECTIBLE_TYPE,776,Max,UNCOMMON,9.49,0xae16400e6107df7171cf8767487ffebef0e59954,0x741a844ef54e7571da85fd9355cab541319f05fd,,
ec05b663-244e-456f-84a8-d93b01da2dfe,2026-08-30 17:17:03,2026-08-30,7693425f-edad-4cd9-900c-075b1e26012c,COMIC_COVER,8536,Journey Into Mystery,COMMON,21.99,0xda8eda62175d1a2b3e3f860fa0138a9a773b9c0c,0xe0035e15508e76870facb51d2ee158c6ceef4b56,,
089ec144-439b-42bd-9999-e985c727a539,2026-08-30 17:16:57,2026-08-30,7693425f-edad-4cd9-900c-075b1e26012c,COMIC_COVER,7323,Journey Into Mystery,COMMON,21.99,0x86b1ada49fda90340410e492094f78a5b8f1dc55,0xe0035e15508e76870facb51d2ee158c6ceef4b56,,
68e2cc47-fa0c-447f-97c0-ba3090399e9f,2026-08-30 17:14:05,2026-08-30,7a94e5de-0de3-492f-a00e-af761e3323e3,COLLECTIBLE_TYPE,325,Mr. Epiko,UNCOMMON,4.20,0x0bd508271a2932ac342a16b9267bd31429b917b7,0x21188c1d9afb6cc5a0243f6f8dcd5d149e7672e9,,Sfriedl6969
0a5046d3-6e15-488b-af65-ef075ec2baaa,2026-08-30 17:13:43,2026-08-30,90dc4c4d-7177-4fde-9bae-a42dc5ff7e5c,COLLECTIBLE_TYPE,308,Foster,UNCOMMON,6.00,0xc2e0884a154f1b61e3ca35b7a2cf051882fa1bba,0x9df23b2de13a5fe6bbb26153074af3cb8717a080,,
8805ee66-7ada-4531-864d-d24d40cb8ad7,2026-08-30 17:12:58,2026-08-30,f176461f-ca3b-4e02-8a94-e13f2cb9d893,COMIC_COVER,13503,Fallen Son: The Death of Captain America,COMMON,1.00,0x507fb2978f532ddaabcb05a4160c117492c65832,0x8d010132a9748c75817802eee1fe9b2faded7b68,,
dcab2e88-cad0-4e5e-9979-101eb24ad0e3,2026-08-30 17:12:52,2026-08-30,900388bb-8847-4334-8d1a-508de81c4a4d,COLLECTIBLE_TYPE,2682,Superman,UNCOMMON,222.00,0x42d75e1cf24cd11be72825f13758d1dc71153c3f,0xe6d02e5a4f41f1b280f4c52b070e0886d81fe78c,,
fa8e49a9-6c2b-402e-a782-db7c1dfe087d,2026-08-30 17:12:51,2026-08-30,02ab1567-e3b7-4862-bd09-4115bcfed9fc,COLLECTIBLE_TYPE,752,Max,UNCOMMON,9.49,0xc6730f46c02113ceb47ebd590544b9f7eba39f00,0xc17413a468119daf012bc7a534716a8d5002120f,,
c7936c38-66c0-4191-9330-c75bd138ef62,2026-08-30 17:04:45,2026-08-30,20733f6b-c168-4a46-b558-e85b2ed125bd,COLLECTIBLE_TYPE,715,Dan,UNCOMMON,9.00,0xdc5334963cb0811c26c15e76d34fe192f3082712,0x5b50ea6ab4dc779765fd207ee27677d7ba8f5326,,Top10Mint
eea14001-ffb7-4d0a-a213-3bc135459a9c,2026-08-30 17:02:40,2026-08-30,92635283-99b4-4597-ba69-01e39ccba334,COLLECTIBLE_TYPE,734,Master Splinter - Father Figure,COMMON,4.10,0x343e3b991fce567c82b908463522332b9cc0f91a,0x52ff17190e72c8146cd15c54e7c75c49a0b9bc9e,,120685
519c2df3-a809-47b3-8ebe-4b152e4d6385,2026-08-30 17:01:56,2026-08-30,c00630d3-6aaa-412a-a9d3-ffe68fceba5a,COLLECTIBLE_TYPE,2587,Donatello - Classic,COMMON,7.77,0xea8a2603e6e39ea4d75087b4e6037865d502b884,0x52ff17190e72c8146cd15c54e7c75c49a0b9bc9e,HarryVeve,120685
1538fb5c-934c-4afb-8adc-53ec3eb27ba3,2026-08-30 17:01:05,2026-08-30,ec00071b-05f6-4fbd-9b35-cbcbfb88c996,COLLECTIBLE_TYPE,234,Mr. V,UNCOMMON,4.00,0xf14eb8b7e671d666af456a6866cf04764e9e2995,0x21188c1d9afb6cc5a0243f6f8dcd5d149e7672e9,,Sfriedl6969
7f2d0a86-b3d8-4a8a-b28d-91db5898383d,2026-08-30 17:00:42,2026-08-30,68649d9c-b610-4ac0-a07a-f14a1fca6585,COLLECTIBLE_TYPE,2805,Raphael - Classic,COMMON,7.65,0x287c23aa72024acf2c132b21c9b5040928976687,0x52ff17190e72c8146cd15c54e7c75c49a0b9bc9e,,120685
cd4ee556-6358-4644-bbab-1e69284cd288,2026-08-30 17:00:21,2026-08-30,3164f5e3-044d-477d-8022-0a99dead294d,COLLECTIBLE_TYPE,1897,Leonardo - Classic,COMMON,12.00,0xb23bbab9f4d75dae91760e55a34e4b87bf43ddd0,0x52ff17190e72c8146cd15c54e7c75c49a0b9bc9e,,120685
91b712bb-f655-4155-ba45-4b51f2e07b24,2026-08-30 16:59:39,2026-08-30,37353ee5-47b8-4498-a220-7851c6dd0923,COLLECTIBLE_TYPE,2911,Michelangelo - Classic,COMMON,10.93,0xdda70a5c25d72be0ea7b8f2b45b21c44feceedc7,0x52ff17190e72c8146cd15c54e7c75c49a0b9bc9e,,120685
ee3a6fb8-0bfb-477c-89f2-508909b1c5a4,2026-08-30 16:55:16,2026-08-30,7a94e5de-0de3-492f-a00e-af761e3323e3,COLLECTIBLE_TYPE,325,Mr. Epiko,UNCOMMON,4.20,0xb5a3bba2543a9183cefa0fae889ec525acf323d1,0x0bd508271a2932ac342a16b9267bd31429b917b7,,
a601ec9f-6643-4aaf-bdd6-377877bbd02d,2026-08-30 16:55:01,2026-08-30,f6c0f08f-a0e9-455b-9008-13dc70abcfba,COLLECTIBLE_TYPE,267,Vana,SECRET_RARE,24.80,0x633c7d08a1d14098874418af5bb5b656af302610,0x75ca90067216698f41c95a8301a78205a9652377,,
842444c0-9ff5-4ba3-b821-714d11f401cc,2026-08-30 16:54:55,2026-08-30,0b5e951b-09bd-4b29-9db9-d7ca4814d92c,COLLECTIBLE_TYPE,156,Janie,UNCOMMON,7.99,0xc4bc5abc98fcfb1b5a79e3079e3c76659a16fee9,0x21188c1d9afb6cc5a0243f6f8dcd5d149e7672e9,,Sfriedl6969
bfeac99e-9b2c-481b-b9b0-7657e82088e1,2026-08-30 16:50:26,2026-08-30,ec00071b-05f6-4fbd-9b35-cbcbfb88c996,COLLECTIBLE_TYPE,43,Mr. V,UNCOMMON,4.00,0x43872333d3d1015271e7ea0672c9b62a6aeb0d22,0x2e9c44395991c7d405b3c6a23cce464250becc47,,gurifying
eae403dc-2aa0-4c31-93f9-2bda124123aa,2026-08-30 16:49:26,2026-08-30,0f73e72f-8bc1-48c4-8b70-4e9b4e372003,COLLECTIBLE_TYPE,40,Namor - Saga of the Sub-Mariner 1988,ULTRA_RARE,46.00,0xc6730f46c02113ceb47ebd590544b9f7eba39f00,0xc126543713eacae05138a10a925a660c3f9c82d5,,NFTLATINO
8b36872b-43e9-433e-8446-678a49305ad6,2026-08-30 16:47:58,2026-08-30,e31fc143-da6c-4b99-b756-5622e543258b,COMIC_COVER,352,Saga of the Sub-Mariner,RARE,5.00,0x5c351ffda198aa91df287ad320c592222a9dc67c,0x11e4731a41f20e328d69d714b7d2a5fc5ebdef8a,,
ea99637c-1f54-4522-a938-9f94710f0b4a,2026-08-30 16:47:55,2026-08-30,90dc4c4d-7177-4fde-9bae-a42dc5ff7e5c,COLLECTIBLE_TYPE,459,Foster,UNCOMMON,6.00,0x5d58bb5d4cf58c85c84bb4ffc097642156a177d6,0xbb5903b0082830c3e78e912a908efbc21d02d2d0,,Dekri
b2738cca-3c9f-4003-a795-66d4f7f76cdc,2026-08-30 16:47:07,2026-08-30,02ab1567-e3b7-4862-bd09-4115bcfed9fc,COLLECTIBLE_TYPE,138,Max,UNCOMMON,9.49,0x9617ab310a5bb465e5bdc9787ac05099f781f93a,0x21188c1d9afb6cc5a0243f6f8dcd5d149e7672e9,,Sfriedl6969
07528071-d290-4f34-b5cb-cf73f6648a98,2026-08-30 16:45:37,2026-08-30,9d9643bc-a33f-4a4b-a397-7162e4cff142,COLLECTIBLE_TYPE,532,Nijiko,RARE,8.00,0x2bf96b226bb98dbed4646e703155d6b62a3c5d1d,0xe389386cf8d4db8c21dbd0ef35c7758833c6fa71,,
cf8ccebb-7d02-4ae2-8546-7c142ab1cff8,2026-08-30 16:43:20,2026-08-30,04c1b81f-a6c9-4c57-be41-5f25001cfe44,COLLECTIBLE_TYPE,619,Epiko Logo - Original,UNCOMMON,6.99,0x5b242bc31ad9dfed55efbbc7a8e6ce71ac28fa43,0x515b682a5e2118023c83d02aafba735347becee0,,
36f18897-143d-48ed-8aa4-7f198f3e78ab,2026-08-30 16:41:57,2026-08-30,90dc4c4d-7177-4fde-9bae-a42dc5ff7e5c,COLLECTIBLE_TYPE,746,Foster,UNCOMMON,6.00,0x0aa262f5bc9a0a22acdda23f5f8c9d269f272166,0x032976e2ce4eb44c6e1a452089c897f068879537,,masterroni
eea091b7-2e8c-4bd5-891f-4c5f5c093385,2026-08-30 16:38:57,2026-08-30,7a94e5de-0de3-492f-a00e-af761e3323e3,COLLECTIBLE_TYPE,599,Mr. Epiko,UNCOMMON,4.20,0x229d5a5db58654d41dc8276bcac2975aaa45e1ea,0x562ef997df647902c985c9d210881af104342177,,
ab3194c3-54b1-4fa4-8d8d-07a08fb08684,2026-08-30 16:37:34,2026-08-30,7a94e5de-0de3-492f-a00e-af761e3323e3,COLLECTIBLE_TYPE,247,Mr. Epiko,UNCOMMON,4.20,0xd7b836470fe510048ed7c698f46ff3f0f5fd87c2,0x96398d500d4c9eede14d2a0db6459a4f488964a3,,
76390124-56eb-4f7b-93b4-5dd2bdc0d98d,2026-08-30 16:35:05,2026-08-30,90dc4c4d-7177-4fde-9bae-a42dc5ff7e5c,COLLECTIBLE_TYPE,615,Foster,UNCOMMON,6.00,0x53587fee806e81da0e94057c08deff97ae138f9b,0x741a844ef54e7571da85fd9355cab541319f05fd,,
32ce3522-62dc-4d96-a639-375d496b461c,2026-08-30 16:35:03,2026-08-30,e5e0de12-2189-4143-a87d-162190fbf553,COLLECTIBLE_TYPE,29,Max - Blue Metallic,SECRET_RARE,439.99,0x229d5a5db58654d41dc8276bcac2975aaa45e1ea,0x1a26cf6e30db0bb7d9769f13c26a6dfac7d846ad,,
41424584-0fb8-461e-b24f-d9eb73037ed2,2026-08-30 16:32:46,2026-08-30,95ea8d6d-886d-4c3c-b171-82d23310d2bf,COLLECTIBLE_TYPE,5069,Woody: Hey Howdy Hey!,COMMON,9.00,0x25461a60406f0a12d9f082a5fadb20e21b79c377,0xf766f95fa592646f068a1821e5b6496efaf1a3bf,,
f6f35f9f-f041-4456-90b1-88156defee4c,2026-08-30 16:32:02,2026-08-30,ec00071b-05f6-4fbd-9b35-cbcbfb88c996,COLLECTIBLE_TYPE,531,Mr. V,UNCOMMON,4.00,0xc2e0884a154f1b61e3ca35b7a2cf051882fa1bba,0xcc58082559269f4f43ddd90a0317687a5397c3a4,,DjangoBossx
23d7ec56-d25e-42e0-bdc4-93ae430f51b1,2026-08-30 16:31:42,2026-08-30,77857a70-edf2-4401-9798-93f63b941d60,COLLECTIBLE_TYPE,952,Vulture,UNCOMMON,5.00,0x25461a60406f0a12d9f082a5fadb20e21b79c377,0xf766f95fa592646f068a1821e5b6496efaf1a3bf,,
bab189aa-a6ed-4f64-8bb5-b4ec4c63a22e,2026-08-30 16:30:55,2026-08-30,68649d9c-b610-4ac0-a07a-f14a1fca6585,COLLECTIBLE_TYPE,689,Raphael - Classic,COMMON,7.65,0x25461a60406f0a12d9f082a5fadb20e21b79c377,0x46df8b5589e6193a42c2c09cf8fa0f08283300a6,,
d865e87b-3d21-430c-8605-d6af399be946,2026-08-30 16:26:58,2026-08-30,04c1b81f-a6c9-4c57-be41-5f25001cfe44,COLLECTIBLE_TYPE,483,Epiko Logo - Original,UNCOMMON,6.99,0x53587fee806e81da0e94057c08deff97ae138f9b,0x140e5f02a256f2a048e5770a61592d9cd2e95198,,Hurcaneman
b94c5953-a26b-4daf-8fe0-0136c7b49bc5,2026-08-30 16:25:41,2026-08-30,ff142570-e43a-4f7e-8a15-4668b0e4d332,COLLECTIBLE_TYPE,485,ZAP!,ULTRA_RARE,4.50,0x25461a60406f0a12d9f082a5fadb20e21b79c377,0x96783b8313c7b81455a78b35861270394788bfbd,,
42052a63-07aa-4f6a-bd3f-ce6630d8094d,2026-08-30 16:25:30,2026-08-30,9c93d4b4-2dab-4c9d-b5e2-0f29e791bd39,COLLECTIBLE_TYPE,217,Electro,UNCOMMON,5.00,0x25461a60406f0a12d9f082a5fadb20e21b79c377,0x96783b8313c7b81455a78b35861270394788bfbd,,
8b9d142b-abb8-42e6-a71c-90a5bcd0cdc1,2026-08-30 16:24:57,2026-08-30,9c93d4b4-2dab-4c9d-b5e2-0f29e791bd39,COLLECTIBLE_TYPE,51,Electro,UNCOMMON,5.00,0xc6730f46c02113ceb47ebd590544b9f7eba39f00,0xe37e59bbf5b436a019501a5acb17b0f01081cd2c,,KcBmw
9166eb6c-a841-4f33-997a-66b935c4611c,2026-08-30 16:24:52,2026-08-30,3a8b9d03-9712-4548-ad3b-2364f7ce2a96,COLLECTIBLE_TYPE,199,‍Mimban Trooper Helmet,RARE,11.99,0x71c72a3dd6e632d0aff4732832164acedc7edaa4,0x7fe04c9f42e06bc90eb2d9d8b7e691dd9bbf8b95,,
09cf7c07-05d7-40a8-89bb-e787fa97c89b,2026-08-30 16:22:56,2026-08-30,3a8b9d03-9712-4548-ad3b-2364f7ce2a96,COLLECTIBLE_TYPE,420,‍Mimban Trooper Helmet,RARE,11.99,0x7fe04c9f42e06bc90eb2d9d8b7e691dd9bbf8b95,0xa59434a8b5f5252000ab256c6b09f09dd0289b1e,,
b0a431e5-b864-4ed0-8855-1a25ed6a97d5,2026-08-30 16:22:43,2026-08-30,c98cf717-1aab-454d-b46a-2684a741cfc6,COMIC_COVER,12921,Thor: God of Thunder,UNCOMMON,1.75,0x904bf3b41999405bcc01d5950b3e16d8d306e1a0,0xda4cc06af201e48d16264181d2246e52d368efcd,GypsyDawg,
a307f8a3-afbd-46e8-aa64-0e2238e3a870,2026-08-30 16:22:28,2026-08-30,0b5e951b-09bd-4b29-9db9-d7ca4814d92c,COLLECTIBLE_TYPE,682,Janie,UNCOMMON,7.99,0xcc281b1f0db8e65e6ee24210eb8ea81d8ee9d29e,0x64d161bd4a265f454e50ca69325d99640df6e571,,
4bff4e7d-81b2-4e17-a470-7d5148e76a8f,2026-08-30 16:22:13,2026-08-30,02ab1567-e3b7-4862-bd09-4115bcfed9fc,COLLECTIBLE_TYPE,437,Max,UNCOMMON,9.49,0x53587fee806e81da0e94057c08deff97ae138f9b,0x64d161bd4a265f454e50ca69325d99640df6e571,,
b667358f-754d-49cf-9e8d-fba38f8dfb92,2026-08-30 16:22:09,2026-08-30,ec00071b-05f6-4fbd-9b35-cbcbfb88c996,COLLECTIBLE_TYPE,207,Mr. V,UNCOMMON,4.00,0x937ec80dbc25dfbed38cc0c06b7384dd4a540400,0xe45f8ca1982bbb638c2eb450f53993c8c4864d3d,,
5018add1-71ee-41c1-85d1-ab6690e0123a,2026-08-30 16:14:56,2026-08-30,8cd9530d-6ea9-436c-bdc0-ee73e43c0abe,COLLECTIBLE_TYPE,1690,Magik - Phoenix,COMMON,12.00,0x1a30efa7711e5c56a9762213160a6fb8e71ea759,0xe2afac3d28c7beb58bbc67dca30313cc02edad63,flexicat,
5578085b-88ba-453d-b7f8-a05f7787d40b,2026-08-30 16:09:42,2026-08-30,d8133d13-9589-44d9-ad06-2721750e2e02,COMIC_COVER,105,The Amazing Spider-Man,RARE,5.99,0x25461a60406f0a12d9f082a5fadb20e21b79c377,0xda4cc06af201e48d16264181d2246e52d368efcd,,
1fd698eb-e316-4419-b1b8-4cea5230d80b,2026-08-30 16:06:53,2026-08-30,5a83120d-b4c0-4982-85d7-3046dd7d5f4f,COLLECTIBLE_TYPE,595,Rain,UNCOMMON,1.00,0xaa8d060555697549431218fb06b04037b7162343,0x0efbd11f7745ad1f175ca77ac9a729c873eeea38,,
5e338390-2aa7-4554-81b2-a8155beab781,2026-08-30 16:06:07,2026-08-30,796348ff-b081-4473-b255-acf577417d96,COLLECTIBLE_TYPE,623,Thor,COMMON,4.00,0x0fdd5ab0dc6f5c9c05f395f3dfb85c273110e704,0x48e73bbe8f7513eb842f2929daff61139f02b178,,
976bab27-0242-4a7b-873c-988972fb4e38,2026-08-30 16:04:58,2026-08-30,e5e0de12-2189-4143-a87d-162190fbf553,COLLECTIBLE_TYPE,33,Max - Blue Metallic,SECRET_RARE,439.99,0xd7b836470fe510048ed7c698f46ff3f0f5fd87c2,0xf9680d5f36c39001e7968d7bc6df1393efdad24d,,
f0d56657-5390-488e-8254-f747fffde3a6,2026-08-30 16:04:41,2026-08-30,02ab1567-e3b7-4862-bd09-4115bcfed9fc,COLLECTIBLE_TYPE,280,Max,UNCOMMON,9.49,0xc1902b4a930c8d409af78ee6fae3b98cb98ab65a,0xdcf16a26460cbcf8a9058a36798854b031b56805,,
2d984cbb-c091-4fdc-806a-7425b3ebd3e6,2026-08-30 16:04:26,2026-08-30,0b5e951b-09bd-4b29-9db9-d7ca4814d92c,COLLECTIBLE_TYPE,268,Janie,UNCOMMON,7.99,0xc1902b4a930c8d409af78ee6fae3b98cb98ab65a,0xdcf16a26460cbcf8a9058a36798854b031b56805,,
86191b40-27ce-44f3-bc0c-6defa4b0407f,2026-08-30 16:04:26,2026-08-30,eda67c9c-4bb1-4b8d-9d6c-d2ce337cf711,COLLECTIBLE_TYPE,44,Epiko Logo - Blue Metallic,SECRET_RARE,690.00,0x1a26cf6e30db0bb7d9769f13c26a6dfac7d846ad,0x229d5a5db58654d41dc8276bcac2975aaa45e1ea,,
93d38453-5f6b-4d6b-a9eb-0f3efb1eed76,2026-08-30 16:04:14,2026-08-30,2641f79e-8ce8-4b3f-9806-de801d475c14,COMIC_COVER,5096,Captain America,COMMON,58.00,0x80f3bde052cdbb0170691b132f51acbc6efc84a9,0xc17413a468119daf012bc7a534716a8d5002120f,,
2f6823aa-28dc-4564-96e7-9988d681b3de,2026-08-30 16:03:09,2026-08-30,0f73e72f-8bc1-48c4-8b70-4e9b4e372003,COLLECTIBLE_TYPE,289,Namor - Saga of the Sub-Mariner 1988,ULTRA_RARE,46.00,0xc17413a468119daf012bc7a534716a8d5002120f,0x0efbd11f7745ad1f175ca77ac9a729c873eeea38,,
00e527e9-4b1f-41a8-be7f-5403c19fdab2,2026-08-30 16:02:41,2026-08-30,181b278d-576e-4104-9c04-c6936484be85,COMIC_COVER,18021,Strange Tales,UNCOMMON,6.00,0xd351c4a2564e24273d2074a95d23921d37368a25,0xc7ed902577b999c93d9425653997d9af84299085,,
a0b1e26a-4cf5-4013-abd7-41eb7b6c30b1,2026-08-30 16:02:27,2026-08-30,ec00071b-05f6-4fbd-9b35-cbcbfb88c996,COLLECTIBLE_TYPE,652,Mr. V,UNCOMMON,4.00,0x0aa262f5bc9a0a22acdda23f5f8c9d269f272166,0xf022a479b40cd9976ba94c10b51fc5c0be58c166,,
a0c2259b-681d-40e1-a22e-319b38dcf58a,2026-08-30 16:02:05,2026-08-30,751ffc1c-dbbe-4684-8a43-d4aaf1271dc0,COMIC_COVER,1658,PLANET DEATH,ULTRA_RARE,19.99,0x0cea3b049375a3b5c96f73504d8cefc56a6c8888,0x11e4731a41f20e328d69d714b7d2a5fc5ebdef8a,,
c94bef92-c318-4bf0-907b-6ed7967670b8,2026-08-30 16:01:12,2026-08-30,0b5e951b-09bd-4b29-9db9-d7ca4814d92c,COLLECTIBLE_TYPE,332,Janie,UNCOMMON,7.99,0x7fe04c9f42e06bc90eb2d9d8b7e691dd9bbf8b95,0xe45f8ca1982bbb638c2eb450f53993c8c4864d3d,,
a462bd7e-2d01-4672-b585-aead395df01c,2026-08-30 16:00:56,2026-08-30,02ab1567-e3b7-4862-bd09-4115bcfed9fc,COLLECTIBLE_TYPE,160,Max,UNCOMMON,9.49,0xd7b836470fe510048ed7c698f46ff3f0f5fd87c2,0xe45f8ca1982bbb638c2eb450f53993c8c4864d3d,,
0c56561b-07d3-41e7-89cb-8392a64ddaa8,2026-08-30 16:00:55,2026-08-30,1d606841-f6e5-4d91-89d3-85aa99fad3f3,COLLECTIBLE_TYPE,1067,Wolverine - X-Jacket,RARE,17.50,0xc17413a468119daf012bc7a534716a8d5002120f,0xbb5903b0082830c3e78e912a908efbc21d02d2d0,,Dekri
e2320a5c-4639-4e52-b538-dbd7e0a66d62,2026-08-30 16:00:23,2026-08-30,90dc4c4d-7177-4fde-9bae-a42dc5ff7e5c,COLLECTIBLE_TYPE,613,Foster,UNCOMMON,6.00,0x50254b1a7bda2de5a16f12c069e8aeefdb5e9b69,0xe45f8ca1982bbb638c2eb450f53993c8c4864d3d,,
01656191-3cca-4296-8c59-017daa52f13c,2026-08-30 16:00:03,2026-08-30,7a94e5de-0de3-492f-a00e-af761e3323e3,COLLECTIBLE_TYPE,191,Mr. Epiko,UNCOMMON,4.20,0xae16400e6107df7171cf8767487ffebef0e59954,0xe45f8ca1982bbb638c2eb450f53993c8c4864d3d,,
f65a066f-c549-419a-9743-7e57e6cfe63d,2026-08-30 15:59:58,2026-08-30,02ab1567-e3b7-4862-bd09-4115bcfed9fc,COLLECTIBLE_TYPE,192,Max,UNCOMMON,9.49,0xae16400e6107df7171cf8767487ffebef0e59954,0x6d9755a16b019502283d154151877960d25cc533,,
c35424f8-e6ed-4c03-bac9-576b8ab7346a,2026-08-30 15:58:56,2026-08-30,ec00071b-05f6-4fbd-9b35-cbcbfb88c996,COLLECTIBLE_TYPE,767,Mr. V,UNCOMMON,4.00,0x30723747e48975b421c0e2c01781b489a4d88795,0x40ee1a2354242e5706ab98908175078baf2ba108,,
c40dfd60-c58a-43dd-bfcb-777ac9830061,2026-08-30 15:57:17,2026-08-30,39caa0d4-acd8-4b57-8c74-77f777370153,COLLECTIBLE_TYPE,5404,Dark Lord of the Sith,COMMON,14.95,0xc17413a468119daf012bc7a534716a8d5002120f,0x79671df2d5dc06ca22ef8ea615d1157fa46fbce2,,
6bdf7b57-d771-47ec-989e-2b410c1dabf5,2026-08-30 15:55:41,2026-08-30,f6e15150-641b-4d8e-b7cc-19027a019d1f,COLLECTIBLE_TYPE,266,Chris Robots Will Kill - OG,ULTRA_RARE,26.00,0xd7b836470fe510048ed7c698f46ff3f0f5fd87c2,0x530d4918e30bfa8f2c1d1a98030e47c47bcabbde,,
f3be4a39-0a9e-445b-90a5-f6ad7c3c8771,2026-08-30 15:55:27,2026-08-30,90dc4c4d-7177-4fde-9bae-a42dc5ff7e5c,COLLECTIBLE_TYPE,90,Foster,UNCOMMON,6.00,0x308bd1f14283f6675a5b73fe493ca3af38f67436,0xe37e59bbf5b436a019501a5acb17b0f01081cd2c,,KcBmw
76a2da99-600c-4cb6-8846-c946833e3df5,2026-08-30 15:54:22,2026-08-30,0b5e951b-09bd-4b29-9db9-d7ca4814d92c,COLLECTIBLE_TYPE,353,Janie,UNCOMMON,7.99,0x50f534846c7b4283829d7e12b34d7b2da4ea48a6,0x133e9f12c02e7a30761993f54d886a18f3445116,Blutegel90,
26a0aa07-452f-470b-a3dc-4c5d281db1e9,2026-08-30 15:52:27,2026-08-30,7a94e5de-0de3-492f-a00e-af761e3323e3,COLLECTIBLE_TYPE,719,Mr. Epiko,UNCOMMON,4.20,0xc64d883a157ed764545547f749dcab3cf2be42c0,0xc98bc5f47883538fa101fe662cb51c8961fc9711,,
e129792e-cba7-4580-9173-9a87b24f4be2,2026-08-30 15:52:12,2026-08-30,ec00071b-05f6-4fbd-9b35-cbcbfb88c996,COLLECTIBLE_TYPE,244,Mr. V,UNCOMMON,4.00,0xd7b836470fe510048ed7c698f46ff3f0f5fd87c2,0xc98bc5f47883538fa101fe662cb51c8961fc9711,,
23bf2e20-22d5-43d8-9e17-e65e070e1130,2026-08-30 15:48:42,2026-08-30,5a83120d-b4c0-4982-85d7-3046dd7d5f4f,COLLECTIBLE_TYPE,910,Rain,UNCOMMON,1.00,0xae16400e6107df7171cf8767487ffebef0e59954,0x2987ae6783663ee94489079427a9b57fa81a2eb8,,rafouz
ae4543b3-cc14-4348-b9f6-68638176b131,2026-08-30 15:47:33,2026-08-30,02ab1567-e3b7-4862-bd09-4115bcfed9fc,COLLECTIBLE_TYPE,514,Max,UNCOMMON,9.49,0x53587fee806e81da0e94057c08deff97ae138f9b,0x308bd1f14283f6675a5b73fe493ca3af38f67436,,
e06d98be-3100-43ec-b603-2ad5defd562b,2026-08-30 15:47:13,2026-08-30,ec00071b-05f6-4fbd-9b35-cbcbfb88c996,COLLECTIBLE_TYPE,261,Mr. V,UNCOMMON,4.00,0x0aa262f5bc9a0a22acdda23f5f8c9d269f272166,0x562ef997df647902c985c9d210881af104342177,,
6fd7a6b7-23ee-4c5c-805b-fbcb17be784b,2026-08-30 15:46:45,2026-08-30,90dc4c4d-7177-4fde-9bae-a42dc5ff7e5c,COLLECTIBLE_TYPE,419,Foster,UNCOMMON,6.00,0xb71a49f6bfcf21d2cc10d821d1dc46a4d001c5a5,0x2bf96b226bb98dbed4646e703155d6b62a3c5d1d,,
256f79d8-5c5d-4276-8e28-07fb71bfe2fd,2026-08-30 15:45:25,2026-08-30,90dc4c4d-7177-4fde-9bae-a42dc5ff7e5c,COLLECTIBLE_TYPE,228,Foster,UNCOMMON,6.00,0x50f534846c7b4283829d7e12b34d7b2da4ea48a6,0xc98bc5f47883538fa101fe662cb51c8961fc9711,Blutegel90,
c40f3ece-5125-4e95-be0b-7da6d4806183,2026-08-30 15:44:01,2026-08-30,04c1b81f-a6c9-4c57-be41-5f25001cfe44,COLLECTIBLE_TYPE,178,Epiko Logo - Original,UNCOMMON,6.99,0xa76bb55c82ae980eebe8a53248c9fce2dde02ebc,0xdcf16a26460cbcf8a9058a36798854b031b56805,,
350275a9-5f19-43cf-a080-c068132aaf46,2026-08-30 15:43:02,2026-08-30,90dc4c4d-7177-4fde-9bae-a42dc5ff7e5c,COLLECTIBLE_TYPE,654,Foster,UNCOMMON,6.00,0xa76bb55c82ae980eebe8a53248c9fce2dde02ebc,0x46da3b0fa2a144c2cd8489ad988ee4027449468a,,
4bc4b667-9a1b-4d58-9535-9d0c3d2aa218,2026-08-30 15:38:12,2026-08-30,ec00071b-05f6-4fbd-9b35-cbcbfb88c996,COLLECTIBLE_TYPE,696,Mr. V,UNCOMMON,4.00,0x7fe04c9f42e06bc90eb2d9d8b7e691dd9bbf8b95,0x3d8e48bc28e2e756dbc5febc7790cbfbdcaa1d83,,
97a64396-acef-49b7-afa3-b823452af25c,2026-08-30 15:37:59,2026-08-30,90dc4c4d-7177-4fde-9bae-a42dc5ff7e5c,COLLECTIBLE_TYPE,150,Foster,UNCOMMON,6.00,0x0aa262f5bc9a0a22acdda23f5f8c9d269f272166,0x3d8e48bc28e2e756dbc5febc7790cbfbdcaa1d83,,
d0db2a56-f067-46d9-b286-7281408bbe6f,2026-08-30 15:37:19,2026-08-30,6ea861be-16f5-4832-a6ec-da215c4fe3b6,COLLECTIBLE_TYPE,1050,Mutagen,COMMON,3.88,0x9617ab310a5bb465e5bdc9787ac05099f781f93a,0x1daa69947e735dc064de3391792dc49049e0cace,,
93388506-da07-4195-8f2e-8b71798b2835,2026-08-30 15:36:49,2026-08-30,04c1b81f-a6c9-4c57-be41-5f25001cfe44,COLLECTIBLE_TYPE,310,Epiko Logo - Original,UNCOMMON,6.99,0x260d1bb66668ac332e56ad9acc5912e011a1f355,0x2987ae6783663ee94489079427a9b57fa81a2eb8,,rafouz
ba740d47-c58a-453f-bdac-11189130dd4d,2026-08-30 15:36:25,2026-08-30,12786e8c-7cd5-4739-8917-9b93e08842b1,COLLECTIBLE_TYPE,1598,Rewind Collective - Flag,UNCOMMON,11.00,0x2987ae6783663ee94489079427a9b57fa81a2eb8,0x1414dc57ef8d6073f4d1bb61ff8e59fc7a2ab09a,rafouz,
d85785e2-3387-4cfc-b327-b92a9fdc2e9a,2026-08-30 15:36:07,2026-08-30,b7ea3a29-17e1-47cb-a6ca-2ec419165e3c,COLLECTIBLE_TYPE,644,“it’s a small world”,SECRET_RARE,14.95,0x83a88937f12f5c60d86f644517888d36eb7a8032,0x80f3bde052cdbb0170691b132f51acbc6efc84a9,,
550788a3-0e34-4e8d-9b63-2bc3f4640938,2026-08-30 15:36:04,2026-08-30,05df9412-ca87-4492-8454-81f73a88c171,COLLECTIBLE_TYPE,1858,MOTOMICHI - Eyes,SECRET_RARE,15.99,0x3d8e48bc28e2e756dbc5febc7790cbfbdcaa1d83,0x838e3367c61d45f7a467f685a7b26631286768b1,,
b23cc6d9-3b0a-40de-899f-742d6784d77a,2026-08-30 15:35:54,2026-08-30,02ab1567-e3b7-4862-bd09-4115bcfed9fc,COLLECTIBLE_TYPE,354,Max,UNCOMMON,9.49,0x5dba5404beeb01a9c7bc04d03dbe117353230c63,0x308bd1f14283f6675a5b73fe493ca3af38f67436,,
ae873e66-95f9-4b05-bc17-7e6d3cb60faf,2026-08-30 15:35:44,2026-08-30,0b5e951b-09bd-4b29-9db9-d7ca4814d92c,COLLECTIBLE_TYPE,582,Janie,UNCOMMON,7.99,0x7fe04c9f42e06bc90eb2d9d8b7e691dd9bbf8b95,0x308bd1f14283f6675a5b73fe493ca3af38f67436,,
0be5234c-26dd-4aef-9adc-0f8d56782b92,2026-08-30 15:35:23,2026-08-30,ec00071b-05f6-4fbd-9b35-cbcbfb88c996,COLLECTIBLE_TYPE,741,Mr. V,UNCOMMON,4.00,0xbb5903b0082830c3e78e912a908efbc21d02d2d0,0x40ee1a2354242e5706ab98908175078baf2ba108,Dekri,
18166fe1-a81c-47a1-99d0-96911f115d31,2026-08-30 15:34:26,2026-08-30,90dc4c4d-7177-4fde-9bae-a42dc5ff7e5c,COLLECTIBLE_TYPE,637,Foster,UNCOMMON,6.00,0x7fe04c9f42e06bc90eb2d9d8b7e691dd9bbf8b95,0xdcf16a26460cbcf8a9058a36798854b031b56805,,
7ce7645a-a118-493d-95b0-3f9c73918c24,2026-08-30 15:33:55,2026-08-30,ec00071b-05f6-4fbd-9b35-cbcbfb88c996,COLLECTIBLE_TYPE,741,Mr. V,UNCOMMON,4.00,0x1e58f98298255cd86c3b199f4d0889b3cc1c5906,0xbb5903b0082830c3e78e912a908efbc21d02d2d0,,Dekri
01b81725-e2ef-4617-b407-dcb331a006f1,2026-08-30 15:32:56,2026-08-30,90dc4c4d-7177-4fde-9bae-a42dc5ff7e5c,COLLECTIBLE_TYPE,118,Foster,UNCOMMON,6.00,0x308bd1f14283f6675a5b73fe493ca3af38f67436,0xe37e59bbf5b436a019501a5acb17b0f01081cd2c,,KcBmw
747a8965-b7de-49ca-8354-51b71a150d7d,2026-08-30 15:32:33,2026-08-30,d37184af-298d-4b47-ae13-819fb234b80d,COLLECTIBLE_TYPE,403,Episode 12 - Arise,COMMON,1.30,0xe98552ce68c8c32db079256be6f35614b03af560,0xf766f95fa592646f068a1821e5b6496efaf1a3bf,,
89b4bb1a-0554-48ba-991b-63a18d090d41,2026-08-30 15:32:29,2026-08-30,04c1b81f-a6c9-4c57-be41-5f25001cfe44,COLLECTIBLE_TYPE,268,Epiko Logo - Original,UNCOMMON,6.99,0x308bd1f14283f6675a5b73fe493ca3af38f67436,0xdcf16a26460cbcf8a9058a36798854b031b56805,,
72e6adc4-ac33-4280-826e-4bac403a7f47,2026-08-30 15:31:48,2026-08-30,90dc4c4d-7177-4fde-9bae-a42dc5ff7e5c,COLLECTIBLE_TYPE,469,Foster,UNCOMMON,6.00,0x308bd1f14283f6675a5b73fe493ca3af38f67436,0x444e7257de38e9b2447f2ee668e0363bcdd38d0b,,
ea6c419a-ab73-4c3a-9d7c-bd70cf9c55ed,2026-08-30 15:31:41,2026-08-30,4217662c-612d-4081-b088-9384c94f0d2a,COLLECTIBLE_TYPE,160,Mr. Robot ,ULTRA_RARE,10.99,0xe782e5d44c8e272b7128ed35d590e8bc2fdf6716,0xe953fa2b9f4af77b1c612881ac00c25d2da83e4d,,jm213213
4e8acffb-5ff0-4575-95f7-faff4a128688,2026-08-30 15:31:20,2026-08-30,ab430454-99cf-4b4a-bcc6-5c4ed737512d,COMIC_COVER,9364,Captain America,UNCOMMON,29.79,0x1e58f98298255cd86c3b199f4d0889b3cc1c5906,0xa37b75d980570e4e51f31281365ea55c3f7be0aa,,
b045efea-0c5f-40c3-bda4-76deee9fda7b,2026-08-30 15:31:08,2026-08-30,4d18f169-e8d4-4a10-a783-a53db7363f6f,COLLECTIBLE_TYPE,670,Female Eivor - Flame of the Fjord,COMMON,6.00,0xe3dfcb781d03e048559cd784c3b02fb6ac04992e,0xe12d2601f9902c164b9112a0473f95916dcc1142,g5551212,Sevead
9cb0cdb1-15d3-492d-848c-7d0991ccda9c,2026-08-30 15:30:24,2026-08-30,7a94e5de-0de3-492f-a00e-af761e3323e3,COLLECTIBLE_TYPE,404,Mr. Epiko,UNCOMMON,4.20,0x30723747e48975b421c0e2c01781b489a4d88795,0xe37e59bbf5b436a019501a5acb17b0f01081cd2c,,KcBmw
82affb6f-2140-40ff-a401-bc116b022f66,2026-08-30 15:30:10,2026-08-30,73255fe7-c9e7-489a-a3bd-547b9b87a8a5,COLLECTIBLE_TYPE,365,Ash ,ULTRA_RARE,4.00,0xc17413a468119daf012bc7a534716a8d5002120f,0x597aebdf49bb194de48a3c65a7a00ef66320a420,,MrRolex
cce54462-0239-456d-abed-6d20b26c9cc7,2026-08-30 15:30:10,2026-08-30,7598d35a-beb1-432d-bef6-a204eb526d44,COLLECTIBLE_TYPE,1293,Fix-It Felix,RARE,5.99,0x274c97fd4bae2b1c0887ceb78a5cc6b36adefd3f,0xe12d2601f9902c164b9112a0473f95916dcc1142,,Sevead
3987057c-c079-48d1-b547-318ee148778b,2026-08-30 15:29:44,2026-08-30,02ab1567-e3b7-4862-bd09-4115bcfed9fc,COLLECTIBLE_TYPE,314,Max,UNCOMMON,9.49,0x9f4caaec6a2e9f8409b704f3ef16f0d51e827cdf,0xc98bc5f47883538fa101fe662cb51c8961fc9711,,
9421b91d-5e00-4e42-9190-941c89742baf,2026-08-30 15:29:09,2026-08-30,bc64c1a9-5efe-4b52-824d-27ffed8b13e4,COLLECTIBLE_TYPE,622,Lightning,RARE,2.00,0x0cea3b049375a3b5c96f73504d8cefc56a6c8888,0x597aebdf49bb194de48a3c65a7a00ef66320a420,,MrRolex
0a674329-0313-47dd-899e-e7b5783afe6b,2026-08-30 15:28:53,2026-08-30,796348ff-b081-4473-b255-acf577417d96,COLLECTIBLE_TYPE,1221,Thor,COMMON,4.00,0xbd1285606ce4dc05097c1ab7ca4414e26c873cc3,0x0fdd5ab0dc6f5c9c05f395f3dfb85c273110e704,,
8ce9cf73-1b4b-42dd-af65-e3c53749555e,2026-08-30 15:28:23,2026-08-30,0b5e951b-09bd-4b29-9db9-d7ca4814d92c,COLLECTIBLE_TYPE,749,Janie,UNCOMMON,7.99,0xf998339d5b46d0a0909947e8a47ac325686bd0da,0x308bd1f14283f6675a5b73fe493ca3af38f67436,spc1204,
f240a3a0-ef0b-4ac8-93dc-5d2512405d41,2026-08-30 15:28:17,2026-08-30,fe25e470-e059-45a4-863d-d25a085b0dfe,COLLECTIBLE_TYPE,138,MyCollectables,UNCOMMON,6.99,0x810fb5b81c4f55f42741d1ff25f75648b8a54cf9,0x21188c1d9afb6cc5a0243f6f8dcd5d149e7672e9,,Sfriedl6969
48c80cb0-c0ac-4abd-b82e-3c1d3c5a960f,2026-08-30 15:28:01,2026-08-30,7a94e5de-0de3-492f-a00e-af761e3323e3,COLLECTIBLE_TYPE,56,Mr. Epiko,UNCOMMON,4.20,0x30723747e48975b421c0e2c01781b489a4d88795,0x89846ea529742a80b40c2b474dfe956b9f6f1e0f,,
d0d4f761-076f-4ad7-886b-5d38bc0f62c4,2026-08-30 15:26:04,2026-08-30,0b5e951b-09bd-4b29-9db9-d7ca4814d92c,COLLECTIBLE_TYPE,671,Janie,UNCOMMON,7.99,0x1fc876016dd3d3433d498e2f7f179f6bbbd9c046,0x562ef997df647902c985c9d210881af104342177,adroldero,
e4024753-5c1b-428d-b63e-b675eaece55c,2026-08-30 15:25:56,2026-08-30,90dc4c4d-7177-4fde-9bae-a42dc5ff7e5c,COLLECTIBLE_TYPE,307,Foster,UNCOMMON,6.00,0x9f4caaec6a2e9f8409b704f3ef16f0d51e827cdf,0x562ef997df647902c985c9d210881af104342177,,
45d39e14-301f-4637-93a8-dd4424c53bb3,2026-08-30 15:25:38,2026-08-30,02ab1567-e3b7-4862-bd09-4115bcfed9fc,COLLECTIBLE_TYPE,509,Max,UNCOMMON,9.49,0x0aa262f5bc9a0a22acdda23f5f8c9d269f272166,0xdcf16a26460cbcf8a9058a36798854b031b56805,,
a2523e86-c62d-479f-b549-e26eb81008fb,2026-08-30 15:25:11,2026-08-30,ec00071b-05f6-4fbd-9b35-cbcbfb88c996,COLLECTIBLE_TYPE,158,Mr. V,UNCOMMON,4.00,0x032976e2ce4eb44c6e1a452089c897f068879537,0x901d5cf32677238a41e59215f3b77f8ccc6b8a6e,masterroni,
997da7b3-ba5b-425d-950a-351003a5db3a,2026-08-30 15:25:07,2026-08-30,02ab1567-e3b7-4862-bd09-4115bcfed9fc,COLLECTIBLE_TYPE,356,Max,UNCOMMON,9.49,0x0aa262f5bc9a0a22acdda23f5f8c9d269f272166,0x444e7257de38e9b2447f2ee668e0363bcdd38d0b,,
852167da-7cc5-4619-942a-433f30b71802,2026-08-30 15:24:44,2026-08-30,ab430454-99cf-4b4a-bcc6-5c4ed737512d,COMIC_COVER,9533,Captain America,UNCOMMON,29.79,0x1e58f98298255cd86c3b199f4d0889b3cc1c5906,0x40ee1a2354242e5706ab98908175078baf2ba108,,
784cd00a-0a82-488b-bd01-2b442de418e6,2026-08-30 15:24:01,2026-08-30,04c1b81f-a6c9-4c57-be41-5f25001cfe44,COLLECTIBLE_TYPE,597,Epiko Logo - Original,UNCOMMON,6.99,0x0aa262f5bc9a0a22acdda23f5f8c9d269f272166,0xdcf16a26460cbcf8a9058a36798854b031b56805,,
85ac6eda-8a49-439a-b5ea-59774867440f,2026-08-30 15:23:59,2026-08-30,7a94e5de-0de3-492f-a00e-af761e3323e3,COLLECTIBLE_TYPE,711,Mr. Epiko,UNCOMMON,4.20,0xa59434a8b5f5252000ab256c6b09f09dd0289b1e,0x2987ae6783663ee94489079427a9b57fa81a2eb8,,rafouz
4ffe0b2f-c5cf-4504-afe8-af39a459e040,2026-08-30 15:23:50,2026-08-30,04c1b81f-a6c9-4c57-be41-5f25001cfe44,COLLECTIBLE_TYPE,582,Epiko Logo - Original,UNCOMMON,6.99,0x0aa262f5bc9a0a22acdda23f5f8c9d269f272166,0x11e4731a41f20e328d69d714b7d2a5fc5ebdef8a,,
192bfd5a-19f1-4301-a681-03d49d464feb,2026-08-30 15:23:42,2026-08-30,90dc4c4d-7177-4fde-9bae-a42dc5ff7e5c,COLLECTIBLE_TYPE,579,Foster,UNCOMMON,6.00,0x0aa262f5bc9a0a22acdda23f5f8c9d269f272166,0x11e4731a41f20e328d69d714b7d2a5fc5ebdef8a,,
8630fe46-eae1-4e69-a7c8-1fed1e5954fe,2026-08-30 15:23:27,2026-08-30,04c1b81f-a6c9-4c57-be41-5f25001cfe44,COLLECTIBLE_TYPE,444,Epiko Logo - Original,UNCOMMON,6.99,0xf998339d5b46d0a0909947e8a47ac325686bd0da,0x48e73bbe8f7513eb842f2929daff61139f02b178,spc1204,
60eddd50-56b0-4848-8153-e6c5194a84da,2026-08-30 15:22:54,2026-08-30,7a94e5de-0de3-492f-a00e-af761e3323e3,COLLECTIBLE_TYPE,318,Mr. Epiko,UNCOMMON,4.20,0x0aa262f5bc9a0a22acdda23f5f8c9d269f272166,0x133e9f12c02e7a30761993f54d886a18f3445116,,
96dd789e-8f4b-4ace-a59d-e3891ae92db7,2026-08-30 15:22:16,2026-08-30,04c1b81f-a6c9-4c57-be41-5f25001cfe44,COLLECTIBLE_TYPE,227,Epiko Logo - Original,UNCOMMON,6.99,0x0aa262f5bc9a0a22acdda23f5f8c9d269f272166,0x46da3b0fa2a144c2cd8489ad988ee4027449468a,,
64ee26c1-3a25-4f0f-98ba-def19a26fb4f,2026-08-30 15:21:46,2026-08-30,ec00071b-05f6-4fbd-9b35-cbcbfb88c996,COLLECTIBLE_TYPE,53,Mr. V,UNCOMMON,4.00,0x032976e2ce4eb44c6e1a452089c897f068879537,0x89846ea529742a80b40c2b474dfe956b9f6f1e0f,masterroni,
b24f2db6-ec4f-4103-98d3-95f85d094b3d,2026-08-30 15:21:36,2026-08-30,ec00071b-05f6-4fbd-9b35-cbcbfb88c996,COLLECTIBLE_TYPE,338,Mr. V,UNCOMMON,4.00,0x0aa262f5bc9a0a22acdda23f5f8c9d269f272166,0x133e9f12c02e7a30761993f54d886a18f3445116,,
fc75cfc4-633c-4fe4-85a1-8869ea8c6872,2026-08-30 15:21:31,2026-08-30,02ab1567-e3b7-4862-bd09-4115bcfed9fc,COLLECTIBLE_TYPE,145,Max,UNCOMMON,9.49,0x0aa262f5bc9a0a22acdda23f5f8c9d269f272166,0x562ef997df647902c985c9d210881af104342177,,
01a64f78-60e5-4ed1-94c2-58c65583da91,2026-08-30 15:21:03,2026-08-30,b56d8c3b-5a9a-46ba-acf1-f809842dd843,COMIC_COVER,3888,Fallen Son: The Death of Captain America,COMMON,1.00,0x96f8a417f33fc0aacb75ffdc698ca3169e5391e3,0x1b7ea6b0eebc1e8b65bff1879463e69242ca4c31,,
705cfbd9-5948-44a4-a93f-1fc11c4688cf,2026-08-30 15:19:56,2026-08-30,ab430454-99cf-4b4a-bcc6-5c4ed737512d,COMIC_COVER,8988,Captain America,UNCOMMON,29.79,0x1e58f98298255cd86c3b199f4d0889b3cc1c5906,0x40ee1a2354242e5706ab98908175078baf2ba108,,
50272288-6373-4579-ac33-01eb288d77e7,2026-08-30 15:15:49,2026-08-30,bc64c1a9-5efe-4b52-824d-27ffed8b13e4,COLLECTIBLE_TYPE,678,Lightning,RARE,2.00,0xc9f3376c16946692a2ea98441f4f4c01117c533e,0xc261110aa6477c3f92aad500d3c4f72b06b9ae37,Mikeysab,
562866cb-0f7e-4307-8f8c-7846e026b26e,2026-08-30 15:13:29,2026-08-30,01bd4803-ce5d-45ed-9cfa-1d225aa8450a,COMIC_COVER,926,Saga of the Sub-Mariner,COMMON,1.49,0xc6730f46c02113ceb47ebd590544b9f7eba39f00,0x11e4731a41f20e328d69d714b7d2a5fc5ebdef8a,,
c2442e88-be7f-4b85-b47e-596e8a53150d,2026-08-30 15:13:12,2026-08-30,05df9412-ca87-4492-8454-81f73a88c171,COLLECTIBLE_TYPE,5536,MOTOMICHI - Eyes,SECRET_RARE,15.99,0x2987ae6783663ee94489079427a9b57fa81a2eb8,0x11e4731a41f20e328d69d714b7d2a5fc5ebdef8a,rafouz,
5e402826-1d40-4de2-8c40-98b340776fbd,2026-08-30 15:12:47,2026-08-30,62cf09ca-e5f2-4695-8394-c0209bf56422,COLLECTIBLE_TYPE,715,Raphael - Dojo Discipline,RARE,35.00,0xc6730f46c02113ceb47ebd590544b9f7eba39f00,0xc213c0a5712ab775639f59995d4e5612b6267fc7,,
b0c89cb6-89c1-4193-9c30-b4b091b7f8b5,2026-08-30 15:10:19,2026-08-30,bc64c1a9-5efe-4b52-824d-27ffed8b13e4,COLLECTIBLE_TYPE,688,Lightning,RARE,2.00,0xc17413a468119daf012bc7a534716a8d5002120f,0x1b7ea6b0eebc1e8b65bff1879463e69242ca4c31,,
4d668fef-cabc-4ffc-80e9-a59bcc8eae66,2026-08-30 15:07:35,2026-08-30,11bc19eb-ef1b-4fa0-8e0d-1a8281197e90,COLLECTIBLE_TYPE,236,Ghost-Spider,COMMON,5.00,0x168b171bce00c6b092b1b90305331a4dac091cdf,0x7cf04ae916d1a2ab09da34f69d91d0465c0306e1,,
2ad8ddf6-a297-4bcd-bbe8-1f47ed207102,2026-08-30 15:07:16,2026-08-30,11fda9b0-018f-4fd4-93a6-5b11e8a5d050,COMIC_COVER,4846,Black Panther,ULTRA_RARE,6.99,0x32882f99e9ffa50c5b427b4629ccb47bb490d90e,0xfa6d26be297af9fb4765c2bb447dea4a5ff9a7f7,,
1795e6dd-743a-4916-9a12-ce86aef746cf,2026-08-30 15:06:24,2026-08-30,05df9412-ca87-4492-8454-81f73a88c171,COLLECTIBLE_TYPE,2291,MOTOMICHI - Eyes,SECRET_RARE,15.99,0x3d8e48bc28e2e756dbc5febc7790cbfbdcaa1d83,0xbb5903b0082830c3e78e912a908efbc21d02d2d0,,Dekri
f7b2c45f-f1a0-465f-ac5a-bf4bc5d6d571,2026-08-30 15:05:30,2026-08-30,a6bf0034-23a4-47f8-a20b-90016dfa75d3,COMIC_COVER,5533,The X-Men,COMMON,3.00,0x7e83c3cb90d4e7cde15a168206907306eeed77ad,0x1414dc57ef8d6073f4d1bb61ff8e59fc7a2ab09a,,
5f86e4ee-05f2-4e4e-9ea3-6409bffcf7bc,2026-08-30 15:05:20,2026-08-30,2641f79e-8ce8-4b3f-9806-de801d475c14,COMIC_COVER,5223,Captain America,COMMON,58.00,0x80f3bde052cdbb0170691b132f51acbc6efc84a9,0x290f31fcffd92421cb6922e9e5376149f03a1210,,
aee2971f-14b8-4e75-bf58-4c2dbde9f98c,2026-08-30 15:05:08,2026-08-30,f3938f15-32da-426e-acd6-f482f246f88f,COMIC_COVER,5884,Daredevil,COMMON,3.00,0x7e83c3cb90d4e7cde15a168206907306eeed77ad,0x1414dc57ef8d6073f4d1bb61ff8e59fc7a2ab09a,,
7587b71c-2de1-4adb-9a90-6ae8e375fe62,2026-08-30 15:04:33,2026-08-30,d031f29a-3b9f-4316-b78f-36ba56192bc3,COLLECTIBLE_TYPE,1384,Happy Lunar New Year! - White,COMMON,1.25,0x3d8e48bc28e2e756dbc5febc7790cbfbdcaa1d83,0x4b0c67b4b9f611394f748944f672a328dcf1ab84,,
0f2385f1-85e7-4d71-aae5-c30498484b0d,2026-08-30 15:03:54,2026-08-30,e955dcc5-43e2-4cdd-a978-c8b66ddd6c96,COLLECTIBLE_TYPE,555,Miura - Arancio Miura,UNCOMMON,29.00,0xf89afda53556ad3a89acfc72648cd94f5994bb54,0x229d5a5db58654d41dc8276bcac2975aaa45e1ea,,
7af516de-a74c-4d7d-89eb-e5ca0528603c,2026-08-30 15:00:47,2026-08-30,d40158c7-c456-4377-980a-9c5cc6f99bc1,COLLECTIBLE_TYPE,1006,Ryu,COMMON,39.95,0x89b6d497142e168621cb121d4f86f02311332035,0xc17413a468119daf012bc7a534716a8d5002120f,,
0b683076-2b7c-4519-bb0e-cf60f8ffd8d2,2026-08-30 14:55:32,2026-08-30,0bfb1239-b03a-4084-bafe-770796eece82,COLLECTIBLE_TYPE,2550,Wolverine - Blue and Yellow suit,RARE,59.00,0xc17413a468119daf012bc7a534716a8d5002120f,0xf766f95fa592646f068a1821e5b6496efaf1a3bf,,
4e0d593c-dc4c-4834-8eb3-267962b7a849,2026-08-30 14:51:39,2026-08-30,0c90c49f-d867-47de-991f-d5b5606ffb09,COLLECTIBLE_TYPE,1597,Namor - Phoenix,COMMON,11.00,0xc6730f46c02113ceb47ebd590544b9f7eba39f00,0x9617ab310a5bb465e5bdc9787ac05099f781f93a,,
892a1a95-a7bf-424e-acb5-126b9b0bbce7,2026-08-30 14:50:52,2026-08-30,0c90c49f-d867-47de-991f-d5b5606ffb09,COLLECTIBLE_TYPE,286,Namor - Phoenix,COMMON,11.00,0xc17413a468119daf012bc7a534716a8d5002120f,0xf766f95fa592646f068a1821e5b6496efaf1a3bf,,
85358c09-17f9-481d-b2f3-822fd3aaad09,2026-08-30 14:49:28,2026-08-30,ca3678e8-3ed8-4db0-ac03-da39f94d2c99,COLLECTIBLE_TYPE,1412,Turtle,COMMON,1.90,0x7aa2d616c1df66f14ee1f172ecbd2c5578e49896,0xc457ed30b0c2de220aaabe26fdb5f46d15e1eb25,,
82eb6db9-c8d9-4a90-9f83-334a7a5d0aaa,2026-08-30 14:48:35,2026-08-30,05df9412-ca87-4492-8454-81f73a88c171,COLLECTIBLE_TYPE,1518,MOTOMICHI - Eyes,SECRET_RARE,15.99,0x3d8e48bc28e2e756dbc5febc7790cbfbdcaa1d83,0x11e4731a41f20e328d69d714b7d2a5fc5ebdef8a,,
34ba0c8d-9d07-48d3-a2a0-bbad23a5d382,2026-08-30 14:45:33,2026-08-30,140c4d6e-dc5c-43cc-8cb6-fc4347d66f00,COMIC_COVER,1923,Journey into Mystery,RARE,15.00,0x32882f99e9ffa50c5b427b4629ccb47bb490d90e,0xbd44ce5717bcbef7a4d4d1ecde7c87fe23e47325,,a1nstinct
02868f03-f488-45da-a149-f137ef975af7,2026-08-30 14:43:00,2026-08-30,ab430454-99cf-4b4a-bcc6-5c4ed737512d,COMIC_COVER,6080,Captain America,UNCOMMON,29.79,0x1e58f98298255cd86c3b199f4d0889b3cc1c5906,0xbb4d2bfcbb6f5c124aa3c4f3b8e021687591e3f1,,kev300
c5083489-783a-4645-a1aa-0574501df14b,2026-08-30 14:42:34,2026-08-30,bc64c1a9-5efe-4b52-824d-27ffed8b13e4,COLLECTIBLE_TYPE,286,Lightning,RARE,2.00,0xc9f3376c16946692a2ea98441f4f4c01117c533e,0xf766f95fa592646f068a1821e5b6496efaf1a3bf,Mikeysab,
7f5620d9-959a-49d6-9898-74bd86eb2ed0,2026-08-30 14:41:23,2026-08-30,268094d3-23be-4dc3-9f23-8dd0c5e98c1b,COLLECTIBLE_TYPE,833,Corey,UNCOMMON,3.99,0x6a0ef2e2860fe2faed9ea7454f3bb9011993f71c,0xbb5903b0082830c3e78e912a908efbc21d02d2d0,,Dekri
0ab2e234-1e7a-444e-a389-bfa9da7233e1,2026-08-30 14:38:54,2026-08-30,06215653-c578-44d4-a81b-3afff9192652,COLLECTIBLE_TYPE,32254,Tiny Jones,COMMON,1.00,0x0c43b80b0fa9270f027b28c9a87ec8f0a4880291,0xed1464754135dd6bfd54e03955ff0bf832f7a225,,
dea98ef0-f1b5-4c41-9dd2-30e48163f745,2026-08-30 14:28:49,2026-08-30,986d5f46-3897-4128-85cb-c3bb7ca25273,COMIC_COVER,912,Black Panther,COMMON,2.19,0x25461a60406f0a12d9f082a5fadb20e21b79c377,0x5cdedd5740f8ba8f3f6f198e9ca336ff5d8d9d11,,
296d30f5-4423-42ba-975c-95f1a54b722a,2026-08-30 14:26:54,2026-08-30,268094d3-23be-4dc3-9f23-8dd0c5e98c1b,COLLECTIBLE_TYPE,828,Corey,UNCOMMON,3.99,0x6a0ef2e2860fe2faed9ea7454f3bb9011993f71c,0x42a5270e90fe1f458c9b2f534b99b05ee8121f8e,,Euronymous
c39ce294-e055-4ec1-95cd-794b081bc876,2026-08-30 14:23:35,2026-08-30,85f31f35-a752-43f1-a4d2-9f10d6c64e80,COLLECTIBLE_TYPE,725,Death Trooper DLT-19D - Running,UNCOMMON,6.99,0x9acb3a789126289f004c37610ce7b8e806dbe65d,0x21188c1d9afb6cc5a0243f6f8dcd5d149e7672e9,,Sfriedl6969
43ea426e-6fca-420a-856c-400f31b99b7b,2026-08-30 14:21:21,2026-08-30,3433fd68-68f4-4977-99d9-a0c2a6e99199,COMIC_COVER,2339,Fantastic Four,RARE,8.99,0x66e3d5ffa80294c8822aad57f6a73e715ef8a169,0x11e4731a41f20e328d69d714b7d2a5fc5ebdef8a,,
6c4b4cfe-54e6-4288-9dc8-4cc74694309d,2026-08-30 14:20:00,2026-08-30,8923aaae-bae7-4473-8c74-fe5c3b9a5878,COLLECTIBLE_TYPE,610,Elektra – Weapon of the Hand,UNCOMMON,3.00,0x02fe9180b67a2a4d74dfd81fc98a995437272fd0,0x21188c1d9afb6cc5a0243f6f8dcd5d149e7672e9,,Sfriedl6969
f4762af3-8425-4781-90d5-071ceed0eafb,2026-08-30 14:17:47,2026-08-30,cdf6fc7e-a9a4-4182-9be4-72b9711a7e05,COMIC_COVER,260,King In Black: Black Panther,UNCOMMON,2.00,0xbf0e7fe9a88a9cbfdb99d0a633a5404314053a68,0x1414dc57ef8d6073f4d1bb61ff8e59fc7a2ab09a,,
03609586-87e2-4fc9-94a4-aa9baee3454b,2026-08-30 14:16:36,2026-08-30,fccfc777-cc16-4a36-b063-8258d6e69ffe,COLLECTIBLE_TYPE,363,Boy,SECRET_RARE,24.99,0xb8d36e80819e4fc5b38a65724da4a4a62c99f366,0x259f8a275a3b973af618bd2f8c4ae897cf190660,,
d025d3db-e30e-48ba-9327-b343a2ae8569,2026-08-30 14:12:12,2026-08-30,181b278d-576e-4104-9c04-c6936484be85,COMIC_COVER,4276,Strange Tales,UNCOMMON,6.00,0x1bad8c14218f994f5cad1f48cea191ed6f81a0c5,0xc7ed902577b999c93d9425653997d9af84299085,,
b01935fb-9240-43e8-a6ea-23d2ef2c0100,2026-08-30 14:02:23,2026-08-30,80e6badb-0213-4022-9fbb-df5c52da93bf,COMIC_COVER,87,Web Of Venom,COMMON,4.99,0x373253b343196dd302bba3ba836cfa74ccadcaa3,0xbd44ce5717bcbef7a4d4d1ecde7c87fe23e47325,,a1nstinct
655b5cca-89f1-4d3f-a3c4-da388e58e6bf,2026-08-30 13:53:25,2026-08-30,4239c71a-a348-4763-9a5a-9f4c48b16e49,COLLECTIBLE_TYPE,800,Mech Bobo - Silver,RARE,9.80,0x4aae626a452dc0100bc953c7ab722ed723425f0f,0xa5cbf876c1e82b100cb1761de4f240f84eff1bf1,SleepynComics,
f8e13426-1f69-4671-b3cb-48915a93e012,2026-08-30 13:50:49,2026-08-30,2e3e8f1b-d1c8-45e5-9d12-9acd75212e8a,COMIC_COVER,3060,The Incredible Hulk,COMMON,3.00,0x7e83c3cb90d4e7cde15a168206907306eeed77ad,0xef0b3bc019d850671717d65377ec9a4f44156788,,Detectivekunkun
36654a4c-e2fb-4513-a188-5b81c17da66e,2026-08-30 13:50:48,2026-08-30,715c88cc-7b93-4bb7-94ed-addfb58c74b4,COMIC_COVER,446,Saga of the Sub-Mariner,ULTRA_RARE,6.95,0x02fe9180b67a2a4d74dfd81fc98a995437272fd0,0x98f02c317319bb8274fc9add66299568439bdc41,,
4e59c5f8-95a0-438b-8ac4-f41e165cd5ac,2026-08-30 13:48:54,2026-08-30,3a27a8ac-81b2-4fee-a329-5a7f9bcd6d66,COMIC_COVER,640,Avengers vs X-Men,ULTRA_RARE,17.00,0xaa8d060555697549431218fb06b04037b7162343,0xb04f582df0cf05164b33d3bd1359d17ba964b7fa,,
447c10b3-4179-4778-b44e-20b03be931e1,2026-08-30 13:41:06,2026-08-30,15399c5e-7cd8-46c3-9240-9db5794ceea3,COLLECTIBLE_TYPE,10102,Human Torch,RARE,8.00,0x71dd6efc94f7380650cac864e514439ae5365d00,0x8b476316c53960f5e34e1853b5906163c3c0e039,,
c3a7f997-cc9d-4846-8e84-b1e4a5b4225d,2026-08-30 13:39:50,2026-08-30,9602483b-ef7e-4d2a-9354-d6e89f351ea8,COMIC_COVER,784,X-Men,ULTRA_RARE,11.99,0x838e3367c61d45f7a467f685a7b26631286768b1,0x23894e9606d25aafee326b49bfb99818620ded83,,
831953d2-9847-4add-a35a-39e6ff975f4f,2026-08-30 13:39:11,2026-08-30,6aa8a426-c98a-4155-8895-bc0d0f7e9f55,COLLECTIBLE_TYPE,519,Record #9 - Everyone is Jealous of Me - Gold,ULTRA_RARE,8.00,0x5600ad1af21c73300d4964ed359c1836e7a659af,0x30d87cee1b69a0dd2ca0f4b76c30784483300da7,Korgull,
3bd1f76d-f639-4f6e-ba3d-96adf71a461e,2026-08-30 13:36:23,2026-08-30,d6f429e9-d2f9-4eb7-91da-7b75078155f4,COMIC_COVER,170,Avengers,UNCOMMON,1.80,0x61c9c27ba16cc392897cd6a8b3b813ca22d51ff7,0xb04f582df0cf05164b33d3bd1359d17ba964b7fa,,
4b45e191-6036-4a3a-a938-68bf18ea6201,2026-08-30 13:28:37,2026-08-30,d5f13331-1547-4e56-994d-073529033c7f,COLLECTIBLE_TYPE,1436,Marvel Iron Man 18”  – Red,COMMON,50.00,0x9af72bf8d20e3db1c1ffd8d84258fad28227ca74,0x4dd2e3776a7acf2f116cc4a4827fa7e7e537924b,,
5d582a1f-4d2e-4657-8e96-d15c01aca81e,2026-08-30 13:28:37,2026-08-30,5a629d81-f499-4da6-bff6-419f1c27e921,COLLECTIBLE_TYPE,606,Karina,RARE,3.99,0xc7103023fc48f3c7c8f0b5f652c499aa77f35a9d,0x21188c1d9afb6cc5a0243f6f8dcd5d149e7672e9,,Sfriedl6969
be5b2c16-b6ca-4828-8c19-9550776695e7,2026-08-30 13:26:53,2026-08-30,281b563b-0575-4e2c-86a5-a91be4eac5ae,COMIC_COVER,717,Bishop,COMMON,3.50,0x23894e9606d25aafee326b49bfb99818620ded83,0x4c96b7bad7a6942a23e3ca85c9a43f5b5e224e48,,
355cd5c2-f38d-4b2e-b2cf-6beaedf9b1c1,2026-08-30 13:26:51,2026-08-30,87876723-9df8-4d39-a1fe-fbecf4b4788a,COLLECTIBLE_TYPE,2563,Supergirl,RARE,9.55,0x03bb6abd9143981b5c81b3394c512f4f0a71bbe7,0xcd89ac73b6b6dd99a80c487cbd06c459b21facdc,,
a1da994d-9f17-47a5-8a31-994836ad6764,2026-08-30 13:26:35,2026-08-30,70da4872-65b8-4c2b-8c42-44a1c3a72b14,COMIC_COVER,787,The Amazing Spider-Man,COMMON,7.98,0x23894e9606d25aafee326b49bfb99818620ded83,0x4c96b7bad7a6942a23e3ca85c9a43f5b5e224e48,,
933065f6-dcc6-4cde-965a-9de52c92ce3b,2026-08-30 13:26:14,2026-08-30,3164f5e3-044d-477d-8022-0a99dead294d,COLLECTIBLE_TYPE,1366,Leonardo - Classic,COMMON,12.00,0x7831ac4c9b585cbf93a6e2ec9c71513aafef21c4,0xcd89ac73b6b6dd99a80c487cbd06c459b21facdc,,
33d65c64-a007-47d3-97ea-97c2f177ccf7,2026-08-30 13:25:29,2026-08-30,5a83120d-b4c0-4982-85d7-3046dd7d5f4f,COLLECTIBLE_TYPE,833,Rain,UNCOMMON,1.00,0x46da3b0fa2a144c2cd8489ad988ee4027449468a,0x86cf60a40c15b78974bfcd1000e695875da24c9d,,
52394179-a4e5-4912-9320-8c04061e872f,2026-08-30 13:24:51,2026-08-30,5a83120d-b4c0-4982-85d7-3046dd7d5f4f,COLLECTIBLE_TYPE,604,Rain,UNCOMMON,1.00,0xaa8d060555697549431218fb06b04037b7162343,0x86cf60a40c15b78974bfcd1000e695875da24c9d,,
a21b0261-2daf-49ff-86b3-cccb8ebac1f0,2026-08-30 13:19:01,2026-08-30,d37184af-298d-4b47-ae13-819fb234b80d,COLLECTIBLE_TYPE,1415,Episode 12 - Arise,COMMON,1.30,0xe98552ce68c8c32db079256be6f35614b03af560,0x1414dc57ef8d6073f4d1bb61ff8e59fc7a2ab09a,,
2e85f29f-6726-4345-b382-8d0c3539facf,2026-08-30 13:04:28,2026-08-30,90b09859-6fa5-4fbf-beb9-cd8b19187dad,COLLECTIBLE_TYPE,3433,E-Rank Essence Stone,COMMON,1.00,0x2e2e8b7226daceb93b390080bc66d8d6e497d5ae,0x30d87cee1b69a0dd2ca0f4b76c30784483300da7,,
5333272c-f7d2-44f3-bfb0-6be4b6fe3b9e,2026-08-30 13:04:04,2026-08-30,90b09859-6fa5-4fbf-beb9-cd8b19187dad,COLLECTIBLE_TYPE,2151,E-Rank Essence Stone,COMMON,1.00,0x7bf630546baca53b482d8a49bf04199dc55a399b,0x30d87cee1b69a0dd2ca0f4b76c30784483300da7,,
c31dab51-188f-4397-8968-26ab36f1d685,2026-08-30 12:58:25,2026-08-30,92120f69-7690-4ca5-9906-33e04d836c1a,COMIC_COVER,996,The X-Men,COMMON,8.80,0xa37b75d980570e4e51f31281365ea55c3f7be0aa,0xc126543713eacae05138a10a925a660c3f9c82d5,,NFTLATINO
bbf10962-be9b-4d23-906d-99e557d767d5,2026-08-30 12:47:09,2026-08-30,a9bd25e9-7deb-403f-9710-15314e0bc689,COLLECTIBLE_TYPE,92,Acrobatic Surfing,UNCOMMON,1.10,0x3d846e61bb0d3fdaa04fd472fe7cbf27d1c1090b,0x07f0e30e9a5da73eaea09a5ebe39e66e6a934599,,
b91326d1-a672-48ef-be71-0ce2bc85c81f,2026-08-30 12:46:47,2026-08-30,a05e5e16-5e63-4d0c-a429-d67d5bb05e71,COLLECTIBLE_TYPE,976,Dharma Tiger,COMMON,1.94,0x06c2001ee3008e6c90e9984d531e5f64f25b6bdd,0x1b7ea6b0eebc1e8b65bff1879463e69242ca4c31,,
1066a064-36e4-4bf6-8c28-7056485accea,2026-08-30 12:46:44,2026-08-30,a05e5e16-5e63-4d0c-a429-d67d5bb05e71,COLLECTIBLE_TYPE,901,Dharma Tiger,COMMON,1.94,0x06c2001ee3008e6c90e9984d531e5f64f25b6bdd,0x1b7ea6b0eebc1e8b65bff1879463e69242ca4c31,,
be9625ec-f455-49cc-a826-0c1d57831817,2026-08-30 12:46:30,2026-08-30,78b6265b-3432-46d9-bf8d-8915492b40fe,COLLECTIBLE_TYPE,899,Amarena,COMMON,2.50,0x7831ac4c9b585cbf93a6e2ec9c71513aafef21c4,0x1b7ea6b0eebc1e8b65bff1879463e69242ca4c31,,
9d267399-8019-476c-a616-9f719525207d,2026-08-30 12:46:18,2026-08-30,28d775c0-7d11-4dba-ba79-cb8cea2ee31d,COLLECTIBLE_TYPE,495,Her Majesty,COMMON,2.56,0x7831ac4c9b585cbf93a6e2ec9c71513aafef21c4,0x1b7ea6b0eebc1e8b65bff1879463e69242ca4c31,,
803532ce-4343-4141-a816-ad84fd8d57f6,2026-08-30 12:46:17,2026-08-30,37353ee5-47b8-4498-a220-7851c6dd0923,COLLECTIBLE_TYPE,2848,Michelangelo - Classic,COMMON,10.93,0x7831ac4c9b585cbf93a6e2ec9c71513aafef21c4,0xf766f95fa592646f068a1821e5b6496efaf1a3bf,,
5c3a67ab-914b-4d33-8fb1-6f1572de68d4,2026-08-30 12:44:49,2026-08-30,2e75b438-b763-4b0d-9b36-8f3edecb6614,COLLECTIBLE_TYPE,995,Buzz Lightyear – Mission Ready,UNCOMMON,5.00,0x7831ac4c9b585cbf93a6e2ec9c71513aafef21c4,0xf766f95fa592646f068a1821e5b6496efaf1a3bf,,
c89112f0-1ac7-4bc7-bf9e-10d40f66d6ae,2026-08-30 12:34:19,2026-08-30,ebb7de05-9267-43e8-a01d-0ab08ed05e29,COLLECTIBLE_TYPE,607,Maserati Alfieri - Silver,COMMON,11.00,0x7831ac4c9b585cbf93a6e2ec9c71513aafef21c4,0x66e3d5ffa80294c8822aad57f6a73e715ef8a169,,
7747fb36-2354-4fc9-bc21-03dac723717d,2026-08-30 12:28:58,2026-08-30,3f1ea2f1-7e0d-487a-8fe2-b441a7b19431,COLLECTIBLE_TYPE,255,Black Widow,RARE,7.00,0x7831ac4c9b585cbf93a6e2ec9c71513aafef21c4,0x11e4731a41f20e328d69d714b7d2a5fc5ebdef8a,,
ee047555-9a48-4127-82bb-8b3fafcad2aa,2026-08-30 12:28:23,2026-08-30,5aff9179-4f70-4cf3-8539-c3ba7d31dd02,COLLECTIBLE_TYPE,858,1938 Martha Washington,UNCOMMON,1.20,0xe3dfcb781d03e048559cd784c3b02fb6ac04992e,0x0fd61e3bedbdb1de44fe2002d0f4cb2507fb650c,g5551212,
5880ea4c-563b-4483-a80d-835f52a1f4e0,2026-08-30 12:18:46,2026-08-30,4da97803-e2dd-459d-ba70-a44b51aaa9a7,COLLECTIBLE_TYPE,1618,Exitar the Exterminator,UNCOMMON,5.00,0x7831ac4c9b585cbf93a6e2ec9c71513aafef21c4,0x1414dc57ef8d6073f4d1bb61ff8e59fc7a2ab09a,,
2e21faa5-6421-425e-9de5-d657a0005850,2026-08-30 12:16:54,2026-08-30,2641f79e-8ce8-4b3f-9806-de801d475c14,COMIC_COVER,7799,Captain America,COMMON,58.00,0xb9403d1f9a99f82b4b7e37a17f3f17c29891bcf3,0x23894e9606d25aafee326b49bfb99818620ded83,,
2aeb2b52-bb59-4214-a3a0-c87fc77f32ef,2026-08-30 12:15:51,2026-08-30,a91046a6-6287-4cd7-9bf9-e4b6972dcc6e,COMIC_COVER,34025,Star Wars (1977),ULTRA_RARE,33.99,0xb17fa18c112548575e53ba3320879777e0aa91af,0x5d77786b0e9d872a45833d6a3f405724d426e133,,
91392297-bf56-4879-8c98-ef34bbba16ae,2026-08-30 12:15:38,2026-08-30,2dfc0964-8dea-40c6-89b6-ab5ee2b65171,COMIC_COVER,607,Bring On The Bad Guys: Mephisto,UNCOMMON,7.98,0x0b47cdaa4945e889fd42389fa40c25720481f0ac,0x1414dc57ef8d6073f4d1bb61ff8e59fc7a2ab09a,Preda,
94152896-4ac7-49f9-b525-a641c3f13360,2026-08-30 12:15:19,2026-08-30,ccb8756e-a102-460f-b4ac-4701c3e227b1,COMIC_COVER,669,Ben 10,COMMON,7.98,0x0b47cdaa4945e889fd42389fa40c25720481f0ac,0x1414dc57ef8d6073f4d1bb61ff8e59fc7a2ab09a,Preda,
f9eb578e-923f-4078-bbe8-fe3bac72eca8,2026-08-30 12:14:19,2026-08-30,9d9643bc-a33f-4a4b-a397-7162e4cff142,COLLECTIBLE_TYPE,532,Nijiko,RARE,8.00,0x7831ac4c9b585cbf93a6e2ec9c71513aafef21c4,0x2bf96b226bb98dbed4646e703155d6b62a3c5d1d,,
4f54ea1a-61b3-47ef-ac19-129bed22f5c4,2026-08-30 12:14:05,2026-08-30,e41de622-12b7-427c-ab74-d75cd5859aee,COMIC_COVER,948,Journey Into Mystery,COMMON,3.39,0xab5066b45f3b731f4b0069e67ea886d1dad865b1,0xb998ec534480612fd1f3472ea8565f66c5069424,,
e4d3edbb-b40e-44cb-99ab-05addbb25027,2026-08-30 12:11:30,2026-08-30,02440fa1-2437-4ee1-9b02-d09c2bfe1c33,COMIC_COVER,7733,Silver Surfer,RARE,7.00,0xaf01c6783191f3306d3fe3875a53761963d4bb2e,0x993a5cb22d1378644d6cc21c166b5af0ac3e07e4,,
6fbd01dd-2224-43a8-a629-a695ef95ce87,2026-08-30 12:11:10,2026-08-30,7aefc64f-2a8f-4412-800d-25f1e3699c90,COLLECTIBLE_TYPE,1753,Aang - Airbender,COMMON,20.00,0x032976e2ce4eb44c6e1a452089c897f068879537,0x56b1747aa88bc3c9fee93def5955d1d882d1c687,masterroni,
d45c3123-99f8-4c92-8cb8-d03458c73dd7,2026-08-30 12:11:02,2026-08-30,8462ada4-cf14-438d-b274-34bb179b9f97,COMIC_COVER,803,Doom 2099: Rage Of Doom,COMMON,2.95,0x88e8fe8c552a59be0a9c21b74a41fd5fbcbf2dee,0x1414dc57ef8d6073f4d1bb61ff8e59fc7a2ab09a,Aroostic,
3d461ed2-400e-4f7c-8207-a70ac40d92f5,2026-08-30 12:09:59,2026-08-30,c05eff63-3b77-4192-b418-102261ae557a,COMIC_COVER,3003,"Peter Parker, the Spectacular Spider-Man",COMMON,2.99,0xda8eda62175d1a2b3e3f860fa0138a9a773b9c0c,0x1414dc57ef8d6073f4d1bb61ff8e59fc7a2ab09a,,
7afa6114-bbd3-4bfd-823d-d105b316b7c5,2026-08-30 12:09:27,2026-08-30,9cc31e5a-7bfd-4524-b718-4abd9d87d68e,COMIC_COVER,513,Cable: Love And Chrome,COMMON,6.98,0xaa8d060555697549431218fb06b04037b7162343,0x1414dc57ef8d6073f4d1bb61ff8e59fc7a2ab09a,,
75ab3d3d-300a-4339-81b4-d9b208144fa8,2026-08-30 12:07:26,2026-08-30,6ad11191-e139-4f4f-ad42-ddacff63529a,COMIC_COVER,2114,Tarzan,COMMON,2.35,0x7e83c3cb90d4e7cde15a168206907306eeed77ad,0x1414dc57ef8d6073f4d1bb61ff8e59fc7a2ab09a,,
942eac16-8722-43b5-af84-ebe528b9a6e0,2026-08-30 12:05:57,2026-08-30,f64f5581-0640-4c33-873d-1d798c086e24,COLLECTIBLE_TYPE,5093,Stormtrooper,COMMON,9.50,0x71c72a3dd6e632d0aff4732832164acedc7edaa4,0x5d77786b0e9d872a45833d6a3f405724d426e133,,
504bbf2f-fd38-4002-a1f5-a4a1fcca3ab6,2026-08-30 12:05:18,2026-08-30,025a320d-8bce-4fad-9cb2-4b41d6a2f727,COLLECTIBLE_TYPE,1075,Sung Jinwoo - Weakest Hunter,COMMON,14.99,0x7fe04c9f42e06bc90eb2d9d8b7e691dd9bbf8b95,0x56b1747aa88bc3c9fee93def5955d1d882d1c687,,
bb5eb103-6ab3-46a5-8d2c-2d2f64c091ee,2026-08-30 12:05:12,2026-08-30,025a320d-8bce-4fad-9cb2-4b41d6a2f727,COLLECTIBLE_TYPE,1079,Sung Jinwoo - Weakest Hunter,COMMON,14.99,0x741a844ef54e7571da85fd9355cab541319f05fd,0x56b1747aa88bc3c9fee93def5955d1d882d1c687,,
1cf5b845-6f34-46af-bc48-ddd1df48c756,2026-08-30 12:02:17,2026-08-30,e6ef0939-167c-4aba-9ca4-c52b373062cd,COLLECTIBLE_TYPE,1301,1861 Benjamin Franklin (originally one cent),COMMON,2.88,0xbb5903b0082830c3e78e912a908efbc21d02d2d0,0xf766f95fa592646f068a1821e5b6496efaf1a3bf,Dekri,
b7e5b687-af1b-43f1-aa18-dda407fd7dad,2026-08-30 12:02:05,2026-08-30,d7653204-a3c1-4b9c-8d0b-1f6d7a45e467,COMIC_COVER,319,Spider-Man Swing Shift Director's Cut,SECRET_RARE,79.00,0xe6e9d9c77c0bc351a53086a568cd9d9663fe1a9a,0x5d77786b0e9d872a45833d6a3f405724d426e133,,
308b4681-f241-4ce9-8cdc-ba593155bcbb,2026-08-30 12:01:27,2026-08-30,38c59645-a19f-450d-95bd-983fa8d34af4,COMIC_COVER,887,Spider-Man Swing Shift Director's Cut,ULTRA_RARE,9.99,0x3b44ebc2f886f28a6de1ad7713b9ca9be7bb8324,0x5d77786b0e9d872a45833d6a3f405724d426e133,SunChardBV,
360be151-63b4-4833-a054-46febd6a5da9,2026-08-30 11:56:52,2026-08-30,ebf0810d-353d-49d2-9fd8-032aaae61f6a,COLLECTIBLE_TYPE,2649,Magic Lamp from Aladdin,UNCOMMON,14.00,0xbb5903b0082830c3e78e912a908efbc21d02d2d0,0xf766f95fa592646f068a1821e5b6496efaf1a3bf,Dekri,
f9dd0472-dbd4-4a9d-a12d-8511bc90a7ab,2026-08-30 11:56:34,2026-08-30,4375fc8d-2165-4efa-aedb-4ca5429d3f15,COLLECTIBLE_TYPE,3417,Lunar New Year: Rabbit,UNCOMMON,1.00,0xcbd13edb4fe005e4c3bf67108909a1402a0eb269,0x43d610ca8ef96016df0e0ae06b51e001dd5cec8d,,
b2950e19-a9bd-4f52-9c76-5ef931541d72,2026-08-30 11:56:18,2026-08-30,c3df7496-e8e7-4507-b80a-5c2b5d996645,COLLECTIBLE_TYPE,2072,#100 Todd McFarlane Batman,COMMON,489.00,0x32a80a79d715b99297f10939baea7f78d8e6a3e8,0x7831ac4c9b585cbf93a6e2ec9c71513aafef21c4,,
46562da5-82fa-4f1f-93ef-482ba1bb7aaa,2026-08-30 11:54:51,2026-08-30,c844b748-f9f8-41d4-98c1-ed3178f379ba,COLLECTIBLE_TYPE,929,Donald Duck,UNCOMMON,9.90,0x3e2d118d6325e640993407e820841f5f723cf59e,0x21188c1d9afb6cc5a0243f6f8dcd5d149e7672e9,,Sfriedl6969
d34944fb-4a66-4592-bfff-2b6b63f5d31f,2026-08-30 11:53:50,2026-08-30,d96c6595-4e49-4055-af0e-50c21356fc94,COLLECTIBLE_TYPE,7342,Lions United,COMMON,3.22,0x19e821b49a199e1a209d5bd4c153153ca131f27d,0x570219fd78526bb9a5ab5c0c5680254b201044e1,,
31be5ce3-51ff-4d77-a78e-dd76f1cc7fff,2026-08-30 11:53:16,2026-08-30,93b4088f-cf53-462a-aba1-20820497c866,COMIC_COVER,308,Contest of Creatures,COMMON,2.00,0x0b47cdaa4945e889fd42389fa40c25720481f0ac,0x570219fd78526bb9a5ab5c0c5680254b201044e1,Preda,
5da03932-cd8f-4ee4-8edf-b08d34314d86,2026-08-30 11:48:47,2026-08-30,c00630d3-6aaa-412a-a9d3-ffe68fceba5a,COLLECTIBLE_TYPE,1212,Donatello - Classic,COMMON,7.77,0x5a3dc65a0c9b2498744937c4b3ed708091d9f7bb,0x21188c1d9afb6cc5a0243f6f8dcd5d149e7672e9,,Sfriedl6969
b5617d11-c25b-41c6-b275-248988edc010,2026-08-30 11:47:19,2026-08-30,37353ee5-47b8-4498-a220-7851c6dd0923,COLLECTIBLE_TYPE,1212,Michelangelo - Classic,COMMON,10.93,0x0b47cdaa4945e889fd42389fa40c25720481f0ac,0x21188c1d9afb6cc5a0243f6f8dcd5d149e7672e9,Preda,Sfriedl6969
62c925ed-6d78-487e-a6be-8a8ddc80c6fd,2026-08-30 11:38:08,2026-08-30,137a4194-7554-4ee9-ae76-c5711378f0b3,COMIC_COVER,408,The Diabolical Duck Avenger,COMMON,1.99,0x62959ebf3a60737fca3a45f526a92520e9988ebc,0xd19b8b0bb9dcc1fa6c8d732c0882070855a7bed6,,
19ff52a1-649e-4642-8cb1-89bea2455810,2026-08-30 11:32:46,2026-08-30,3c18e90f-95f9-421f-b0f9-4c73d9234b49,COMIC_COVER,13527,Tales of Suspense,COMMON,2.20,0xaa8d060555697549431218fb06b04037b7162343,0x7aeeeaa9b2dd1cc47a8e75e85c5923680e580bdd,,
8d45faaf-f0e7-41b6-82f8-5f6c660f37f2,2026-08-30 11:32:42,2026-08-30,3c18e90f-95f9-421f-b0f9-4c73d9234b49,COMIC_COVER,14792,Tales of Suspense,COMMON,2.20,0xaa8d060555697549431218fb06b04037b7162343,0x7aeeeaa9b2dd1cc47a8e75e85c5923680e580bdd,,
7fbb3e97-7730-4f54-bc05-4c4427cdcc99,2026-08-30 11:28:10,2026-08-30,798a6596-1284-45ee-b5ed-fde755e05803,COLLECTIBLE_TYPE,443,Flying The Little Prince,ULTRA_RARE,38.85,0xc0db785bab730b247f9afbf4f72ded6779dbf3f1,0xa593b64deb5f672639b7b8d33d115f7bc55cbdd9,,sc0tchy
8767e53e-18ea-4276-a569-d74c5e258601,2026-08-30 11:27:53,2026-08-30,e6e5683f-5b64-4842-8f74-912a0fc919ba,COLLECTIBLE_TYPE,2588,Homer & Bart,COMMON,61.99,0xc7103023fc48f3c7c8f0b5f652c499aa77f35a9d,0x287c23aa72024acf2c132b21c9b5040928976687,,
1e6290d4-7b0c-45f5-be5b-f4eb0a9225fd,2026-08-30 11:25:18,2026-08-30,3c18e90f-95f9-421f-b0f9-4c73d9234b49,COMIC_COVER,18990,Tales of Suspense,COMMON,2.20,0xaa8d060555697549431218fb06b04037b7162343,0x7aeeeaa9b2dd1cc47a8e75e85c5923680e580bdd,,
49851524-50f8-4118-8768-d5454ce9bc9d,2026-08-30 11:23:27,2026-08-30,e6ef0939-167c-4aba-9ca4-c52b373062cd,COLLECTIBLE_TYPE,1301,1861 Benjamin Franklin (originally one cent),COMMON,2.88,0xdafbc5ea5117b7c00d209b0a8783c56f5a3abe49,0xbb5903b0082830c3e78e912a908efbc21d02d2d0,thesnackman,Dekri
cddb064f-c2a1-40cc-b111-51081556cd5b,2026-08-30 11:23:03,2026-08-30,6c2e0c21-ecec-421d-a15c-6e1e18923f67,COLLECTIBLE_TYPE,255,M.O.D.O.K.,SECRET_RARE,14.85,0xdafbc5ea5117b7c00d209b0a8783c56f5a3abe49,0x6a43c295536d57129e9617690003232cf38ce5a1,thesnackman,
cee2d1ef-fcc3-4f51-836f-ad77cf3d8b57,2026-08-30 11:22:54,2026-08-30,ebf0810d-353d-49d2-9fd8-032aaae61f6a,COLLECTIBLE_TYPE,2649,Magic Lamp from Aladdin,UNCOMMON,14.00,0xdafbc5ea5117b7c00d209b0a8783c56f5a3abe49,0xbb5903b0082830c3e78e912a908efbc21d02d2d0,thesnackman,Dekri
02ab4f46-b204-4693-95c8-0c56fcaeafc9,2026-08-30 11:20:56,2026-08-30,0bcd0d5d-0bbc-4f38-8827-8b79312baa81,COMIC_COVER,1949,Captain America,ULTRA_RARE,135.00,0x2a023e90362787449c85607d785d0cefbe4d0386,0x40ee1a2354242e5706ab98908175078baf2ba108,,
d928ca63-26e7-45be-b9ea-6fd3bb0eb611,2026-08-30 11:16:37,2026-08-30,15399c5e-7cd8-46c3-9240-9db5794ceea3,COLLECTIBLE_TYPE,7674,Human Torch,RARE,8.00,0xdafbc5ea5117b7c00d209b0a8783c56f5a3abe49,0x6a43c295536d57129e9617690003232cf38ce5a1,thesnackman,
45b625f3-cff8-4f7c-8a18-9be6364d2135,2026-08-30 11:07:55,2026-08-30,3de45cbc-3a22-433d-92c0-a8099d775e8d,COLLECTIBLE_TYPE,1424,Green Lantern (Hal Jordan),ULTRA_RARE,19.75,0xb9403d1f9a99f82b4b7e37a17f3f17c29891bcf3,0xe44b2a3fb3296ff46be3717fe2fe7b1779fa6813,,
71fdcafb-dd56-42bc-a28d-d45e3108331f,2026-08-30 10:48:03,2026-08-30,bfc830d9-4653-4599-b0ec-770a5d9d0bd6,COLLECTIBLE_TYPE,5400,Chupacabra,COMMON,2.99,0xf766f95fa592646f068a1821e5b6496efaf1a3bf,0x70589d1b497216e9746730fb1f502245f14642c1,,
0b477f89-5d0e-4e4a-a07a-9cdd995bab09,2026-08-30 10:47:29,2026-08-30,8fc5ef65-80b8-4b61-9cad-3a8de0cc472a,COLLECTIBLE_TYPE,2576,Nessie,COMMON,2.99,0x03bb6abd9143981b5c81b3394c512f4f0a71bbe7,0x70589d1b497216e9746730fb1f502245f14642c1,,
83951824-a6ac-42b2-bb2e-3374475ece0f,2026-08-30 10:44:39,2026-08-30,440badb6-242f-414a-bc86-db6f15f2cc8b,COLLECTIBLE_TYPE,2745,Jake the Dog,UNCOMMON,8.90,0xc10e72822a1d520cac50bf6a8d71d09f10c31462,0x70589d1b497216e9746730fb1f502245f14642c1,MrChamp,
d017c071-f163-4d6d-aa22-4d6a21bc0aab,2026-08-30 10:38:40,2026-08-30,c87d68f0-dbcd-4fb9-b472-bb7fd8381046,COLLECTIBLE_TYPE,892,Brown Horse Ver.,UNCOMMON,4.30,0xc6730f46c02113ceb47ebd590544b9f7eba39f00,0xf6ca21ccc4d688ad626654d053acc1f37fdc0546,,
c7adc2ba-835b-47e3-83bb-54c11e6489ec,2026-08-30 10:36:55,2026-08-30,a05e5e16-5e63-4d0c-a429-d67d5bb05e71,COLLECTIBLE_TYPE,1593,Dharma Tiger,COMMON,1.94,0x06c2001ee3008e6c90e9984d531e5f64f25b6bdd,0xf6ca21ccc4d688ad626654d053acc1f37fdc0546,,
a1647585-75f7-4f25-942f-56dd5d134e11,2026-08-30 10:29:30,2026-08-30,1caa5bea-47e0-475f-bf8d-058d08e6ebdb,COMIC_COVER,110,Black Panther,ULTRA_RARE,6.99,0x27f1beb00cb6e96923350e8e6165317992216df9,0xda4cc06af201e48d16264181d2246e52d368efcd,,
20022504-87ad-4439-934e-c388327c3af5,2026-08-30 10:29:05,2026-08-30,3bb4a28b-e7ef-49a7-9930-f5c042f1fbe9,COLLECTIBLE_TYPE,1153,Guile,COMMON,31.00,0x7fe04c9f42e06bc90eb2d9d8b7e691dd9bbf8b95,0x0bd508271a2932ac342a16b9267bd31429b917b7,,
435554e6-9640-4c73-be3d-231639ee3083,2026-08-30 10:17:26,2026-08-30,254501a1-7fd7-4d57-a4e0-eb3e70b965b5,COLLECTIBLE_TYPE,2838,Thor - Battle for Asgard,RARE,5.50,0xab5066b45f3b731f4b0069e67ea886d1dad865b1,0x3e10c3fbb7266b9cd7a732fefc932e572cc45bf7,,
5b5dc622-beab-48cb-9e78-c99fce77eb12,2026-08-30 10:07:34,2026-08-30,3de45cbc-3a22-433d-92c0-a8099d775e8d,COLLECTIBLE_TYPE,398,Green Lantern (Hal Jordan),ULTRA_RARE,19.75,0xab5066b45f3b731f4b0069e67ea886d1dad865b1,0x0fd61e3bedbdb1de44fe2002d0f4cb2507fb650c,,
ff3b30b5-a98e-4c6a-92b2-c00cbc3439c9,2026-08-30 10:00:04,2026-08-30,1f4c9bbd-f55c-41b5-b368-b70d940cdb05,COMIC_COVER,11353,Strange Academy,COMMON,2.20,0x7e83c3cb90d4e7cde15a168206907306eeed77ad,0x53861bc57546c0cee95a67d939b0937ee82945c0,,
13fb13e3-f631-41b1-9882-e885126519fd,2026-08-30 09:58:38,2026-08-30,9ddfffaa-8b89-4453-bf61-58d714ab5181,COMIC_COVER,5703,Spider-Men,ULTRA_RARE,222.00,0x11e4731a41f20e328d69d714b7d2a5fc5ebdef8a,0x53861bc57546c0cee95a67d939b0937ee82945c0,,
28334121-24b1-462f-ba06-d2c39c0c5500,2026-08-30 09:58:32,2026-08-30,9d725395-7649-4f36-bbee-c312c005484b,COMIC_COVER,1480,Spider-Men,RARE,6.70,0x5e393d566a32fbad55e8e998998b1467c3a92bad,0x53861bc57546c0cee95a67d939b0937ee82945c0,,
3db3aad3-fca2-4dad-95a4-efe2fc6b92b9,2026-08-30 09:58:25,2026-08-30,f2f0266a-a396-4afb-b35c-4af95c16cc53,COMIC_COVER,4535,Spider-Men,UNCOMMON,6.99,0x40ee1a2354242e5706ab98908175078baf2ba108,0x53861bc57546c0cee95a67d939b0937ee82945c0,,
0331f335-9ae4-4e4b-a72e-9e60649ab44a,2026-08-30 09:56:40,2026-08-30,8379902f-bee6-4951-897a-39e4aa0eefef,COMIC_COVER,16026,Sgt. Fury And His Howling Commandos,RARE,5.19,0x7e83c3cb90d4e7cde15a168206907306eeed77ad,0x53861bc57546c0cee95a67d939b0937ee82945c0,,
38f2c90e-aae0-4648-954c-302181400a18,2026-08-30 09:54:51,2026-08-30,f5e0f729-c64c-4d77-bdf6-831cc180a9fa,COLLECTIBLE_TYPE,16265,Ikaris,COMMON,1.88,0xdf362c0ae03720bb11924c2ea13ceac44282d309,0x6a43c295536d57129e9617690003232cf38ce5a1,,
ee2bc409-75d0-4e88-b608-ac10bd283d9a,2026-08-30 09:54:47,2026-08-30,f5e0f729-c64c-4d77-bdf6-831cc180a9fa,COLLECTIBLE_TYPE,12670,Ikaris,COMMON,1.88,0xf6ca21ccc4d688ad626654d053acc1f37fdc0546,0x6a43c295536d57129e9617690003232cf38ce5a1,,
f2c4365d-00c7-4c24-8f1a-add7bd0a8a00,2026-08-30 09:54:43,2026-08-30,f5e0f729-c64c-4d77-bdf6-831cc180a9fa,COLLECTIBLE_TYPE,10317,Ikaris,COMMON,1.88,0xf6ca21ccc4d688ad626654d053acc1f37fdc0546,0x6a43c295536d57129e9617690003232cf38ce5a1,,
a4ae084f-83c0-4740-9b4a-016a4152b4c8,2026-08-30 09:54:25,2026-08-30,5da277e1-31b3-4d38-8ae4-6a1edc188a12,COLLECTIBLE_TYPE,4452,Lady Deadpool,COMMON,3.00,0x6dd3e4e3b42e08644d2e9035f52bffc56bf1fa94,0x6a43c295536d57129e9617690003232cf38ce5a1,,
80d2a6a5-c58b-48d0-b7a1-964f6453dce4,2026-08-30 09:54:19,2026-08-30,5da277e1-31b3-4d38-8ae4-6a1edc188a12,COLLECTIBLE_TYPE,11193,Lady Deadpool,COMMON,3.00,0x71c72a3dd6e632d0aff4732832164acedc7edaa4,0x6a43c295536d57129e9617690003232cf38ce5a1,,
33cee1a8-9baf-43c9-b56e-34d1ea9078ee,2026-08-30 09:53:56,2026-08-30,5da277e1-31b3-4d38-8ae4-6a1edc188a12,COLLECTIBLE_TYPE,8105,Lady Deadpool,COMMON,3.00,0x06067ba3baac030c2d7fe532710fe6205a36864d,0x6a43c295536d57129e9617690003232cf38ce5a1,,
57e9fdb6-93e8-40f7-8f31-dde459be14e4,2026-08-30 09:53:45,2026-08-30,5da277e1-31b3-4d38-8ae4-6a1edc188a12,COLLECTIBLE_TYPE,6947,Lady Deadpool,COMMON,3.00,0xb0dd8e2e3140cec3489248ebfec747fb861f77c8,0x6a43c295536d57129e9617690003232cf38ce5a1,jayroc7903,
23d96943-1cea-44b2-a9f7-53e8dfda92f2,2026-08-30 09:53:32,2026-08-30,5da277e1-31b3-4d38-8ae4-6a1edc188a12,COLLECTIBLE_TYPE,5523,Lady Deadpool,COMMON,3.00,0xee8abe59d2a1b0f3adfb5e8905a230709acff8a1,0x6a43c295536d57129e9617690003232cf38ce5a1,,
97fe39af-b51d-4a11-aec7-7bb5a81f2bef,2026-08-30 09:53:02,2026-08-30,32cf9730-e895-4be0-9feb-a88cc4002463,COLLECTIBLE_TYPE,971,BAM!,COMMON,1.00,0x7bf630546baca53b482d8a49bf04199dc55a399b,0x6a43c295536d57129e9617690003232cf38ce5a1,,
65cb8ce4-3c1f-435e-9296-b7ad2468c34c,2026-08-30 09:52:33,2026-08-30,ec460953-de8a-4649-8a68-666bb2f2168b,COLLECTIBLE_TYPE,1518,Weakest Hunter - Frame,COMMON,1.50,0x741a844ef54e7571da85fd9355cab541319f05fd,0x6a43c295536d57129e9617690003232cf38ce5a1,,
2f719970-4ff1-4671-b74c-afd682a70cfb,2026-08-30 09:52:24,2026-08-30,a135bb09-a1d3-405a-aaa4-9ad6b7073c18,COMIC_COVER,3627,Marvel Super Hero Secret Wars,COMMON,8.99,0x106692793dcde515f0af21b14c41e8c485098a72,0x53861bc57546c0cee95a67d939b0937ee82945c0,stephenduarte,
f9be1890-73d9-4039-9a4d-e75ba121feac,2026-08-30 09:51:03,2026-08-30,8854d1aa-b535-4a8d-9a7f-1392b8581136,COLLECTIBLE_TYPE,5995,John F. Walker,UNCOMMON,1.90,0xc5f8eb83ed1d4749b3eb7328f2c808573c09d154,0x6a43c295536d57129e9617690003232cf38ce5a1,,
cba1ba38-95d3-44f1-a9c9-0f56d7279dde,2026-08-30 09:51:03,2026-08-30,7a1915b8-4d3f-4056-b46e-549ec8f540c0,COMIC_COVER,1583,Marvel Premiere,UNCOMMON,3.00,0x7e83c3cb90d4e7cde15a168206907306eeed77ad,0x53861bc57546c0cee95a67d939b0937ee82945c0,,
41302b44-1641-4288-b519-3439fe79156a,2026-08-30 09:50:51,2026-08-30,1dfb72cd-f436-4144-bbff-c1b702720093,COMIC_COVER,163,Secret Empire,RARE,6.99,0x68d3d4ad2c5a036812ff284d6363512c82b8060b,0x0efbd11f7745ad1f175ca77ac9a729c873eeea38,,
86787081-3b74-4594-b794-534c15629c3a,2026-08-30 09:47:18,2026-08-30,eb028fbf-f574-4e26-a6aa-c0c00b964eaf,COMIC_COVER,951,Marvel & Disney: What If…? Donald Duck Became Thor,RARE,39.00,0xa27826d1da4fdf2e36acf424bc0d833dfad84256,0x53861bc57546c0cee95a67d939b0937ee82945c0,,
e13aae67-fd20-4a5a-a3a7-53d33411c68a,2026-08-30 09:45:36,2026-08-30,31534b1b-bf3b-46e9-b65e-708653200e05,COMIC_COVER,4205,Journey Into Mystery,RARE,7.99,0x76dd0009fe9998f42e0cb6f00338c2e2264d670a,0x53861bc57546c0cee95a67d939b0937ee82945c0,ScarySeaMonster,
b3151221-78b9-4b70-8a22-033c8bff7185,2026-08-30 09:44:55,2026-08-30,09081c27-09ed-4245-9521-5d864831e0bc,COLLECTIBLE_TYPE,3113,Winking Santa,UNCOMMON,1.30,0xf89617ce514894f8f3d73225c9c3da19d17bb04d,0x1b7ea6b0eebc1e8b65bff1879463e69242ca4c31,,
4894afa1-aa11-4f4e-ba21-2a07d6186acc,2026-08-30 09:44:53,2026-08-30,09081c27-09ed-4245-9521-5d864831e0bc,COLLECTIBLE_TYPE,1629,Winking Santa,UNCOMMON,1.30,0xf89617ce514894f8f3d73225c9c3da19d17bb04d,0x1b7ea6b0eebc1e8b65bff1879463e69242ca4c31,,
2a2949bd-3dcd-45b8-9b4b-4533be6f14c3,2026-08-30 09:44:50,2026-08-30,09081c27-09ed-4245-9521-5d864831e0bc,COLLECTIBLE_TYPE,2034,Winking Santa,UNCOMMON,1.30,0xf89617ce514894f8f3d73225c9c3da19d17bb04d,0x1b7ea6b0eebc1e8b65bff1879463e69242ca4c31,,
37df4cab-cb5f-4e91-8494-796a948e16fa,2026-08-30 09:44:01,2026-08-30,c06e95a7-0837-452f-b7f0-7d44e402f92b,COMIC_COVER,89,Star Wars: Phantom Menace 25th Anniversary Special,COMMON,4.00,0xdda70a5c25d72be0ea7b8f2b45b21c44feceedc7,0xba325d7fe740e4b77dfa99ed936db6fd049521ce,,
da271989-6085-4ff3-8530-8e85352a06cf,2026-08-30 09:43:58,2026-08-30,32b57898-0886-4a12-ae1d-585bdec35dd8,COMIC_COVER,1902,Incredible Hulk,RARE,12.99,0x295f718151685c3377c4ea13e52617af2adb9571,0x53861bc57546c0cee95a67d939b0937ee82945c0,,
bc8b4843-1cf9-4109-8b3c-d9e195094e51,2026-08-30 09:42:51,2026-08-30,0bcd0d5d-0bbc-4f38-8827-8b79312baa81,COMIC_COVER,8915,Captain America,ULTRA_RARE,135.00,0x3b08cb991dcc9c610c714598a574ac1eb1b9ad76,0x4928bcede8e5c962a935ccff8946f57957f18b0f,,
4dfa67f6-c940-483e-827a-6908fdebfcaf,2026-08-30 09:42:32,2026-08-30,0bcd0d5d-0bbc-4f38-8827-8b79312baa81,COMIC_COVER,9044,Captain America,ULTRA_RARE,135.00,0xbba00fd31db4fef272a745e7e32773a89c078c6c,0x4928bcede8e5c962a935ccff8946f57957f18b0f,,
83d624ec-8894-408e-bb7e-4d0453c3fb8a,2026-08-30 09:33:58,2026-08-30,67a4e2a0-9d20-4d47-ab29-0122379f7610,COMIC_COVER,2096,Daredevil,RARE,43.44,0x32aa90337734c0445e2191d20e061ca3d6bde80f,0x53861bc57546c0cee95a67d939b0937ee82945c0,,
d6aeaaba-8b9c-41a9-a13b-a1e8ae2ef2ba,2026-08-30 09:28:23,2026-08-30,2641f79e-8ce8-4b3f-9806-de801d475c14,COMIC_COVER,3598,Captain America,COMMON,58.00,0xc037b48d264a75d75cd6943b0d2a237bfd645fed,0x4dad8c9bbc92851f617b34a0a7d7d1a487f10349,,
71328d3a-317f-4639-be3e-513360b30aa9,2026-08-30 09:23:54,2026-08-30,2641f79e-8ce8-4b3f-9806-de801d475c14,COMIC_COVER,6374,Captain America,COMMON,58.00,0x921bb39ea576f0551fb8210f7ea206dcbd2792ad,0x09dc02467fd0d07ffc3f107b194aa74d867c4fee,,
c8bf7c8c-c2e0-45a5-b3e4-d6df8e2162f8,2026-08-30 09:17:19,2026-08-30,e7304969-5528-4518-bcc2-ed85cbc33290,COMIC_COVER,11819,Spider-Man,COMMON,2.90,0x7e83c3cb90d4e7cde15a168206907306eeed77ad,0x53861bc57546c0cee95a67d939b0937ee82945c0,,
d105f566-07d9-443e-ad26-19fb8cceda50,2026-08-30 09:15:23,2026-08-30,c5306415-52d9-4faf-b1e9-58904a894fce,COMIC_COVER,8132,The X-men,UNCOMMON,4.00,0xc037b48d264a75d75cd6943b0d2a237bfd645fed,0x53861bc57546c0cee95a67d939b0937ee82945c0,,
af3eaf08-27af-4f31-8bed-4fb038f3d4eb,2026-08-30 09:15:16,2026-08-30,ed500607-1c6a-490b-8046-6ee099df0482,COMIC_COVER,6462,The X-men,COMMON,2.99,0xda8eda62175d1a2b3e3f860fa0138a9a773b9c0c,0x53861bc57546c0cee95a67d939b0937ee82945c0,,
3bb8077f-b4a6-418a-9d41-db5cc45d81b5,2026-08-30 09:13:15,2026-08-30,112a3e78-8561-4d4d-bc32-609282ea6981,COMIC_COVER,2922,Fantastic Four,COMMON,4.29,0x93365222c1bbe3b5853c0ca6234f130899bc2760,0x53861bc57546c0cee95a67d939b0937ee82945c0,,
7147bdfc-9805-4496-b1b8-2422fc22751d,2026-08-30 09:13:07,2026-08-30,112a3e78-8561-4d4d-bc32-609282ea6981,COMIC_COVER,2952,Fantastic Four,COMMON,4.29,0x86652b9f81c52d2bf5152ef297dda790dba57c38,0x53861bc57546c0cee95a67d939b0937ee82945c0,,
68222aa0-8642-4639-afe5-648098360b79,2026-08-30 09:10:32,2026-08-30,0835a0a7-4283-4f92-be23-32716e5e58dc,COMIC_COVER,13617,Tales to Astonish,COMMON,2.00,0xf7fb1f9f8a99ad762d036b21b0c1c0f8283441bb,0x53861bc57546c0cee95a67d939b0937ee82945c0,,
2e8426b8-f2a6-4de0-9cda-8be9e3db57f2,2026-08-30 09:10:09,2026-08-30,478f3177-678d-485e-bafd-2577f3c48f73,COMIC_COVER,58304,The Amazing Spider-Man,UNCOMMON,3.99,0xf5e0875377e6448f713a5067a81967b9043887d9,0x53861bc57546c0cee95a67d939b0937ee82945c0,,
f6e42ffe-3dcf-4ded-9af2-69734763c3f6,2026-08-30 09:09:15,2026-08-30,b1d1f0f2-15c8-481a-bd6d-5d3b937a69d0,COMIC_COVER,5146,The Amazing Spider-Man,UNCOMMON,7.75,0xc6a21c6c56bc5348fe768231de0759ae27fddab6,0x53861bc57546c0cee95a67d939b0937ee82945c0,,
a6d7e50e-dbe2-49fe-8cc4-62ebc9d16000,2026-08-30 08:59:39,2026-08-30,e63b7663-bf23-469f-938d-51027eb52ace,COMIC_COVER,6240,Marvel Premiere,COMMON,2.30,0x7e83c3cb90d4e7cde15a168206907306eeed77ad,0x53861bc57546c0cee95a67d939b0937ee82945c0,,
3998e982-90b9-442f-8576-5bf8426c5c66,2026-08-30 08:56:01,2026-08-30,f1efa276-6ab9-4b33-88b0-a49114e5cd04,COLLECTIBLE_TYPE,162,M.Bison - SF 30th Anniversary,SECRET_RARE,85.00,0xadd3427724e34563d24e4a43f28fa1697a8e1b53,0x492504984b6f4e7fc3d442f06476003d0babc4c6,,
bb931f91-0f82-4d95-b82d-ba3e7d0b4ba1,2026-08-30 08:54:47,2026-08-30,68649d9c-b610-4ac0-a07a-f14a1fca6585,COLLECTIBLE_TYPE,361,Raphael - Classic,COMMON,7.65,0x295f718151685c3377c4ea13e52617af2adb9571,0x28e18208731cb49c9c0b2256aafc03183e08c5f7,,
c9cfa859-190f-48f3-b9ab-3ac5df8699a4,2026-08-30 08:54:01,2026-08-30,c00630d3-6aaa-412a-a9d3-ffe68fceba5a,COLLECTIBLE_TYPE,447,Donatello - Classic,COMMON,7.77,0x7fe04c9f42e06bc90eb2d9d8b7e691dd9bbf8b95,0x28e18208731cb49c9c0b2256aafc03183e08c5f7,,
8869c777-9775-467d-ac43-32eb098f34eb,2026-08-30 08:52:55,2026-08-30,12ec6e39-5acf-456c-a4d3-b3cd71e412c4,COLLECTIBLE_TYPE,76,Pluto,SECRET_RARE,299.00,0x53861bc57546c0cee95a67d939b0937ee82945c0,0x40ee1a2354242e5706ab98908175078baf2ba108,,
782fa6ba-068e-4749-adde-025cde51aa66,2026-08-30 08:50:24,2026-08-30,16e0d43f-4821-4e27-b2d6-09e48466ab3e,COLLECTIBLE_TYPE,542,WHAM!,UNCOMMON,1.05,0xd8fe2fc024653bbf136e067c46723e8924e16ba0,0x51266f8af0b734b8fa5861f7871fd9924c49b6ae,,
6276578f-1bdb-443d-9cf9-244ac1e4d842,2026-08-30 08:41:21,2026-08-30,05df9412-ca87-4492-8454-81f73a88c171,COLLECTIBLE_TYPE,3633,MOTOMICHI - Eyes,SECRET_RARE,15.99,0x62446aa25736bb7ce997aee1d29ea507a395cf6f,0x7008f25c6456655722504958454fabb4da087fdf,,
50e6b072-d5f7-4426-8fbb-8c059f7eb4a1,2026-08-30 08:41:18,2026-08-30,05df9412-ca87-4492-8454-81f73a88c171,COLLECTIBLE_TYPE,2413,MOTOMICHI - Eyes,SECRET_RARE,15.99,0xe37e59bbf5b436a019501a5acb17b0f01081cd2c,0x7008f25c6456655722504958454fabb4da087fdf,KcBmw,
901cb62a-d11f-43c7-b6ce-e78b212d847d,2026-08-30 08:38:17,2026-08-30,a494f556-ebcd-4252-b4ec-ccd52c331c5c,COLLECTIBLE_TYPE,707,Mickey,UNCOMMON,14.70,0xbf0e7fe9a88a9cbfdb99d0a633a5404314053a68,0xe37e59bbf5b436a019501a5acb17b0f01081cd2c,,KcBmw
1af209d2-4684-428e-84fd-855f096607f7,2026-08-30 08:37:59,2026-08-30,336b962c-792c-487d-bf8b-f8868302f8d6,COLLECTIBLE_TYPE,203,MYO - Blue,ULTRA_RARE,60.00,0x66e3d5ffa80294c8822aad57f6a73e715ef8a169,0x7008f25c6456655722504958454fabb4da087fdf,,
eb379a17-3b05-4df3-ad06-968096ed09da,2026-08-30 08:37:57,2026-08-30,336b962c-792c-487d-bf8b-f8868302f8d6,COLLECTIBLE_TYPE,200,MYO - Blue,ULTRA_RARE,60.00,0xf14eb8b7e671d666af456a6866cf04764e9e2995,0x7008f25c6456655722504958454fabb4da087fdf,,
d2df3397-bdda-4133-9c16-7ce57cae44e0,2026-08-30 08:37:54,2026-08-30,336b962c-792c-487d-bf8b-f8868302f8d6,COLLECTIBLE_TYPE,234,MYO - Blue,ULTRA_RARE,60.00,0x25941f6e1ad31eae02fbf6f97716c8337ad0fa00,0x7008f25c6456655722504958454fabb4da087fdf,,
191d14cc-bdc0-44d6-a307-83fd5f13d531,2026-08-30 08:37:47,2026-08-30,205f1c9a-35f5-4a86-acc6-c968b286398f,COLLECTIBLE_TYPE,280,MYO - Pink,ULTRA_RARE,40.00,0x616b0bd2ea19f3553a40914a09084ba936345530,0x7008f25c6456655722504958454fabb4da087fdf,,
36bcf1e7-dcbe-42b6-9008-70e0f92ca23c,2026-08-30 08:37:44,2026-08-30,205f1c9a-35f5-4a86-acc6-c968b286398f,COLLECTIBLE_TYPE,149,MYO - Pink,ULTRA_RARE,40.00,0x4187e4287acce37f6dc1446072146a9c9cb48989,0x7008f25c6456655722504958454fabb4da087fdf,,
2c00f8a9-c4a9-4f6b-a93b-fa7276e07739,2026-08-30 08:33:54,2026-08-30,8b48c674-fb99-4797-a8f3-997ec02b6ae2,COLLECTIBLE_TYPE,843,‘Nuff Said!,SECRET_RARE,79.00,0x32a80a79d715b99297f10939baea7f78d8e6a3e8,0x302746f315498b1575ce009d6fd2a3604ba09790,,
aac4499e-438b-4bf4-b1c3-0c324b1cdf13,2026-08-30 08:33:27,2026-08-30,05df9412-ca87-4492-8454-81f73a88c171,COLLECTIBLE_TYPE,4885,MOTOMICHI - Eyes,SECRET_RARE,15.99,0xf14eb8b7e671d666af456a6866cf04764e9e2995,0x7008f25c6456655722504958454fabb4da087fdf,,
4c352fd6-a600-4a99-852b-1fe3ea21c907,2026-08-30 08:33:25,2026-08-30,05df9412-ca87-4492-8454-81f73a88c171,COLLECTIBLE_TYPE,4943,MOTOMICHI - Eyes,SECRET_RARE,15.99,0x98ab3715d5a6684f29ea72e15a15f733a5965149,0x7008f25c6456655722504958454fabb4da087fdf,,
a665776c-cc7d-4cd1-94a3-a574969c3900,2026-08-30 08:33:23,2026-08-30,05df9412-ca87-4492-8454-81f73a88c171,COLLECTIBLE_TYPE,4976,MOTOMICHI - Eyes,SECRET_RARE,15.99,0xa56b04233ff9bd76a11666fb7e8954bc622d494a,0x7008f25c6456655722504958454fabb4da087fdf,,
85508f01-7ed2-4e7c-9365-3bfc9921452a,2026-08-30 08:33:20,2026-08-30,05df9412-ca87-4492-8454-81f73a88c171,COLLECTIBLE_TYPE,5274,MOTOMICHI - Eyes,SECRET_RARE,15.99,0xa56b04233ff9bd76a11666fb7e8954bc622d494a,0x7008f25c6456655722504958454fabb4da087fdf,,
2b9515a5-f22d-4edd-b8eb-3ff3a83d0af2,2026-08-30 08:33:18,2026-08-30,05df9412-ca87-4492-8454-81f73a88c171,COLLECTIBLE_TYPE,3335,MOTOMICHI - Eyes,SECRET_RARE,15.99,0xe3dfcb781d03e048559cd784c3b02fb6ac04992e,0x7008f25c6456655722504958454fabb4da087fdf,g5551212,
00632a04-04a6-4079-a218-386d0a721180,2026-08-30 08:33:16,2026-08-30,05df9412-ca87-4492-8454-81f73a88c171,COLLECTIBLE_TYPE,2557,MOTOMICHI - Eyes,SECRET_RARE,15.99,0x1c47595b190e9d76b6a1fecf44a7e2364bf766cc,0x7008f25c6456655722504958454fabb4da087fdf,,
aab53fe6-0c7e-49ac-9776-a6150c873711,2026-08-30 08:33:11,2026-08-30,05df9412-ca87-4492-8454-81f73a88c171,COLLECTIBLE_TYPE,3669,MOTOMICHI - Eyes,SECRET_RARE,15.99,0xe6e9d9c77c0bc351a53086a568cd9d9663fe1a9a,0x7008f25c6456655722504958454fabb4da087fdf,,
bfddb37a-33bb-4929-8250-2ef7b55d7cbd,2026-08-30 08:20:48,2026-08-30,2c6899fc-abc0-4e55-a826-0dcdb62d646a,COMIC_COVER,773,Avengers,UNCOMMON,4.75,0x94e98f290895e30d03c0f95f61b2348f7480a4e9,0x3298eba1145d24dbbb5de9c56e2c8ad91f6daa55,Stepanovni,
